ethanol,ammonia,h2s,shelf_life_hours
72.81003779023851,10.966467110177591,0.977574094633904,40.82333943374521
47.75576036458507,7.268596647266848,1.008304245350331,54.99412609376113
132.83781456016465,1.5562647485363568,2.7592383599528185,48.08510643404575
80.34532164496062,6.901878401735259,5.180151898392366,37.19157085715835
123.60173683653359,5.551629363534799,2.806782592417438,37.68591456971452
39.91475894833876,18.992791508474184,14.343051449180061,24.796194246787273
4.306788577451814,4.818800260317807,2.657239331621315,61.638771135562784
36.92987290661654,73.92780547249065,1.443535989167751,35.044191637848606
29.330086870228023,23.985989893529123,12.030969071917795,26.96019748611002
105.68121431407401,62.06896997741029,9.428953549808218,6.437395584738558
55.19660981311802,22.3776556432523,24.24619497779608,13.302866540123063
23.017768656741346,4.742409121253208,1.5237345879828013,58.55933817491466
100.21316409195325,78.58497322903703,6.000177523102246,12.38407195751638
63.03239467023282,17.356868660896573,0.978024290321831,43.47283591568119
37.26073713454173,8.768830368733873,26.199140801691136,31.591933934748685
20.271141256957748,17.715510010878273,7.207475964234245,44.87597207271633
40.71933896343807,62.08155882132062,5.0553942514249925,30.397144710773727
87.36056595340591,8.188681773462323,23.952048443530426,21.234798116937135
118.36995457246208,64.26403081304622,16.980219198984468,0.0
13.65354049864062,63.52164687994137,6.806395026556911,36.19442948171408
139.54127111942188,9.89043664483171,2.4642901994258786,39.54890534162725
24.79378675393854,10.69673787132478,3.5803718513137905,53.24032680757859
13.428108372682129,20.856387589629296,19.59607554554718,26.988664827347083
40.109849037701984,44.68439470501063,3.5550688807001576,34.998769486720796
33.17451725643551,13.541037695826327,2.4724339360027985,53.020963190702844
36.17239089250005,44.79076176509072,10.683437554657093,17.717969303957943
51.363984583588106,0.7717033135615253,2.7027444189348353,51.00982272679638
22.156367266145725,9.35531989347645,5.619996585752617,47.61869259614337
49.98588366430653,56.256780752716026,24.241544958692316,11.59021657596082
25.272755895522497,8.361154671958118,9.533307150521209,39.11128047615452
4.282912479821527,20.44786565116662,11.730594043700522,45.95494269093304
17.85605796502514,5.388582127613634,2.085417014675892,58.67849711108607
46.13785952566972,5.956560333498251,16.422981527288744,27.28799447492668
10.655235201254165,1.2809885286606177,0.38233187096097154,72.0
22.96718277969782,21.325338974698138,2.4769831434092504,51.08059975287814
0.31895217032953393,32.44493539681418,0.5221950776132642,52.0636142585538
5.493155687039147,11.762517977242057,1.4229650682738244,64.69757824304928
4.832241714387614,10.686048021413999,2.2476884253841725,56.745788135814266
29.03495422771425,28.22462575042385,1.5510111951425545,47.87714366136548
6.300101393199714,18.87446832872908,3.7300554184209664,51.89324619258553
19.933151388615656,14.537707740601807,12.358190584686387,37.77573099664977
16.86062452031429,4.27527136045571,6.958190396668177,54.50306273314084
33.53825127215179,17.468173092596977,23.390547256599007,26.64003849337539
19.723969541942875,5.799624624592209,24.88795860743564,39.91414063710201
9.785632004982453,45.24383378695143,6.35914999765198,37.52027219842381
50.00528269322968,26.187445112847147,19.968073122621455,13.821721515695847
41.96692461780012,68.16252617283114,2.0233167559821235,37.838096161056384
33.09195949246893,18.251879165083228,18.00367634382837,24.488625702436465
75.26630021712823,35.26818636037767,28.002900656291224,7.841402237598913
10.215819169948514,52.09653242067908,4.106306883091962,38.10252029782637
39.8999017609612,29.66293430513649,7.039573942985027,33.330469820167664
11.230780592192597,10.177298903950494,2.412163231109094,54.66991770271708
99.18759594608238,16.042162699369992,8.215333551536517,24.837871198642887
43.305077268891736,4.526259011803687,3.395353273341133,50.75526320513634
35.354323863334905,48.833811670257774,15.830673620380654,12.01929754500283
40.64505045650388,16.173667708432635,10.715680213248145,31.79949065082861
119.18639081608444,5.811726005419085,25.29232579510553,19.15501186307429
20.136974237341537,22.230350335604772,11.04622111353287,34.43372292819617
0.4961910563917815,43.011201269304266,5.50951320744934,40.97898281470039
17.294152847647837,76.61565544397698,7.984570028737897,31.977135042831524
49.05589539339679,16.105137046017308,28.161938979993007,17.138980930813243
46.3097034215891,17.093267337763475,1.878989608700003,49.38073557972911
39.25947715742042,26.029859258691488,6.486887756150331,35.1566328884905
3.204735551808774,8.382207926986766,2.227555920443467,55.868644603687876
9.846285222671419,19.297303658131362,3.197407123534963,52.506512870514975
48.25076847272359,7.446908288069834,26.37892933542737,27.244738518095172
115.49411045673216,1.387268026776517,20.70440375862847,16.055852053515473
42.50663673425184,16.396223714346853,1.181988627312914,48.15280905849103
67.97978134950753,12.261960180201681,1.2931226853661943,44.419963638310584
53.479919986835014,16.918417466997166,7.662293088880812,35.53260044363101
22.738217127633053,7.222857895095294,1.294308680189042,60.47477269695691
9.223812656681968,18.796906109229774,6.559015294608625,49.84459666749567
126.08914729612401,19.89319287424596,22.60369431203729,13.146175051083326
52.34329553673882,18.803872306441647,7.900430630892523,35.96283593165515
29.182805592543602,60.28181089430735,25.007557876504126,18.231083306313216
103.35544335535795,56.419400564344066,24.48684470090486,0.0
29.121132910362324,1.8543157571230595,6.8646245777995505,49.033675759825265
106.43010646698302,50.22456680873063,6.150493249905736,15.488068702427418
125.12731169377459,30.80893748939548,2.712610734431302,27.134186883792477
54.33971785785609,13.261575001020384,0.785012772695123,46.925420112749876
38.90126215723266,31.86683131383064,2.2774854863955563,38.40642027220197
14.902610431972157,10.477627157167666,6.3732669907987,46.188151730639014
24.161603793771757,20.812236860486212,5.566290451387416,43.591394003985265
2.7380819411015667,2.487485356415392,2.7795069059877333,63.8363716750501
32.139753525315456,4.865741180080615,3.1660048422879017,56.2240115738858
62.654531119637724,9.942028378625858,7.162522040570915,32.80662667607651
3.4680650437582727,18.485286386417286,16.29636694343838,35.01408654281783
18.45265108804583,25.96813880357397,20.530268622914278,26.883969915957554
18.62666368797754,25.04695335905718,7.621972807940308,33.10834860609191
29.71209136542986,43.13321876877785,0.6901852618683648,40.76308700343415
123.06790115283903,8.706865384079787,4.309053180258432,36.329708686075655
41.42193354694954,13.587236442715845,17.336606586393394,24.99121199905275
39.81218047281936,8.257775134921165,13.612560022074678,28.840509619395853
105.39417338546374,59.7990670481406,6.992756161114721,16.13830310170667
24.515624470491414,3.948659310544203,1.8746543357280636,63.22683741903232
90.17936703333638,21.97480769396625,0.6932592431533697,38.655059867335524
27.76817754688156,67.75552210658019,0.2824180361125572,44.55026041321375
75.24138129765602,47.50299820307205,3.1998091926971366,20.615921124320817
19.14166973842176,9.536027052640222,2.1655774473771814,56.246585708878825
21.380066685166867,3.9409008958245146,26.45848308335253,37.13190047027094
18.98687024108244,18.057608233238465,3.4815767330815595,47.87335320701479
38.699568907638124,5.908150440236448,6.006305411632005,50.7401906615181
36.89484583478843,10.901230515547274,6.306619164969419,40.604621373719
9.555281134557248,43.14615114633611,4.1460184913056795,38.94006464554556
18.952024269151753,5.243474848464147,1.2258585618768896,64.18471609557403
77.70254488696243,7.812636424630062,14.350266692218591,15.785778971786353
47.5722412831546,12.903114605062168,10.590767669629013,32.133689630657436
27.584398390323084,30.280605666250825,3.325132533182642,44.024794321690955
3.134481081093293,11.784202754324937,5.35162461965843,51.36479027066215
42.556833575842845,8.977748574189928,5.516778322621865,44.24764645316791
26.497029346511646,16.300365383478283,6.260499922341389,44.22036076543857
48.03731513856777,78.40660221848049,17.67220653134422,6.430646904205226
88.31014335905844,16.55318372135622,6.386282213187926,29.927561490452185
31.619566216419372,38.061218225309325,24.971984769033348,15.198103841555875
46.63642416770066,17.004978087097598,1.71746153338806,44.99045600913789
16.264756701151555,21.545703270615068,22.926938344383167,23.319442143872234
62.90364088894249,14.130659529270767,3.2968987757181445,41.69932103951702
108.80862458546977,3.447470543258349,28.234821943895852,19.14146233667116
19.025885493494727,74.4031229010081,4.3705111800379886,37.23631019898662
67.26091129022745,62.06441958233961,5.060395556948446,28.49699474632079
103.07506023881423,51.51446370277503,5.71298241462193,17.387495617258732
36.87506240548742,11.718338170536505,10.636921175100435,35.658209890031735
49.745391132321764,77.29625688260113,25.767413378770087,8.138402673125405
30.591551005161072,16.80371717331018,3.8878542765128223,45.61417526275576
48.70972219081786,13.445945578732694,4.814478470855845,43.76321489872421
27.322927086406217,14.827648877804114,17.167384204955653,30.160140789726906
7.722987361166189,53.775573948478105,3.646946972815476,34.92285586012145
128.9673613792756,5.967222035782441,5.6207314554548455,36.69626944753522
8.011280048825315,0.5776713196870065,7.77193645178571,60.61494976139901
115.36564764056205,7.9543802377175785,11.092317728932713,23.195384486373037
147.99144327823802,8.52291022980226,7.867320922131423,33.84408147214288
127.25225917625444,14.05706256918807,7.765712435370677,28.873002046111583
3.101838181439076,37.52342923842043,1.7390808342181945,47.94017875236306
35.32378632434506,1.8404565383420417,2.282554890304299,58.17954447120439
46.80882820832526,2.439479239406736,2.4408971174272738,58.09223997960441
124.81617990286962,11.760806191581032,20.042526731273398,13.490083187446743
15.764516891530517,56.01406620560964,1.369485787229742,45.77463716020779
11.491336289880921,4.708671832236252,5.005136548415022,51.72749077811734
40.89171080875108,11.928244184892081,7.431118613244142,39.939576962144095
80.98471167532799,8.079744620794834,29.477663673783262,19.606437425733088
58.57942848994895,9.20936268961835,1.2500665412611651,49.8041699474751
66.41849640563588,23.7900890624947,4.760078220147208,32.73827384656654
21.304169194518575,2.249181971524022,5.531833457932633,54.33040828761701
82.31940653243362,42.99480309106248,22.347720796018653,0.0
28.287247530664462,44.50449019437152,24.033974721057263,11.905171818196806
57.608472676550726,3.827836144304961,1.8954870353798592,51.624554334753455
20.82522159519395,30.948227890729445,6.189121243196275,38.040693267467795
43.48479424258169,65.44522073528897,4.575608812953583,28.96756380884576
48.29183344037918,9.311723472802708,6.264068319505281,42.2846646586032
2.0541182477777644,11.782370713332918,7.0739099606772475,48.91475229055448
4.972069637967258,75.77816610505033,4.8252892810950145,37.57893672991004
28.256659179460446,64.71811353085381,5.305029905953497,31.76983942404074
123.81507548416897,17.055659417649778,7.9229961837376965,26.727448295736163
22.77833909950544,4.244815988773684,7.74728630952921,46.592288264968026
143.1944139654372,38.93416004600725,7.794766599818292,11.255378457278965
11.784126728794247,3.526242256246004,6.385874510990511,55.23726778777844
18.318092164684586,6.427866575103625,0.620551258097076,58.97120068835558
17.88991326627209,22.583525342669866,0.7564878021397439,50.70327815299309
99.56539208832471,5.376786786626312,2.4664088309456673,42.58376758814341
49.771075646272806,0.8997457217166965,3.5755042989207064,53.189224941502076
8.288727008163788,20.98427158844726,23.681836656546807,29.912620344816364
18.5236051395691,16.814179877365575,1.3516563288105488,55.58952869728596
83.64503518175101,10.484745949209733,25.294382550681227,17.73128385313172
44.50026709087832,58.645584821335945,7.014715248601486,29.25924554797145
16.339735292888868,27.886272445617212,1.0259856451605192,44.60927135218707
17.402597773866024,20.90923232525216,0.3167645743926224,52.9898226415331
10.538154971495311,10.633881858217093,7.498092878311004,45.30995458984403
36.90168082131852,19.543646470381862,4.16876855194203,45.27384670914016
80.54134985427514,15.181666752537199,11.945913170107254,14.81510735364661
22.896449721701394,7.446183709000545,3.893348936070721,62.19467170925646
84.31155164170094,63.22096830420563,0.48698132233120717,31.012643114090846
45.75303662586112,63.45263563354395,5.277955426155684,32.064309944096436
27.476444116186777,21.541428887426203,26.428824009393786,23.98096985094647
48.865395399575185,21.29592022047333,7.969223233605169,30.178306943048913
65.82830506993736,7.5930238397797165,5.685259016534853,37.728535063952926
65.49417853379359,9.593054367986362,15.823098669782688,18.30161977862062
11.022300212270947,17.943056368587285,1.9880186200181882,55.16263366366797
5.0582809806551605,43.41819614137435,7.886140846598507,38.39822584643981
55.713271934332994,2.3227915332425826,0.623795388174492,54.06137766421219
47.72829644294054,2.4609387250247696,4.651249254852531,47.14344245886682
25.576282040474652,46.60907627071485,2.0098041544985836,42.367826417509555
135.33464976087237,9.042270282506323,4.118506321455776,38.291398670998795
14.81788067566442,52.695720047903734,16.882875990027834,13.320144358191587
8.41018278832591,20.564593304035807,1.7924192962588004,56.77504433612089
21.06785011385351,28.412807894948802,7.673908677203803,36.495750577428964
28.7796714320041,11.184495565951686,2.670198338156525,50.803299665089526
16.89975784257679,15.135009298833605,2.4323621570864606,56.12274823821866
4.63127415256836,6.33874439829773,0.4807068219462769,71.1632430150972
110.3755143837613,17.23347055500207,19.761311200225602,11.052234769904071
84.39796363163703,22.624422044542033,21.936756940429596,12.175236532121371
41.57591665561118,75.70386670720015,3.9923316617690316,31.822826375810536
28.170418224192705,61.38122228709579,17.29955449566736,17.79431637359761
28.35081304933339,14.155120587678633,4.785062638025117,47.94282297607271
136.02478109774646,12.62791796176686,27.099873159714342,12.944851537864574
32.25750416504517,12.993562160931681,23.61779555001321,28.40621224733673
51.206993530061794,7.131949923521994,7.4972240506061265,37.665087877507155
38.312273638018944,79.46091697542965,6.024504370299201,29.212113907684035
32.29111931432421,28.13536270573308,6.28470467242336,42.64605024370262
76.48662578135713,63.18457115344374,29.73536686686974,0.0
100.03583603843902,34.16114375464233,7.612832551348386,17.03639594741136
103.19883182707818,4.8233609073198815,5.820659599159783,34.952547456494706
51.48561225075038,17.602141716058387,16.64078558084671,19.017125461566042
128.07327300286698,24.160232403085725,1.9614363227382574,32.454933639948216
31.23317844271319,10.884734903200336,7.904435685564074,41.678049489831224
33.38802958015765,10.07223947391577,3.5108402253440465,49.159438215185546
44.24275588480022,61.45606801599014,1.1640771651625688,33.21376995841973
71.1158037431927,15.861328493890076,21.15417088482738,15.212490841699266
25.296582715977923,32.12545557682726,2.121107229664343,45.853364069799326
26.169545568718323,36.960318898214226,7.778723012765464,30.87612539333469
32.28012885292058,37.427399096928966,2.9728407944068502,41.29055292922665
31.57293962915103,4.993212978060124,3.218196992188517,57.37317963037218
107.42935397085736,10.093915261958664,26.670755375231092,18.468430529077963
33.09844723969343,46.54614481828665,0.6851573269924858,36.27097431314922
109.5355722510312,55.01776169730858,4.981545940959804,14.275521338023704
22.76100745409006,14.389428142460506,0.8916971166681344,63.26519226403998
43.65215735076017,12.977293258493205,6.235386913180583,45.4894326304314
11.416562618430543,11.309354425582516,24.45213264606926,34.84590537674549
42.22746992675352,77.27113619085146,5.280936769001232,28.111629774729625
22.569351216483774,9.06542378963655,15.831063966054948,31.241651327984403
119.62214361212725,2.7140786175702343,9.361178739618465,28.747964626402748
20.592045707363425,18.873293326805957,16.949955344683886,28.53838948914112
78.73303332276495,7.058158768298561,15.653833892052518,19.20979902587956
81.1777646805022,12.110636770859976,5.8998117751919095,37.541681278340086
98.18372535762582,35.3806915134179,2.5173745816904667,25.531130477446066
6.274314839957534,13.525757226570287,24.491325104811786,35.374663371248914
9.624657531791353,12.986319162938909,1.915974660008068,55.05904346659628
2.2575682206145977,7.178806585940717,18.79088233601444,36.96657560647858
0.8100198669733605,78.45158798544337,5.934503274132121,40.01936783765501
110.49500131477043,1.7794199715919197,2.391353274272615,44.816768873248066
34.85831271451752,68.8797877404183,6.369204064184594,28.24889365640859
3.308259441722022,21.910731871060875,2.4611008648007173,53.23430722737838
72.16473146175592,38.14697687323934,6.662056446968301,19.801900743050222
114.37706081012446,23.706113393061713,0.798862595776205,38.975235358212124
48.251345533325626,14.623402958476195,1.110533457946567,52.6076594691727
15.237554769306666,31.305629166219706,0.5220938965012722,49.41480212928032
19.709524729995398,1.7150246223786414,2.1718747745529,57.64794720901048
21.27466672240377,48.107044344759,14.225820428635494,15.486524027915829
26.3047006625771,7.0510588697417775,7.084974587671577,47.317936546407964
78.61808707979074,17.5659866001671,3.693783345333528,29.493124846026337
25.471106407489486,0.9446055453061569,3.3297574460610155,59.072185588497206
58.92065588169638,3.47991533542214,9.544750302935977,38.0279363288302
137.15456807081264,34.035211124624155,16.28733970445723,3.372104248540646
68.62449382997747,19.09010897907488,5.754846654004185,33.35726285432355
34.836858268207536,6.655707157936705,12.056071451773931,36.34761254371742
16.844789588555344,24.76812638119013,5.034802947010988,45.91970666703635
27.585618600998345,19.844170175743848,4.24646342472333,50.07319058790359
39.484925357123956,70.80779729888943,12.721605596591218,18.89020005279261
32.19521267705653,17.315336085627518,7.413982170761346,42.7689927474452
2.5828678557320517,8.625516665261665,29.987032932846013,38.89665407364341
2.5311236134537065,29.852887890709894,4.094359333609529,48.47811210081867
15.19732006203619,12.10097350569621,0.0875789906509512,62.391200055432115
54.18803938387755,17.84786460209086,25.731643486223188,19.512932710352885
119.8635589431956,17.717607230341162,6.4508078064434695,29.837265146396657
69.5570647101523,23.983097612705343,5.8749663061887505,27.17279411534869
100.65499999085472,17.886274091228096,7.8459418018015805,24.604488261987278
34.85679029459046,18.50373484243977,1.1592707232493842,54.36680274828264
79.63480768805807,44.20033425717452,5.566628122897216,20.407091951458714
23.036680012083693,19.683145936434883,3.334725274082942,51.302680088671316
49.60678197392914,9.38102831242287,3.9182878244901307,45.31554486000609
31.673910991307363,13.217146341970492,3.214555256674619,45.978353836349996
99.5055945654585,13.656977619757098,7.0710837059132325,32.426089349326325
74.52793049743673,23.086900945459593,5.101691391093708,32.23559919297778
30.90641202289479,7.556234872829936,14.074701233568582,30.259011060039555
47.33781223461204,20.282221348650996,22.378283529678193,15.59021981732906
16.941174121140367,45.62212444812651,22.7991390710319,19.66394655056302
10.234005452864197,68.65157395696906,7.482955995237832,34.416911849950225
134.4950377272604,6.3054598317093005,4.9964600200967295,39.20732600763123
18.532107353344546,17.629724472933866,2.086684927864126,50.94970500061253
13.585879944908985,18.59342037381114,0.7669573976657471,57.34773737224171
28.9868557469886,19.067154261365214,3.4400944092327785,47.350948648760856
146.68655502933936,30.40713031304806,25.905876389994855,8.451346290350143
11.721280000575735,39.61755112495894,4.4855825397141285,34.3987273450731
144.77328040063054,8.624571142396958,6.5199951187648,36.248620492130584
126.075930838695,21.75357513879343,7.262896697387984,25.1296392543168
4.270124214543691,3.1403175880075516,6.2268981103562755,51.573064176173744
36.72219660377957,29.192011639477652,1.0366573434393818,40.68550014435867
8.591473017882922,11.967555021269638,4.9644212687590485,54.66025171636925
30.288962472634516,2.3555594686876846,7.849439625511804,50.02232531716381
90.71737385988753,7.038376002672359,6.611994898408063,36.77743981688733
19.1916475966522,41.08792322659849,2.3704971075763517,36.24819089168797
48.73452980242757,6.693791638488541,21.499339437086114,21.727840432465726
122.55682475599482,20.479112502405744,6.547076450875612,28.777798988388014
29.342055901043956,19.084531494589065,6.067573600060605,45.635329524174004
20.53413165051414,19.237134682889675,3.0422819866763184,49.12331716237998
106.57473065511459,3.741836614590027,6.882937877375454,32.58978086137491
40.12928397899064,3.9208424974090743,6.780942281830982,51.28756162749382
123.56426600113653,7.131591548538322,7.452669250482104,31.390707236971213
31.282539471363823,16.854984373571515,3.512806445994487,55.05222817103233
31.134477047489874,72.59558716510534,8.578379557253962,29.993796261892317
143.38587957857393,33.19732150463641,28.19839734075112,8.010661170328401
15.354387168012435,56.53225595143371,23.403566745891954,17.990570274081502
33.428632336145704,8.523397007854891,2.3652685747447855,51.86923903023707
48.287360490987375,16.657633078207308,4.495633140078949,47.31357105920235
131.01400907454612,64.20141511329624,23.285360252088687,0.0
23.564358369908227,4.106026680578862,1.2791788823515047,59.62909949101549
10.648208075445536,17.6398947444123,26.862891728199003,32.0629799730198
31.2074453924567,21.05623962998085,5.254296087715434,40.74679028704726
131.67933695743474,67.6008137453023,5.209347113016671,24.248517988563
39.706728086613616,1.4886034500624064,22.07599291116759,35.21198701848008
142.52646416569644,16.53259905717167,23.256579279862326,10.392197351355628
40.22186038397525,16.78258782733791,1.3415785832983493,44.39076443200063
29.38846804310991,27.940614826909563,7.229991445947129,35.64366108831151
43.413625270419026,21.11065832800217,4.213244929303641,43.9511230146889
40.15010359789186,12.225434508664856,4.586378960693312,46.28777818580625
101.83996266330652,19.466866622353894,2.721136165982057,33.869940639344776
25.55645696186149,18.291147597997202,1.0088798506944512,51.22334000189112
37.08136437259444,8.058332795011841,17.142863416381324,30.69463155296338
129.10040740654074,18.775824038440213,2.9106664627211476,33.01770518437217
24.30868270524415,6.277807170475152,0.6691447246661362,61.41868911622332
14.86189038543086,21.521375701086217,14.890772749447194,29.907103837983946
13.532197099088282,7.470076602081866,17.01647710259001,34.85846329809406
4.748263761418825,53.59094519353241,4.07057158792796,43.39848709182419
41.13002803298291,19.03618955317803,5.257705597347737,42.60492647917822
38.32636581108136,76.35116499745493,3.0486461651384458,40.89120972653277
36.843687247209104,18.134781153973613,7.5923318129330974,37.968335308800015
9.671767147824129,0.6218970503651361,5.8937731490112135,59.72853541684201
28.11484079389549,44.424540421533806,18.530965592403845,7.686539247162023
109.18079076633259,77.20033989106345,10.576069785079959,7.85504772218824
136.6855213027066,67.10873062121908,5.708216261636778,19.16711984610772
11.907332683284816,8.737129557702525,1.6756190002027207,58.956380025455175
28.30092124439105,17.723853085710548,3.3832530548313544,49.319811453121055
33.45770777674254,48.7623492439562,0.05536076467861406,45.61735366922163
7.579753740004969,66.12045369282251,0.09098692803718933,48.00572110971455
33.63823072062333,11.052593655194473,7.81942695265976,42.6877247161749
83.61653385795799,22.433474139219218,1.7944210145997967,38.028470473345244
35.70163222334282,14.804754510730456,7.823134863283675,38.59056066294107
142.46511054051808,8.397846127667238,16.441485790401615,14.832152517304834
127.2873936381853,8.721552419256827,7.856722540194304,33.799225197693666
38.008046489507954,1.509146087876434,29.553785008487306,37.31165949182855
109.31559955271342,19.75185317408187,2.1181017042618917,33.364153319683
27.640743785917454,20.63536093934527,16.24387762423143,25.047542085061373
47.35453335542596,13.88768380817614,5.383218881323186,39.70956868458974
118.58762750864646,50.176215206020956,24.904097508996788,0.0
38.22638973273588,40.247375408203524,1.9046974563565806,36.11720101464877
23.016452532138253,12.916360018215068,17.781777799465708,27.911782241931967
19.846163810079805,11.227198929214428,2.598356022906949,52.6722994577435
28.859333811165445,21.948539099990153,15.79029782603216,23.927807776195714
24.28171492066702,71.70978127409997,27.37008113408949,11.5963728256468
103.37254136714444,1.7329065342829213,3.914180159808672,44.43273211231099
25.793095135616404,37.91984436221812,0.08960892310588164,45.501060788843645
3.409330988273135,51.212349840579904,0.4642370167542458,43.230785204170886
87.60417911091565,11.732574909000176,22.85024191389263,16.38438705830664
85.30047509718364,0.9313470153549025,5.0668632957847635,38.64781683285816
39.446623588800364,22.69726501032082,7.250201916714826,33.223919137848114
0.6500961755368018,78.70285933506057,21.667277641806116,25.836424540460605
9.406057986188065,18.792926036962086,28.944790012922333,30.313275852260716
44.81181245730666,42.63266488941748,6.210939694392446,24.81019886657831
40.58848940450688,2.9045193752972738,2.2314824691015014,55.67554519807965
11.497730294554309,7.879682253849096,6.610330919498819,51.09087515320668
20.70705341078331,32.53036858622898,7.107606919459091,35.477044754670146
29.678762720714897,60.80327145491084,9.922292149949396,23.322836771524813
20.55567084974243,69.88690655096747,21.347267196173433,17.689100737544234
41.496979660622166,23.30669597095418,17.65328879325626,15.155058070634276
70.45043386927958,14.717293009085115,4.716674302026803,32.460270909817986
61.97599664321972,6.242026608483125,24.13493078812136,25.92805132059325
140.22456230962314,36.73971327345351,7.853191010306134,12.9064227332717
2.7483153419911033,39.036116820857885,3.3886190846537643,44.73100342913604
3.5855944423825505,10.659747369235628,10.210199390513528,45.16483849872699
77.06746059652893,7.876412415189985,2.9620382713794404,42.39188550721964
31.148329178174137,20.483653718044277,10.113149798843686,35.43131481617143
57.924960612992884,57.51352525425065,1.4414905546522672,30.620657928689024
49.49801161949726,8.396357896520804,7.487470169962619,41.637502442663305
49.14734397773504,3.037779238441654,9.148503611092162,38.51387194416692
23.535297365796872,15.718630645701776,2.6951694825181827,51.912441276094206
15.323173402141016,11.332493466163571,7.8325552270677825,43.311476641626065
48.49632626725954,9.556397866410116,5.099736470513036,43.90932705166709
1.0060860926537019,58.747130167073216,4.779865069846212,47.027937181195085
22.35277719032127,5.708270914832761,0.7391522314966856,63.85817903028821
19.361157060510347,14.74449001945196,13.581483765267201,34.113623309115184
37.763521024840394,7.39842419178853,8.789352999354678,41.87407647737523
93.86553813503745,35.56537048607439,23.321707964362137,3.673209714698783
44.86829328954659,53.29761906714006,5.693446157291098,24.30661936916855
130.13520582702486,71.72861525810939,4.286373169495553,26.54723620278348
99.35091826605999,6.792365404231482,0.2540783099238384,46.463155784089416
28.530487331941483,8.639521833717437,7.07777018204497,43.64570666902664
24.469626870329435,29.950436724526625,5.157573746808945,37.8065878190143
16.54490124263246,6.781714662079419,2.3753386534190524,59.08947461075201
35.348824372785806,22.95479433074335,2.1075472599003273,44.78946395962192
20.07308895445216,22.388003009520652,25.569656153065402,27.181957798466346
83.79699792404787,12.298509565233918,3.0487987967410364,35.81329447738846
5.2937159106564655,20.30598846521868,2.7107436126641664,57.802635315851
45.764497018963695,66.97856154327951,4.1567142266740555,25.616257187490838
101.25762159242117,59.42263602884524,0.4542459140504551,25.60906908124175
50.532419057106424,76.7844935321171,19.459295006678353,9.285622110494884
38.0503961747696,63.05462727459915,3.484894862577791,32.53847623045936
96.23284974592826,46.70040281165049,7.582902173079686,13.17792112694237
47.35764680031774,16.34474127091807,6.839021734460655,35.93289648659934
38.08990956888486,21.708099091259196,7.377558709074965,33.70526940978306
36.83972843550985,59.30470831035509,11.02065591693494,24.16420145023165
28.186855072269974,58.738444383667755,15.188031192925136,16.333175117555555
142.17266694516616,41.69827758979008,15.612375633073409,2.7508778039000115
86.71738144312921,21.303489096361893,0.6988785173131022,36.33609245226223
25.939531087168305,78.45527715691264,0.057543648062879704,43.096852779639825
37.86414891377504,13.33317106882341,3.8658892499612154,47.64275049556188
42.87811688306419,35.11516281780538,2.8779269560201852,35.08367538015817
2.997165043065414,39.26512016421222,4.471048912817247,40.51504205098089
106.55574832263869,10.446404663053285,4.24175238256795,36.95241852862929
49.17836032568315,6.322795138907178,0.9030705479347807,53.737117119220116
12.83236035930479,79.81062065791122,8.621416536621677,30.904758847524768
29.884116776172952,0.27409132828858374,3.774715710758887,56.15136951850613
100.47543235655417,15.125076533450827,7.948519994826522,29.73582850860118
37.098886475699295,29.204420492265534,6.718272284939124,34.54013204137204
138.50153245472586,22.940829773042754,18.31273743445493,9.31298796656762
131.1162603879132,25.525894206776304,1.1811234228204714,34.5265799326295
18.229686409877,30.735276680735044,6.263373223527161,37.85766288985775
0.25307919231093434,11.037967412771627,4.883289629549329,55.18759457430936
49.344797269414876,3.357424109879667,3.1049495257630033,51.885990750655985
133.69278328446237,9.766016370108478,7.308500446714423,29.883780043003515
28.061139414126245,71.73421745192167,2.7719981681347816,37.17717955607783
26.350381229076685,11.844003843468007,4.8651435390652,50.38124783436774
6.906264657012362,14.612650899582855,4.350218470719083,53.39997536708572
141.45844352217478,65.62024309035601,4.854462676819468,23.343728055381572
15.068893708207105,25.278691297349425,25.971712819983725,31.229201762297805
46.81403107344633,13.93362661791167,0.1554613792679831,55.363913764364504
39.36935133761664,23.91372271823016,1.9133980788932679,44.43968624371091
90.16531257643803,15.630208043573251,13.511139816860329,15.610675693995098
0.011351910912776875,59.50783111986624,5.830962344777307,41.27710290045134
4.776765691733409,19.85880823119188,5.710984362193447,53.4244912791249
17.363851951525376,48.27450617397152,0.7249954937617193,45.131545168523246
139.7795806392026,6.355625752062727,13.20344313001098,22.99601102369679
9.519089314851737,68.89687764035362,6.634676733057248,39.64222011480607
9.306794887667397,3.097014132389048,2.8376300649936725,62.30061303948414
125.39376844414241,7.554775673201297,4.33063087415843,41.026757925745336
4.3066069531840165,22.249115187522726,2.4239274453148374,51.57606081086821
14.420271890937286,15.038712659492653,0.7620965250036473,55.98800183390528
60.792455496499386,12.656293362433171,29.568326319292346,19.948576455748963
63.15653066393546,37.23123969082886,28.821910079536924,4.104809049560213
94.66887217446649,1.2480621415844773,7.34261643005756,35.45411607900517
24.718540552287905,24.40578141752436,4.066291517799394,46.473369841988145
4.567662136177791,6.830087651255812,18.257458812552635,39.02606197999773
102.06553537341115,67.95033886849893,13.234606997870753,2.472209744976258
122.04160690923429,23.100862310756366,0.4602142697172331,38.5369318183421
34.79495590844012,75.02244736173938,3.6754345471402488,34.24955226882755
69.34472280119374,7.614498677181225,6.810179095216838,39.019637976461865
32.210650799480895,23.193306994575096,6.378513152693001,37.72257741516274
27.952964247330108,24.48551284193999,6.561769581932225,35.86599756579907
9.834409865641152,60.55576862373522,6.729509640569977,34.232482854737846
14.092738738669997,20.52809065294311,3.6487831071355137,45.18557384889778
70.94067139499336,12.90582744839573,1.4492208584397694,43.07028476655989
13.84071538956529,15.793404420585272,1.299765092913919,57.27538171848536
87.63875377344753,5.679781329555403,0.10349513820284795,47.07223550864167
109.2984747755494,7.115747798482977,24.127038089614842,21.99329508236048
42.339250093487266,30.902526326070827,19.781427238040685,20.150534029059003
1.3553326168116553,10.280684065791512,5.947988952931463,53.33212902458561
77.09092232468711,0.24899353010758296,7.849956805459126,38.61404820048469
21.987024325395428,24.7480372818735,6.2338132086580424,42.629299562945775
3.450379630640815,7.497143501395123,3.468960682502127,58.005217393461145
2.6128939643011884,8.28730683137207,1.6654722048049937,62.41001553811251
38.315203555945004,0.4426111268309302,0.504208558652306,56.27298811554652
5.661561162956269,52.925203020673095,6.465346487300313,39.43542560154863
137.7489241731488,74.5222925210787,9.020099713900303,14.410488559355947
9.946488989751916,6.427045546284205,18.581860067260955,35.554352150567034
19.408496310326097,6.628725055425266,22.276885673478713,35.37763995950542
101.38758347782337,21.7511999151598,0.39110583604148186,34.784975672397465
25.783971384824888,23.487022192871887,7.405209655466076,40.503931147127226
18.604112748144797,24.18297930576478,2.7565458356701997,48.638522068602846
11.959005210796281,2.9115687222908027,1.099278961871935,66.38334321153712
43.155171293779674,58.88984948838542,1.7425966986291481,33.115137484429496
140.8437547872265,5.197208852624927,2.3383581268945264,44.02513197616196
46.830284614748074,1.0501441854702975,7.295805949454069,47.097629676032696
41.41246262186092,66.1954429836663,5.0450483772333055,26.88394818813103
47.230710973701164,11.847994022779798,7.665205982079052,38.20275032071668
22.404274364153824,21.86110970515399,0.7535396566650974,51.52152918307424
47.439524884595905,3.676747613758585,1.4498263134701608,57.25861430771501
90.0155272865399,79.02426743288865,7.065571574421812,12.8193216448826
51.1779876286642,16.7989035123728,5.564083811666199,41.04609105520909
104.34058521982641,39.10642895024583,6.5525750768920705,15.262192620463109
46.95342397251458,32.144105446431546,4.690214787356948,31.34454990332684
10.787033958822706,3.799063146955378,5.4914730552203235,58.333093412944315
41.423464972455854,44.89940524195196,26.96944212294647,9.70002098309043
142.77914793753155,70.58169405588366,16.137937103921526,0.0
49.62417510791876,1.4052389466555542,2.266871975699039,53.02907203547756
1.4623641517279573,20.42818205425362,0.07756134667499648,60.10714218763718
15.160409687983744,17.146362310037297,2.3419986014960514,52.78079521140018
39.954107288597726,65.60203980471883,29.849454840961776,6.523214785377284
28.714378754510548,17.45582474532825,0.10891317804880707,56.6323361854284
23.017913560096314,79.90384846024408,2.6246337431773323,41.67227865059949
17.91095206215364,23.77726698917691,3.115308340392832,48.56060500507296
128.32900924388665,64.11639384037125,16.073056480554005,0.0
107.39751750317419,2.8356856686460374,5.318375928243667,36.80243763862828
96.78491832920429,58.46027248829297,0.43672221640957254,28.325879556268788
42.34844271035303,23.37691539951172,2.6890438438651643,43.767867376556005
34.012534416518704,11.398654644216533,7.204623444505317,43.151382268465674
49.77844502453439,7.427928953196047,7.788636433613195,41.69218222772214
54.03252397209507,23.617726270635305,4.490952137746934,34.04162820736561
48.29161598591663,15.779355100225173,2.702724952598781,41.2399097678752
37.96462534592368,12.826735571585951,14.289092384218103,26.654287833117838
14.96977941858406,40.364597778241794,2.34728728015516,39.35298250106989
18.558621171881377,26.342787315222218,10.445663025870621,31.40536430297269
0.6547228294166818,11.390063437541553,5.7359908646649505,53.715545578340844
125.48725289085606,2.2752951720629246,10.815152155240167,29.858278519453645
2.877938000832214,14.354049990239574,6.811017642288463,48.9958723175309
116.37343606939385,53.93785178290305,12.33613432249992,6.931087480511078
108.92673387566671,30.113915204463517,4.626960184175083,23.24149150985489
24.432159520233288,44.53795345317764,5.823020976569386,31.295944798881873
42.9161469439429,13.772815998697144,1.161117546129125,50.02539363979645
61.53998582808282,52.01342458707478,22.37141673783037,6.846926126702351
121.20719922479304,22.055310295432836,7.684738302849434,23.620733833385984
117.40013710698535,31.393516397946588,27.822775507006504,0.0
142.79342012370216,23.215158239425488,5.189098953106309,28.712286072548007
46.81061231218449,71.1921901869772,1.4503397761113002,33.00484938183469
63.58861501275942,9.704525026141978,6.20169053787337,34.85368712360355
10.353790460542761,17.961036868388533,1.497975591509789,54.08829684534145
16.94303246693758,44.48213729188518,3.2232769308932205,39.36404903794826
6.516021658616794,20.738079137518866,19.595948868012076,33.315266085177704
38.99377729288119,65.27196580290737,3.0461405772617587,32.20056556559978
19.622255371131768,8.68493404375847,15.268150411913933,35.19257911125854
44.217171398564375,4.5120752017033166,0.3487166185376953,56.32436397770882
44.14574082593611,43.78531775203078,4.54919708943204,26.773006106133085
25.170863542742843,10.95079457836174,0.33183890315561904,55.25583066806266
14.978283897693695,0.20590603979900313,19.353345788099958,34.756310872942464
27.866858478650403,19.611038551768225,6.174905048004087,41.720065864458924
37.044160336099274,4.480246239025643,1.1089685069399176,59.5180084248696
4.00317012644828,5.735466912892834,3.758750561918778,60.22546159078998
47.772409571903374,2.5858791662190574,16.56594561895126,34.10574192536808
88.11468820347355,15.593556137488529,0.7762862280794005,40.239905735033865
20.483643464625956,23.941411859717437,23.66691465839694,25.618382495788886
21.319917840081125,26.267903089486556,2.364914881686768,49.60419080268063
13.54713491581827,14.000099730722958,5.582558744690482,49.83861587452206
13.52796282439957,7.031500509511865,5.674096750236001,50.06656434272131
12.173352203338005,76.8858845447113,2.0758051965745477,37.04735614678612
12.373149061657319,0.4208329965140367,0.04540090282166975,64.89080848318227
105.4806758273948,3.334715427331489,28.143723183469266,26.938058196332832
105.18287335341685,15.547079036373326,28.442183003645265,15.911645746023781
28.863951461656562,51.4938013914205,1.9964191377209604,37.083589569332275
5.2898260136399475,19.399347718747205,6.3229457989207,52.02697493972751
2.584086058430385,50.55980659375206,11.117578409755621,27.01910879685091
47.422665348107834,24.633617967182765,8.76731231971184,32.88148949256792
13.26630687777335,0.893709861646616,0.4773908826968576,66.26345207986733
13.284278243313175,14.905776996058751,0.36206651096441167,59.37139471411202
29.68303956042692,7.005410174764276,7.761231700733774,47.778485197783745
17.80483629489231,15.262829102304002,7.23914160398333,46.7044939255504
140.55821375731324,47.27483713823212,3.97600766587749,20.178177187056242
86.99988859599775,22.726023532855898,2.7810224115119544,32.35950395633198
0.443164255673445,24.94240546653034,16.246955192338902,28.773363685173873
38.97922367833767,9.709829509597173,23.341979187952234,27.39784092740585
14.607232426760907,3.7926653875974603,20.153029827741573,39.384893059880845
18.060802948790588,24.12207485409633,2.3673904885010657,46.6170837336961
40.28350764750266,25.896824598257766,3.3322051907164765,40.165265197928946
40.17688297313017,34.153764216435135,15.28289224785061,12.463171097299657
35.798611442369875,1.3995071215421595,4.824356554396384,52.556278716181374
34.64544555123838,50.5384180485712,9.244998647247645,23.374558632032596
2.8312778688779017,20.94322746556641,25.631468937396978,29.958200334420788
16.02816121804623,15.408908089975624,14.45784345221584,32.27636265478808
46.57722035532601,5.36145573310404,4.566200143730429,45.27888830050753
9.762030147824602,7.731721969804742,4.659800540432851,55.29802643168565
17.509326216598055,9.939796732766165,0.13292981381728453,59.85739482676316
4.978985677001447,19.965325398086275,28.146560998994453,31.585435868513652
6.974693032602092,10.718785208533857,12.081998801714965,39.338784770210644
94.2937121734436,3.926472102478468,25.574580920537844,18.492313261639936
49.706968061058376,23.465007894868187,5.165327289698757,37.351932702129666
30.160653104975214,68.15717894008827,3.7203532284663288,32.289401668170726
29.168438254857982,1.4499393118177106,6.149687270139314,52.28313939701801
35.10537270568963,18.989045847847706,0.9061526652713789,51.54389354687616
27.271593470345273,24.888731618489228,5.562464864748246,41.29580863102638
129.1640072183063,12.40082224853537,15.915400990032866,14.048999085953962
94.86325916177341,49.3145659454142,13.250293185122782,4.834131124691831
31.95599689077502,54.90846044614297,18.01808949824058,6.565435505309438
20.556363912968962,37.64942873102949,3.577925665828073,40.62556565667338
19.16985705291295,12.506612686936547,9.029420716894707,43.718786180280354
16.264530918087388,10.416752080159261,0.8333658132963064,57.377352406743064
43.694503878125765,15.721514633612554,22.959473543543538,21.056640725450066
20.630883845571326,79.27265785620567,6.3795913606104815,30.615434945396846
9.789556739464821,10.00373884764613,4.687233885020351,54.72275648179804
6.635787702153017,5.9424690076557205,20.724952894959024,38.70697163745259
18.241123510389933,4.649080601453296,3.258750017361498,57.63479768540871
135.89863910321168,13.561145151930171,0.1520592002053709,48.02709720220688
31.81871407666872,5.953051785693739,3.612225719032695,55.88077083016658
44.78449721333082,30.058051202463247,5.353632039646124,32.799831497490565
6.101911742238942,18.388954956697926,0.8999836625110831,61.9012782892253
101.62478232000605,9.878122119364182,5.612816747760938,34.42491659788255
7.930255264653685,67.87185905593435,4.92390735474126,38.40116169818012
25.834919261313388,2.4764108553996995,3.760958128531751,59.92890269116113
4.096921951907307,55.29489789978879,5.453019986878214,36.681687505982495
6.7216713684775,30.9643989763194,12.089972377786987,28.754451692858577
7.001204877665884,22.45572982907075,0.45547965549850744,56.71615525664016
7.040147444633805,24.903631053104796,7.364928673805164,40.82380763770597
115.89427939347428,63.138419115477795,2.192382465583483,23.65922412795833
44.29888741180935,9.308445459634527,2.504543914500535,49.49023474789753
135.2538740855967,3.3349808794372353,5.152757547489485,38.11561269745
51.7957863750151,24.397333447397468,7.645596471350975,30.773494023965885
45.26909882096318,1.1376059447574027,6.569542066908912,47.26419298170197
149.02225346150738,19.95427006544613,28.308077809441222,13.311670060625516
22.12886729664077,48.404386374665975,2.1560516670918624,39.36318834614539
28.880654031856682,14.57173402980107,18.616676041862164,27.300860466059085
13.85062621629894,20.703129796422527,5.97321146270076,50.79357721578873
45.12065166430517,2.5968447569702624,3.2640818519802934,51.49051226598214
5.746649852978342,13.923802291604382,2.85878953331674,58.625874400632895
144.5774717008461,19.962399090097826,23.37227796125888,13.164364255720956
132.15776917608378,4.519398871018171,3.4172483291973945,44.046362734357984
11.520833105867496,19.127787760996245,0.2742810847456303,57.10717485621359
41.29661542750081,24.57905724778521,3.9294656034368245,38.18902972878138
108.61823540883414,6.614775869218229,27.582134778661203,15.083859447275305
36.33354960351616,0.14833741865141192,20.974963004397075,33.01907520611224
4.430235698483953,17.619895903304666,4.815399620855774,50.24983773771665
52.19865220393236,24.738702982371926,3.952580619465654,40.93133750989375
11.997445186181565,10.926952068936876,0.08725596254235857,59.875549149565906
37.4036589714766,5.928701830912556,9.75507035680731,40.16208966164434
40.381293478148756,1.3280156049750276,3.417398317384075,53.85021462556473
12.272723126946522,21.31841864329829,29.499530695264124,31.17457652376926
94.21561381128117,79.51965743097739,4.661749617064177,20.008433218613085
29.0233800496848,0.7001329868114609,15.816193057018824,35.50830245262623
17.27897929354065,7.835139036863908,0.896881233507357,59.83770633058278
6.574455994899081,12.649583228926586,1.2249082472458674,59.35972651279989
67.61944061642475,8.585764700487328,5.216113017351604,37.30829049765458
45.774414879402094,16.244768187815616,5.098509037337061,41.605592814693146
137.82524677323465,47.03602509751674,14.20140028711916,7.696485900835884
48.07083098210248,4.572191272413817,0.7339524070398182,53.361808655543854
28.36954720780367,20.437456413141668,29.954689158250993,20.45068828379837
47.037542961723055,5.752269801000989,24.76495717346974,29.696516352797985
6.146033923269378,79.70795714804888,7.660333643113119,34.356056444363425
2.8513457001809686,72.80505751892807,24.452858816217134,20.881843142688776
48.49549260809972,17.955949874532106,1.7598839611048893,46.03780418994918
61.74758988764929,4.660135351702777,3.248720337471254,46.42477975250382
17.095263905274514,61.62615171713739,4.846934780095107,40.972035493132715
14.0912501647736,11.780917182291192,2.932407505332722,59.366889893549775
4.145729069724058,15.99369280094199,20.725513636444386,29.015125378993016
147.58708627835367,2.851257442634969,5.22103708860179,37.275431357190094
57.257479804471075,10.58147856914573,1.050499489428402,51.148285638968446
44.124755253406825,27.558517298978778,6.588594218810457,31.860975677871913
36.74629236974471,9.084811985803166,6.928852490436337,44.84491981476301
9.748759995014462,6.418540033538733,1.5669856636798762,61.36733783099521
18.667658051591584,19.866553857349047,22.871373558607864,29.98710572842689
18.12798982795473,21.586078337758334,24.05750661950043,24.076058206700328
3.1145899065031344,19.59257471902438,1.752758581600923,52.84680938318777
27.13622216737981,58.33975181799722,2.355655142032937,44.83509207349211
2.854342804465743,19.15199997795553,2.632923303158618,49.73106010337345
21.948571035281805,23.88677476237911,0.654392910619598,49.29477303669797
0.27528995802104106,3.7698203958087873,0.8489076808291154,70.8596332858518
16.600035105883958,9.109207352502006,3.00047155290485,60.26015338309135
70.82318086082145,22.257729944364108,1.3202986441606672,35.58797661254038
21.3770927679856,77.92452429193446,15.283644251359883,15.876350546629341
31.68916423736438,50.663749254116915,0.8036481849080657,38.479579071822194
24.306524260746205,17.253283698422305,15.524744477150069,29.548298406176677
20.888048963754986,19.105512096057716,8.254610542768093,37.84965915268433
37.02547606091593,20.078104154475966,19.36386515677034,23.06307601047084
8.705466766704218,68.81302510741074,22.83538768226903,20.84343414903803
37.913159796451126,23.013380780990687,6.700796540046162,34.72301300922779
4.2754265427234035,0.035643207188315595,15.690278475242625,41.87219640399107
40.40601897822085,17.473191523630422,4.75155242245487,43.515704609168026
67.12734106662396,54.758900643923894,13.32665673383882,4.555836101664319
48.22383269504058,65.2732137613239,7.292585121101584,24.84019873487946
35.65071459308704,14.75633413149236,3.299230053892738,46.59503834902254
87.77968239094115,24.580399666343645,2.792832923596648,32.91157333687359
49.475266669216126,20.436910982623015,7.35872819190941,34.65797671402077
28.85999433672754,2.7774302211497623,17.150282636647457,33.24250722291259
43.6376919783064,52.88516447728946,28.56517740878525,6.072070075559288
20.42277907042413,58.25903866380656,29.238714617591057,14.614732509142002
2.0175413429849853,19.382893847009402,19.63219496549558,33.298406475540446
48.28852219421436,13.09982918661668,1.48576948400774,50.16771246187998
10.026236335016836,12.485114034506115,3.6328425858845437,56.855105947292195
4.650870463133749,16.299342848074016,4.617417562970741,49.02916926064513
42.03515140056,12.822065062739343,7.622597735489088,35.23731549276239
119.48207298717207,15.307834621173056,5.476768400930615,32.98813370915469
2.3890682340702685,42.75729692931989,20.325603939370346,20.65375108782067
16.02837930082495,2.601898910456174,6.018063411790608,56.63555152528043
127.69463883925212,2.575479861055152,19.634554232812704,22.189843372279327
1.2723879952875439,10.269427238107266,6.592794317068057,49.4192103417916
130.97885286881046,3.338956646587088,7.35921700527918,33.88995346715251
90.56193902554423,9.964991567961395,3.0607481160080363,38.46088632920934
17.560969367439043,61.423615113681414,4.417230556376293,35.31028434586276
84.23340824609907,23.31239686284349,1.878688393180263,29.645714851303698
142.57516930553055,12.387729433265957,0.38409492487354147,39.68423709037232
26.47668075112287,40.53223808652254,25.278139377643967,13.137186364430626
34.63129761130823,20.752922782703067,1.7649066534683406,47.06577986078711
39.506568686305414,49.112513279759824,22.52810457202252,9.42229557792924
16.68882985348989,4.766898668869787,10.861794581619986,43.79448468829213
139.4761987012495,1.6193049881300436,1.2679145854582288,44.5730042681181
75.25860066847241,20.559087845310763,19.82890757123364,13.844736154865473
6.818573779338488,21.579683709201404,6.4991619339683755,49.08609007679468
12.853134609460437,54.10459492500172,0.4609870534732945,49.17141579715121
6.78133080036567,16.66346138244222,3.6250707897613594,54.72217235349386
28.59979391417964,5.1112831558132505,0.14571224745582345,59.08045251499579
144.33572987098816,40.37403369765004,29.080051431462508,0.0
40.590335917544316,9.587725612318476,5.116590986656648,48.44536237070564
31.02368925259853,10.198384276357409,0.8203850073971726,56.77746167312399
4.683738391404624,15.741816296497182,19.385919717566,32.679416445593276
71.2027850502229,7.737039479871674,4.625636845412769,40.72497857473261
6.660496206831434,14.553034270495901,20.63922218954697,36.15087305010554
29.753896535012743,18.977274034900677,1.789805860026271,49.24636405920814
118.78986454790751,4.072902619132268,14.405917424476133,23.147669361833145
27.251345944846918,57.74209135138976,6.009332086364991,23.195670543865646
49.185579160457586,9.882312448766791,1.9250018138350855,48.624955765043055
42.77302920055036,7.0979349916107655,24.30185153486942,25.519062390681185
16.103376759786485,22.92554279701391,26.205049297636485,29.08018764057627
24.811961095040697,19.250761717537912,5.9222747221026815,45.84825774904182
121.41191409249159,22.55769933605247,1.1416028786348065,33.44849863666931
8.676225749325434,9.363403811276028,14.339778864043542,41.02513782948458
16.21668765576878,54.548874960183625,2.470734684037031,42.37306792883294
1.9671770334254823,73.91356866117965,4.596034620011182,43.31086780077079
139.94530845538353,33.31236999168917,9.167138850056974,12.666785518266288
108.77032283414765,2.8052884811818224,6.1437399720632,32.35541317854876
127.04117870686437,30.932538614433337,13.433757896284948,3.3199721335584984
49.662750771148204,39.33623391460999,9.618792717053045,18.561177078266596
47.38440129822354,26.96951119297519,3.359643393182285,36.3379578886226
1.3098354266032397,20.922586132916372,6.805013158508905,47.118392147943965
23.855490884696305,75.89451989045148,3.620437295588543,38.841458522578414
78.26673605411591,7.096153708653413,4.492605893008275,38.56641065481492
19.225790685313328,30.769741249212125,3.5370459381630406,38.61253690138453
16.725564437096608,73.27180973184684,5.3579849415025915,39.93607691950618
24.164714248316262,46.58446642973087,5.364108788950141,33.34300718760633
41.89541874259018,8.22657042252274,3.6597359384232826,44.496298297903486
44.54277674915733,12.048606984818019,6.046705003013398,38.79572610644969
34.66887692594262,61.37711182153307,4.357799013246276,30.79745568038838
4.045964152562609,24.834746968476704,2.8807207665084062,47.72503783566398
5.34104964819953,3.3607770708933504,5.699101084501185,55.99597305096986
62.46142077075212,16.029990830803705,5.3048162803613526,37.70188181504601
40.82997197357886,6.120224035303334,1.7575010034358538,53.66106534291632
149.58023677799184,35.182748677311956,1.1499300481577537,33.37222764772714
8.325177352475755,30.12027991986594,6.778119871239711,42.48409538692283
82.44382286350663,15.438932830240462,29.69914359020751,14.650839796992958
16.8999390514245,8.491960943230637,2.6427840952572996,60.86563180759059
3.6367473889334203,4.679465224712256,4.039582102320677,56.96488802232545
10.910376727608611,18.294300627174685,1.898067901077523,56.43013332978156
73.35804342223592,6.7721513756593685,0.6448903077297405,48.2163806599126
41.949866385900535,13.470484181241726,1.760541718038895,48.475763122232316
49.86189499518014,5.993604323456461,22.991685840205733,28.36143368857545
4.119052280792134,8.311192956190958,2.4055294937899365,66.1614073557422
35.93698089267651,22.777128289351214,6.122503383135733,40.627834852107355
96.84612370870866,23.11964774285034,2.7731175549590894,31.153284774975358
101.21699559338872,6.082548199574179,17.020473512865415,19.228681659105334
5.625156526331587,65.37023399990264,9.225845103531691,29.582577274150022
17.783635823247458,22.178549967353593,6.400147851587338,42.80525159840262
34.80148983374865,33.7703053782722,5.7310924630792925,32.73708810063182
25.07581473435998,17.94669627828159,7.556506108658021,39.11157003828981
76.45462862260416,8.227397007868989,7.1527802239122344,34.62798090522704
22.90143082919343,39.9171836211265,3.1089044871443265,39.61128126461982
45.32360554822735,28.787164568414784,3.425612902066983,43.052917707511
10.299001793848085,66.27719114723031,12.0860834681739,23.3928024998668
9.282335245062152,13.794482093142385,28.27308199603047,37.21793004236542
77.03832353106563,15.138231872281803,5.774478367085736,34.010364776579394
19.210335649290013,68.00968570310832,1.5558578458436827,36.83657958970925
20.677455076267577,8.780425490962202,26.05053979656201,27.128481558985392
94.1534010378897,0.6256275390966654,5.961761013532144,38.061177094856845
17.48071994038611,18.455420003407998,1.3448548896490697,54.69862164775183
91.83630384287932,16.87859636109621,4.733515789944871,35.200108922945084
17.92328642721363,24.480954207999613,8.578376675375905,40.54622841530753
45.41329429833269,76.77094727168523,21.77764806705475,7.420183591099204
90.49108142698441,1.0849173539012962,4.687753429599164,39.661771343025805
33.15136018615737,46.2059584060676,23.344737245155063,12.940513895656837
86.50475666926016,23.317047559012554,5.149911956799364,31.151707688806283
47.38898489846149,51.39591289524167,16.04304254326272,12.436953047086355
49.83484269264884,48.832571962809325,17.058489638247856,7.8425580095890215
106.1355824189338,21.064709485841686,6.773803270318888,20.969865921888687
102.53604818194981,25.240552350553873,5.481685970707753,27.76145406849966
143.0448600545031,10.838577570095026,2.022818159860911,40.070642851346754
5.038900068871333,10.351695644195411,6.748990308717126,56.25649631567225
23.251816711045496,72.00706286376659,7.94370240250585,31.16907523394252
120.83240490779703,9.752830335848328,4.68608286696713,33.70454696678843
44.860787897666334,23.722040622486595,8.180408245747877,33.03565361102551
42.08077298789076,23.009745787500922,29.01029662561688,16.19070566988266
18.284037413068567,12.30291642714654,7.555181560081132,46.372852985153756
34.125586505810006,6.676523505984005,2.7093753990999776,51.387171711251035
21.930770959479524,73.51277843312812,3.6201977937817507,38.61642918496694
14.55982274983121,7.400613788015259,6.863356387683252,53.03079097234902
30.905148278084845,14.061223531785469,7.631721866602193,43.972056013386904
29.823353770677187,64.31231471745927,6.740980939806561,27.49158394974313
2.3598350848689496,1.3655384122259555,2.3757676588125625,70.03711076845153
134.61191855551118,14.224250844031024,4.4151611159931665,34.79038835727517
7.977234005659417,21.23794165481695,17.960865404117662,26.865944472436258
0.833577529981655,28.510704561436246,0.9977901604180639,50.26167338005983
43.68390172803744,69.25006806783932,11.717572963141675,11.743203638381456
23.19662433441681,16.14213312935602,6.875946319111826,43.523793572165
9.028767256366677,12.517415694882747,2.2659924982189956,59.3594925338572
18.119694955831655,79.72784643012531,0.15623424237535222,40.685094373994836
0.6640601729290041,4.430234495530988,23.17522052508098,40.7553021373125
10.734794373167771,30.509405396078826,4.922491257819514,39.7690184343226
2.6354894926719497,78.10200161407816,1.8443103373673067,44.67485702092885
18.69605235064068,17.003963668971966,5.973999060122781,49.425421089301764
103.76921285909715,23.75710125426214,6.808339588687217,23.281783793661308
25.625132438516584,13.140775700009241,2.071340943451059,51.23131479471554
0.7346694327476921,71.80119550882826,1.640678655775801,51.879198111796924
33.62302490125144,3.267456343707825,5.413266435959876,48.19869042607492
30.505396101811733,4.105423955683649,21.225760429350153,31.9196016340533
17.367166312942135,8.35658436948023,1.5133749088136748,57.66124156180792
76.52850890860525,2.6395678226107,3.4074062348646157,41.27066273026432
80.09190731654188,48.07254071162362,5.222627185776015,20.6311250253635
32.9051109028246,22.648880243734563,12.580067316187904,25.025441924500953
82.05361668064955,11.806586519880383,1.5282838220806152,42.5613287793674
8.213522472796402,47.098188483951745,1.214747565162205,46.74910673129436
21.388656686793116,25.721716905889842,26.4140631118602,19.385081653751186
35.18498898145255,78.16699666879111,5.67745858445849,31.65749131244146
35.48685424005102,8.468612356091803,5.212751312910349,47.21624966620291
114.47199773818177,55.091122585605454,4.6958838640543155,17.1705168689029
46.44297749227828,7.715192040885915,23.37490307165767,23.87687165721028
23.035608567413774,55.516320470438444,17.351459263323342,13.931729992234997
25.961228539010257,45.924444847127866,2.7844182959274733,39.11600303744406
14.351906658745639,15.799552324582656,11.27215532781239,33.72175651273732
15.64597740144113,26.20182574642783,2.263423432663231,55.74687293320928
15.169277181456659,15.018494361259835,0.6857837474342583,59.761990065091545
33.65040831443385,38.3318831938539,0.8871321859533694,42.81355026462915
46.80773870803905,18.552314813956112,28.445141168346602,19.189243382305094
135.91303597512334,56.6750757079568,0.10420224250339505,33.04435647577144
77.5446679790509,10.692529270480962,7.780955705783784,28.883566799943818
25.86345282208047,45.17926140259563,3.5280448074493096,32.04875354038772
42.14727412280986,39.65568176650615,14.537049630495279,10.84921871114434
26.91100509342376,74.40501858105698,5.468704090255458,31.93487522693851
13.869059149056634,60.47964769414063,16.539350337957398,18.795725792061823
113.26770348413599,7.926844234076455,13.072651212762377,20.142257527377716
17.908135901642027,60.758994288470404,11.970047769196979,19.995239213462096
108.67679078445912,3.40435355903928,5.138878589734225,38.1141965050351
44.63358555384874,0.15218827438975013,1.5840058737620328,57.30428878610593
28.093847812075655,16.403220109180047,10.807402020818818,35.69123480229717
11.468288851883617,23.176727901279627,3.033928958096543,49.80148980389014
45.75450342035216,22.36395007193457,7.870097076551216,32.63170123126516
40.01782539111808,60.26682446292636,16.1010641615383,10.004539312290275
69.74037337305425,35.61713077115776,3.245455204017042,31.413435522005557
101.40308194758694,19.480127868472085,3.6807860636393483,35.70908959538186
10.292060501838412,69.95404778605342,21.129589807690046,17.768786076492994
135.31729786467224,2.504233155933247,9.92470717179433,30.72065408621139
76.63776414300239,14.218198541203996,0.32941839170412646,45.55145489062708
22.022067515621202,23.558587691783934,3.766395319486464,44.394160777879584
11.269063400338291,16.562461459032615,6.155243207277729,51.2611960802565
84.02749822340309,15.901008878297146,22.55086583558742,12.14199197900579
0.5065592013871689,8.952132547334454,6.1518720014112525,54.819797762727006
48.291108057661,36.14695484690176,1.7645445890955411,43.2134503890796
38.61591958678196,10.5307433421374,14.040422898934889,32.320214594813656
128.48829833877943,66.01887368802983,13.902018459671481,0.0
36.65000536113116,2.0601108646011115,1.3076088718474157,61.23105708088788
41.181180537448675,6.086350299294144,12.422702467313272,31.031507466946923
15.59319289584416,30.48479800363378,22.219247800937076,22.506295810617157
36.20145943864606,3.8539012406335367,9.291904556235291,41.53572808553259
9.396019040766152,19.998676214622048,3.6070895317208302,50.94965809482651
48.653839895614915,11.37266507205993,6.434868090690659,44.83686158487907
19.98597754872138,18.89685377945968,3.285505373406175,48.2758892446784
19.436317393827334,9.710923463814353,7.588881358327546,48.45325738519067
119.0701039499166,14.490272480707098,6.084271904077561,29.501194847092954
77.49791919736401,12.814773131682408,3.1794821790966052,35.42461976703997
37.30224396327117,20.67524704117309,5.481381522412378,41.228615873250284
5.887554144507057,52.139293530941124,3.2069059104394118,42.28152442701122
37.9760074358472,17.12574873172971,4.638673869362905,45.08491024388517
23.754493643338403,5.5632445624721445,1.9297850008751736,54.267534851874984
17.132257326126076,56.91071967863873,7.81489175037251,29.183934808335632
88.62363952990896,24.69433330342806,4.566726682576995,31.309169816446264
36.75125930949117,4.413854806071013,4.488899085664629,48.92633613796866
69.62342816878557,79.96147117799242,3.9767859494189537,21.578885645642575
39.42236716266493,8.24280438535509,7.756212485119093,42.41000959848246
19.892779952287082,14.928767612078683,1.6734767422138423,55.78395098477011
101.76389356894344,14.904069947766937,0.807710489929609,40.41274202078823
2.6413343182360993,15.26606877304112,5.030718308469463,53.946887220831734
27.07038036737926,62.36960346991288,5.022499432560043,32.14229981122982
34.68411128907443,9.287989381089332,25.08771955282491,31.430708019529902
25.856594600531903,0.9293822012411496,6.662928099228023,54.412531416908344
25.118590998604773,17.62586305658332,5.974617403704567,38.99172389855654
10.24896164129554,4.848195507017011,18.21230906618884,36.0755071879457
6.027920820184512,40.507707992845496,5.867071674920046,30.68798636582536
78.54052903028415,13.63685581845494,2.080739476279164,39.83680305677692
45.057900524549446,19.35428750057323,1.8369004521577175,45.8123113419482
100.97231716035651,13.78326374230753,5.575549006717628,32.98556555620398
96.78024120373392,7.108597745494833,0.6352659543821186,42.6788670905901
1.697298929289942,22.911708716651415,3.7171680091263104,48.175179213501295
15.33882997610706,15.967477372079314,10.072934273618817,36.84571429662357
49.62908977438817,10.730269488542493,6.195847667634939,39.925096647668845
38.22203640377522,3.7902659482619008,2.5440513551552026,59.05643553393904
67.17099889736882,32.6103973997501,3.7566456268146062,31.83803520505589
43.90167564222285,67.29838103596441,28.48849500245866,0.4168860060463757
6.164188964947343,58.5929745842871,11.352229395139966,26.22266256649948
26.974564618766863,78.53188937252071,20.074624216880466,15.023638923968754
25.00563760383135,1.5612338916695445,5.78560114181243,50.74958090231465
45.08156147431801,21.715704262759026,26.42982334897829,16.616422436510078
88.30693697265067,10.76791554020026,10.064235825675865,24.956798091151462
101.24285513766563,15.88983705020468,4.704819554541621,30.318077774004994
146.94393756758785,14.691726286831507,4.85665571136938,29.630909352489482
40.17413716484423,8.151762558178083,24.808032032612523,32.328475900117105
20.149008938258074,23.20541989118986,0.21853258180349577,52.062081967940316
44.30978902325373,12.047689220900054,6.42141483710056,41.46557256086446
10.046684432952823,15.327689898889743,7.276996235297452,47.84383866809363
136.39358074599548,18.961393682728165,6.168059508879083,26.714967994824345
44.519216042763304,7.4176572292474905,22.88907093941001,30.01809029372186
47.79594144776596,67.74756860009117,19.215777778652182,7.496026453880756
140.8980891914864,26.136401837638736,1.5522395859168334,33.64206379717277
126.83999289487798,10.283067420581741,0.600498510621164,42.113263543835345
27.027633769446208,22.25786140534128,6.280435472203999,39.87154037931273
48.05952819119571,62.35354715067966,3.367188179805755,29.45423647530909
5.579649997862374,74.30005091446031,26.638738945877996,20.374328161438836
27.595341938724278,19.551613039310777,7.753132960398879,38.85070292256715
45.98962858897181,12.56324066754139,6.878237239763973,38.139927721203094
113.42526534515373,24.669914854497417,4.595637106326366,31.199940354499184
27.335513967163983,29.845106789153768,25.649350795776662,16.54407359658237
41.436875457596464,11.838254071161957,6.296448766765864,40.181251486861676
68.06549020911703,35.78160609369292,0.882578375032625,30.46077957583241
35.40860443226408,21.119759007239043,24.30011814721798,19.788204345663438
22.709183136835303,2.0558305377650132,19.61537321578405,35.806944366486356
20.329526867973613,15.765211791265235,7.225471319305118,48.12521887919265
56.15430341348369,57.45068575505328,20.21005439228069,9.178714527668959
56.58921650319727,36.71092727654307,14.831809057762946,9.188425008861156
8.66867976473774,19.955529539700333,0.963287277731645,57.20189486764942
70.98646772791211,6.161496740937627,3.7491311886684233,41.429130650237326
21.1096116940339,60.8775560854453,7.162617439551289,28.12842927670198
112.91175786342669,18.89285334002712,4.401117398602534,26.605704229097988
111.94450738181533,0.43364817134294853,19.343883216864715,19.550948760689877
129.5072881181164,8.87294600911768,0.43231673878321875,45.35489058735137
46.038542481803766,0.9389017435047387,11.864425256805575,37.534015677006686
26.482986197280994,40.37640529538132,5.26168535324274,36.2331943894376
16.176520624274577,3.6047365976538264,23.906798486904187,34.176221830523545
40.493722292731746,16.69390062996339,2.6753156108368987,48.84295405758066
3.4522953157299865,9.336605419818051,4.433717722551062,58.72455129433945
30.69667923800309,14.36084393240896,4.250942910570711,53.76359494472649
0.7555342107237517,23.61219699613109,3.373232054574708,49.33641763881207
33.74466015270774,32.92880332136033,18.54582248720536,18.14906554114648
110.94452973272789,74.590429777367,4.006235927524812,22.856966813492352
36.13417872372433,78.99787818028942,14.659722630522953,15.084083078661507
29.80250578804751,4.6793278731736745,3.4343116024076155,52.95140564485473
32.43194783844078,24.630183147777345,28.38210762139802,24.223344360379
18.397037565104224,13.099355067142849,5.28218226209737,52.727087798502936
118.98960033133608,12.34423728431654,9.967861465346607,26.882948157584323
91.8758990482655,20.656443233301726,2.5095811045592207,36.52783145855109
111.83463070454575,6.25141896275383,16.516291484115204,18.867243525439505
36.61124432047806,14.630508234773881,1.1439804095635102,47.41450451631856
6.876047207299663,76.41930466846657,5.814244418842141,38.633356290666335
34.25671549372421,77.64086040708179,29.864657382818457,13.735220623156213
95.00952685908594,72.16861794290566,28.38967406167528,0.0
47.6407508501253,15.618486497661452,0.4966278722562887,52.46378332157857
24.489293399412038,74.33297169408394,2.3946916575149224,41.86003152703809
68.23351835782195,8.402741155515095,26.731997111916368,19.362165115689347
91.14109317604655,59.96080891374164,24.076432170644892,3.042390009283115
43.25355496876969,13.080450499182305,5.227186140719914,40.15084861806799
136.10333999722405,22.029730922357725,0.19867525984011447,38.394589896897195
125.33129318792571,44.935291673800826,23.0397431798053,0.0
14.07386512254597,6.300368341976312,5.964911241409952,55.14906066632553
9.593366235937145,5.37480558970978,12.726667209445894,42.81834331886515
7.66757015580401,21.189119906962368,29.49035175430846,26.950591951196483
43.86002704065541,5.824305301950977,12.120902413994683,34.38175363362872
16.308512706412674,14.04745257503566,11.289072942765024,34.89596058771707
18.445681978488622,31.474500949544506,0.9983839358892528,49.823906431365735
35.41814883575174,20.732166938262854,22.981989311521147,18.139995613069374
38.11060291570885,21.31824913196369,19.452438715110027,19.32606514844717
7.203939300659979,2.81744651095813,21.88868310122064,37.32375156055277
18.586964745316514,8.342871211894822,6.9733512741561015,49.77984159673994
2.434742419996488,9.803196374669707,27.93703661734117,38.00134798078787
23.13398928348032,57.87251704152941,19.42871469829374,16.07829987376282
17.53134656045904,7.530643701556985,6.752629875057879,51.60834389442178
3.8856209195862745,46.32807365955084,14.230031979182353,22.274305613135084
32.07522406281259,55.26850737690678,2.6475871578858152,38.88931334265236
14.864360214066325,42.595249932716584,4.087934799839343,35.99405455914068
117.1779270254866,12.07383408041664,1.4469923057712926,36.161455537240016
30.664584244368953,3.616372550174421,22.733378986232555,34.27142233079234
26.572745709465266,10.24596195273985,5.38315043191431,46.57373847894571
35.716331786749876,11.588805582567144,22.50894479009509,24.932902069283774
2.170626642740958,22.53060057444473,4.2696119774124135,52.491035739217004
102.08155861440821,76.34592713815033,4.872471329553186,21.007425997187323
143.8585595778505,3.036065393209375,0.6494536431335431,49.92135972844019
54.07850134355181,24.49229366089571,0.6305171131522735,42.70199740386653
44.9298455284485,14.659103533073814,20.612494124343268,27.017435146252684
65.72356650942335,27.61511848846399,7.799796500823283,23.85815711585438
3.659796188422182,16.709017552934853,5.821385458462668,49.84481840050131
5.142129607873835,22.333541045690204,25.60288993942443,27.862308369974805
89.74879924226278,10.036088731500096,6.294962153481001,29.294959121383105
43.9257780650674,31.083096331541736,16.782014911320257,17.261962096535374
21.957490831687416,18.702756028998387,1.8821555027736547,58.475197293503776
24.234814356502348,6.876006473518334,0.2178272986947869,60.18831748521115
24.586897150949472,13.440615018683866,0.33478355906347446,54.20515821780604
49.97068628853333,46.18274049713688,2.9706668674187693,35.55116345294643
12.156226521133433,9.095626019943015,7.653080107820903,49.70344943406808
32.935388775043805,11.695357404524293,0.8886157164062443,53.212622994735746
44.69948550039352,1.1952765925619946,7.5659073759156215,45.57769258545493
36.00182682730372,24.23374036049563,6.0930157823143585,40.02914140869689
10.244063707535627,20.821077321670938,5.684233381199697,47.582538374337865
111.41837239845393,23.485790677494915,1.4884002624695958,36.09554926671003
8.35169730460376,22.210792628602402,12.356724360169022,36.871662840886565
123.82955104783076,2.001033102286015,21.465926518516454,17.534622112836573
12.199482168954178,10.519005194411518,18.301634740629233,30.81390542412084
37.817802737181715,41.77475350664772,18.290202714621948,9.248135279748645
55.638185385323155,3.6712042268356533,0.00038499115449397436,57.965514364043585
28.77370889379395,50.72769457423191,2.0283093001534027,37.291942612381575
16.712194540848042,6.046323676618654,8.67098657225339,48.50850799629623
50.934495348624424,7.733169355420297,4.312065900482398,42.38341732066203
38.18461346751603,53.264759190232006,6.703173397589707,27.234013058259173
84.94741195326256,15.850019185399702,12.764037620173287,24.325485637493625
16.51423337510422,5.079000959105223,4.105548437559695,56.88843837766553
148.58584404109376,7.9773834968247,3.6293587757367796,40.21298958853887
48.07753660687831,12.64668246321721,6.454493469984575,42.5558442648302
40.120089222566214,9.865123791531014,3.2129485926338965,44.65626597006357
35.73480445033111,13.180618790009897,2.5486961596596514,48.24871204408268
0.029896941739765426,35.34268142307997,5.280103953667683,40.90811962948266
47.77618479774674,14.73029308631551,6.484745287016077,38.6743809565026
19.366125898765702,63.85620679706715,7.35011634955381,31.302257992215914
10.67687389419757,19.396535966466296,1.7402493903549372,58.89608906558553
33.87711337294766,1.5680397725347102,5.0021042203466735,50.28108485347011
27.75424746511431,24.822587272481613,8.203870248045861,38.98476681152479
20.31661154818839,65.68872459618223,28.61331690954494,16.63402764335109
0.8936967366706905,1.75491528519284,2.114281769699856,65.26798932145581
118.99643571263624,1.4881549217955619,27.294364355588765,19.18607761132805
37.02380659767596,10.473521052003191,4.1724356192239185,46.50572044126687
32.057381644264865,2.7804143750553845,28.70596900568387,30.54809659928113
32.46894101183112,9.987661881514107,6.66487533935709,47.16888396124409
2.014275938899923,16.52826467064292,7.862420317640152,49.76437786591579
32.138870673996394,20.528152612129492,9.9223613754288,29.602363953148938
42.497966525160265,32.96031133359397,7.1573257651557,31.153361958455495
10.981746429728451,18.93817485332111,7.48152824366056,41.70576923003816
8.871977188986142,42.96980257295291,6.532873644808601,36.60131863345748
46.57774571547405,4.608283724704782,6.2327300301089,45.83865144165202
5.2054290992286925,59.52663924938781,5.276591534974548,42.55085067037969
3.9484581095414306,21.6926364941672,16.77283851025684,29.621864944344356
44.450030540733295,10.171976565616772,3.390997947475716,48.92329642988708
21.03682812843084,21.226771872587303,19.470749133858927,27.59678495747262
46.06537561064877,21.45728338882765,6.752327307568604,35.65853324626934
53.836155478797465,8.386915264021743,4.862833208862331,42.351978515292934
51.58380709448742,8.628936603399504,0.5075964870128287,55.307486550881016
36.93615753632832,67.6522663399843,21.175440290546405,14.55574700151006
42.182483202591186,10.93994359384484,6.646681163744769,39.49006931582728
20.143664131631855,52.17552286671417,1.3525744204541201,41.7173730221664
8.794514170933104,3.2962997410849235,3.0978366369837538,63.40309788809377
5.211240140417384,13.106448197595888,6.911088261431656,53.44757553113136
8.033979235592259,12.351071673393331,0.3589397045007985,62.5095466023847
33.67162166624587,1.7841753472345012,4.962710912495996,53.31763076952607
147.12199118854943,27.965417608437356,7.4048755868555,21.09626127748037
108.98343944397556,23.680675683667772,1.7232856420971219,34.76950691974102
0.6202018138657395,32.23767423783306,1.3006904941049084,54.573672094011286
21.75072971701117,13.401408858177183,17.99756706464526,27.160494914322083
49.94463060166453,41.89163821796335,1.0864568445535383,25.87610142553607
39.16936099979192,61.30656943447217,19.891079309952524,9.915834766487361
67.74818349910117,20.35129816053574,15.094532581830135,17.771412421977548
17.296749627348145,1.7113292356510685,2.2217122601485224,58.860962936532346
60.024137026759135,9.719877974035066,5.045098311673949,39.86873226771533
23.558394946640732,59.606008659731344,1.5487878220389382,42.18205704150872
58.387373855201204,12.787709119140969,5.890766901514614,38.695776098906876
6.2331340601633425,22.130724605279315,27.31311815203128,26.646937087201653
14.486399186910731,20.09379935760204,1.7169621973697797,54.37202492878972
12.9396204182262,19.734574017215735,20.411949614448112,27.779943524124707
142.9260975197892,21.83899005681532,2.5618403277481745,31.595726437471995
129.19610144667158,58.74330754946319,1.2602186044281307,25.391378643562444
60.93559031094789,2.6410712217560475,4.128494578887817,49.34898672811705
40.63997836287513,10.87529818593688,0.7451240723590127,52.643343316683065
2.5739375624994674,22.54595791104178,3.5818631174508857,48.06156685476692
85.34774751283788,7.276972034391157,2.373573581024689,42.697373564871214
148.63821716288922,14.434981678327274,6.828526697691035,30.58397320397623
4.649531991156608,9.791663571970222,26.455060046816715,37.1921216640199
17.197884327884278,24.481546640216063,3.7484910090673003,50.1981579588306
147.85059669326898,19.35538895415897,4.2949301366749,33.44891060508215
9.205066168047848,45.7507148404182,5.494643166012391,36.723216929027586
10.575337464088403,19.210263577850856,3.2907263233201736,51.85718496822868
93.5589158012709,44.74624391795473,0.42377419856294374,27.866261596297942
6.374433116599121,70.13564990271601,4.291050286219491,41.473209255625115
12.019945644675346,17.70368336496393,7.200188781261807,45.89484543198247
34.80399307835196,2.2243883967334592,5.6604226491217595,50.346755017718394
32.2905406327603,22.06855190517701,11.98047792432597,27.831312434607337
51.27564797074305,53.36548574279034,21.210247889877415,10.55750281474107
2.4807186669418724,0.3419412776161035,5.812187775308131,58.44132197858512
143.15350491552618,23.33754691756087,10.843953814237333,15.815924568790944
12.169834160926523,54.88113482040914,0.7456917661989566,47.27997677557977
74.13497038374999,11.313341100732515,15.017863031807586,18.195356209742773
20.869147090023667,8.906206327189595,3.625857320799419,52.58368815296393
4.248314494473321,41.867068442844186,6.849815534104666,35.50169456796915
97.59063274732007,24.21657282866844,17.08526504082208,7.338386955668785
19.031164673829004,6.554097760219984,4.24188554180713,57.87547252665773
7.6706441194544,6.117154703081814,6.764838360787172,49.26504018937214
4.3723250899942725,60.35530285514874,5.071131119139218,35.31804205723557
38.44937075902553,17.36679323992394,22.628355514221006,25.9119244076286
44.36063712881633,15.183909586943594,21.06538721871839,23.165475770408058
95.15470228174244,38.435966199544055,4.641502106436259,20.544165172689663
122.06644545078623,33.64395526454625,3.560362266518923,27.085242486386935
2.8112147425486125,12.431137004739082,1.9193433508361988,62.94880845277063
45.321872667220546,16.41642391557113,3.1043922475905905,44.03093244113642
50.12844255268014,16.083107841894705,8.861821555808193,35.66005366295253
43.44524922393591,20.369800040897402,7.463580860450217,36.872935548881486
12.82650312221239,63.55401033120048,16.15164532115365,18.77426810954299
72.15010508538528,31.151189266288682,1.080562850447472,33.61633399540603
8.741931363020628,0.8867396335416639,0.8587623293432785,67.50789459499975
1.8674094374607209,60.68542320753377,7.931204332417085,32.11564305829664
20.94848868897622,11.741208910067305,6.450631798778868,49.728361818529926
9.758325860932521,12.566233365557055,2.4002112437191654,62.03637609043204
47.36242886919293,68.85809842088543,27.865552279239676,8.635228059675178
35.040420900087014,38.39223925518501,1.2616611576956105,38.84373305090015
120.6232498531782,41.01761305271953,12.559954652405954,10.378857220685543
31.797735358186426,8.74821334428519,4.454870045898095,52.582516185839694
9.96351682334004,21.10833872998344,1.4998346466553603,55.68258809816109
3.1626704449339793,22.520924507058087,25.678629878445204,32.95063135405776
13.537233657177689,4.662775312601494,7.718447358791427,53.3480591177842
42.30621052651158,63.71922570255648,6.496361908412473,28.899349396973285
38.36166970796115,65.88235215103992,1.9390116771940482,36.83813358772293
46.92238202052038,2.3993924174028236,2.062472387737543,54.43138700577781
29.661078505369215,8.573377895917634,11.273078882639492,39.68710855480253
6.650489945366439,62.656939507872394,2.4899109493404294,41.28376137890074
69.83725398477013,7.127487484574852,12.885665398766449,23.28253142458136
118.69274167743025,21.847680969629174,2.6986302146687366,33.54848303346149
2.078947992329688,3.0270324560365687,1.032427092075249,68.78014664551671
25.22514620274179,13.70509431980379,9.992506417040943,39.17124932333602
98.52807171101983,36.385045735692486,2.4243739865486926,21.960475980710974
9.345364822505909,7.220735747990218,20.707439900622504,36.43110846079027
100.69301160771944,1.4647721927533857,6.3116666800827685,33.53458622277956
20.97239969786568,28.46370420806634,6.846717003959356,41.08065429587069
3.4086154692746784,10.074993976340055,3.382063366672827,58.40025381025152
42.459782578265965,22.36776138567164,6.258926361209277,37.57571553836511
30.69851531626163,14.853983946991287,18.956005276430396,29.524937910041647
40.22473212159112,13.186026138944463,3.8648087367512804,48.88634590372039
39.75551412633623,19.72684957204234,6.65496327480771,38.52940786553637
31.144523790950014,32.79433645361648,8.931445834259991,26.68905950301683
13.699404973498591,23.46155132811672,5.3294666628047205,46.37057532465879
33.87729025918879,21.73350269768388,3.7405676980193396,45.175208820163164
38.31736065523262,49.653136560546805,23.156086389373936,14.809600848347975
6.844281503440364,17.734768631278218,21.058101969095418,33.09295369469505
38.85734579637184,17.29546465312627,4.811943623799531,42.196730392687
8.718321450249572,7.136194679996638,2.182291765446652,63.4953554742804
14.409226297976474,14.519027298806328,3.3490708483838327,56.60703588339909
14.362884743853382,10.746409227780306,18.989778750368885,34.61687947310608
96.26192719337296,20.869962314498512,1.7863803928165343,35.31894116107439
18.43535854323976,0.8029939016953619,5.075178075976676,54.84148708257937
21.700968308693763,49.386761620839245,25.31478852829608,10.662560846994378
25.863608487715528,3.0813904987720435,1.9278847163703565,60.06477825453746
2.8187748325463557,23.110752294606556,29.236869856696227,32.69411969905614
78.10738854451131,22.870378729780693,3.7697467919945815,30.348441430794633
17.769228434286973,26.575526222064113,27.899091106797734,20.975999651443715
42.54263786610477,19.020775750486262,3.9301833448357746,40.08424392868494
47.49805919751127,15.068245012690046,1.468568821225177,47.789292741998935
71.03720815298358,75.89983757531932,6.929423373160419,15.569674180410958
26.618011743065743,11.314112585889566,7.2011036103440285,42.348270112942224
25.523006567322064,17.583523862973312,6.5328668108377315,47.16265730677237
33.379669278179236,3.9649501459510574,1.4218892369722989,57.51627600694933
24.721015235129073,69.48082259616157,19.376580701973342,12.955501987077342
53.28254988192401,54.44686400840123,3.2310685350887027,27.95203310240153
139.99095433546717,13.18247832821985,24.39770634287535,12.490457796280642
12.292372124670015,6.633561870173329,7.492039847214763,45.023850241061524
48.79260397312673,5.5398357609861835,2.1547359979980394,48.65802546962029
44.00395437807291,23.381257859858323,4.901400454281767,39.94098999819166
28.229531946673177,29.82331900392701,2.855612556112691,43.6886711318598
36.89586966770127,15.242386378624603,6.278946495951107,39.55894316418611
109.93635517382657,6.948050269233977,18.951529534742683,13.596592459189722
41.99011428178086,24.33447989437793,9.892400126400972,23.863053222008404
148.00519429764847,74.83756731619789,7.540721714215293,11.320798332071139
75.14301521874634,79.44577283314007,6.062591952243637,18.46627310300335
42.98226726763033,61.310339862382214,18.10505016443564,11.627471070809133
39.77891881287932,11.149131760110143,11.842055024224152,31.75686326673351
122.88705094885958,2.7558227180308177,3.412822243679063,42.037468062775865
39.18691255376182,72.37963567723915,8.047823243194925,19.679482586272734
32.77549859230563,9.689541685920828,4.261421812729999,50.17502923226345
41.814565655123,65.62063723484562,6.72324078755624,24.028368770542322
91.00237867417431,10.840564672541847,0.47522379112616786,44.038797053592326
68.61650357460702,18.175311367493098,3.129627533715402,36.97078010904313
62.59406410475006,9.823970165917057,5.57592123377434,40.885128409248885
54.058571213469506,2.981254192036664,15.17419341297334,25.163272329846205
41.762203007943285,6.233807772667549,7.822102307710995,43.189817036733565
33.93349783362824,23.59084176621237,1.918732464460641,44.82918381794504
28.194646052770118,17.481068381136847,14.236303070629578,25.432198228353048
138.14858195889104,3.298245643845271,7.1269196562862085,34.743334880622
17.838524517462563,64.05943840716508,15.676746483948332,18.634044161492064
14.164220174628866,3.4266985635112017,3.475567609759029,58.44215817634101
40.14267242990057,2.539303591116532,6.093987975431082,46.95818389498439
30.907786715905956,59.43244587561441,1.2052359092850704,44.53566055481725
34.75722770237969,0.7834365169181567,0.9831023156911121,60.25956965026771
33.015135985066905,18.09365963519464,26.51872898069242,22.769961956628027
14.723287977095884,37.89043725220932,18.74412871300672,16.02460671777117
0.7728308264433714,21.85141407847447,14.323143575773642,30.22831958392083
25.95298954541352,15.598639369034709,28.04193448936942,29.292763788537854
54.929966240917,23.890534494533902,1.5445781903738505,44.801850459066046
48.79368774550269,63.42384183061165,6.3457242881055125,27.436647320609605
45.035093200562926,16.748565334094156,4.576756853825389,39.49996842695059
25.872317587752065,0.45871654184081456,3.5772556541740688,57.206591993442146
94.12743367500687,10.204827045435449,2.820789428358024,43.193480784250525
48.78009595783262,5.932942605097277,3.1238275242088536,47.14612343547811
30.484871257630797,0.7248186249744965,5.022514373500358,53.52808683783729
41.02537521160546,58.250946553233064,1.3997251191259723,33.85632416735366
77.82171870688222,9.420889025404142,2.4140604580018463,39.61840776296606
41.29891063540409,78.2282955563397,24.20193927923561,7.006455982296525
9.090882641866937,24.13714142519835,3.5922339646874963,50.44595576086707
0.900327780022725,5.2605120935379555,7.225788999767489,53.08004461173012
47.149139203556786,8.399091213841302,7.581258135752763,41.06555154630033
8.583909752160846,12.332339514067309,26.15480384086472,29.21988726061414
31.92629738320428,3.0404539204912346,7.194873597409393,45.24136031647781
4.177716875534488,77.77543778649449,4.3905226413057035,42.741935166159145
26.791384223654063,21.39069203838084,10.845840056671815,32.049161591773455
101.94487863912376,64.93996171000083,5.797614503324844,17.87384946148281
5.865409448119724,68.12520853189164,2.407804123283273,43.1521618393528
44.962445914460126,15.810022378379912,7.1610477585237025,39.86517768351541
41.597077084402606,14.78624828607562,23.30411537414298,26.247670521678234
31.29299578571182,18.48544784164664,5.922627878042869,47.612291617117606
13.8945562993878,37.63540597651907,1.019008260222808,46.656375586409595
40.50566973395904,0.651447149639825,0.5913737331661091,60.448263103328316
10.571562899945558,15.610623179609812,3.002462736227937,56.75981070740223
10.50535964561759,9.587547027897678,16.44854080347838,35.39763219737754
85.09756239260915,8.766232073850466,3.4465575052691513,41.56746276836164
30.750361334958487,64.40899469217726,3.588125657745854,33.790326426790756
11.103793534666028,11.450365607898647,13.724816511146855,36.954787864662435
21.26067522346167,4.146948116563387,2.652353629563211,58.03996717846509
33.700995952939635,75.98173427160597,1.8791213277745609,39.70721046801063
14.936278679438653,60.252372091649654,20.57346124971113,15.897801288073953
25.475443661210097,21.596668899705207,14.322784013028077,26.600009326259467
139.7508835108354,78.39389820999696,5.8849932017400715,15.847748461756817
12.158609549972704,0.31606503500046235,0.21316232931093904,68.07144056950395
39.989168222289166,34.03213781027639,7.549045253068678,28.744649299118436
22.383671270520917,19.441064241942225,4.986966081767178,46.93271824730139
49.32576243964898,7.628958263432242,7.609789965116842,38.87010688526187
35.47194323169874,5.336197033151057,23.156584102188383,33.512993376568545
22.978148875276094,67.57018221003679,15.36849416511181,17.11491700406481
89.57448298473544,16.20420122448859,3.036544228559406,38.269744424003946
70.29935591911972,46.87985773172423,3.4332200364151815,25.879180599066366
2.6915262454229536,60.683924351838876,20.10625190432545,24.70015387981908
7.707252158924355,22.204447759459566,0.42798566470947996,58.87886526738567
8.374129112953488,20.131764930181273,8.130185849149225,44.73356483671479
2.7963175064112833,12.747314393271795,7.571782634379574,50.268683265473626
125.36661379095813,4.100998676910325,1.568149162438865,41.103802409253895
39.927791906529954,24.461416804607097,3.096888442818866,42.98336712260963
43.99573133635072,0.20762102808324356,6.178213005615545,43.94814989075683
62.7849736993467,16.037259226607194,8.778342733813039,35.236967090284125
22.66444173740138,38.1326254575758,5.010920863047246,35.32711656464332
1.6263089745625958,4.168639215648414,6.347648517726024,54.717255405369436
75.94491710680762,48.55378851429468,21.632292993402935,0.0
99.39871801434913,67.34219031233914,2.0479649642126168,28.448938033418028
37.15965993658017,8.381195892508279,17.05910039237186,30.70442690261839
1.6838201937232011,4.140501485254283,6.637485692450942,60.16547625050974
91.18522831444969,8.052814899228453,20.930915088592506,17.787389697528415
40.190727259672336,1.3991389315501757,6.327723190949592,45.524590441693014
9.080698387830132,22.594181534977665,21.830094336823805,27.890164122621126
94.95989060077373,65.36650501033063,7.490469091146324,15.222862637256705
5.173753182329232,61.28162624299115,7.694292914468483,35.361713674771394
14.772238873871013,9.08115446405443,1.1769627605406772,64.43404965200007
3.3248133683388748,6.750062028029882,2.6790022090636016,64.80281377155251
0.9110912825774864,21.27729705580361,14.845334721948362,29.7224176489861
18.30141328732576,7.785393847028968,0.5373826951600718,56.25886470916229
81.6602434827413,24.000316431317966,5.594198362683121,28.550629113124348
36.480308916903205,14.861846372815474,2.6951565214324633,50.59760071921254
24.64913552290445,6.058245286343475,1.4355893030448348,62.79872137255112
77.25577488154005,6.33113407600627,0.33951780633393014,49.38507722795823
56.15057364586386,43.078356296949494,7.121141147839102,21.186794014597222
1.6329530392247937,76.1906667999327,12.968069799765352,25.726336006708177
53.199446014432475,62.85942597471256,13.38956475054453,9.945031156498814
100.51640182933147,0.19244507386781962,17.359576439631187,21.416689590444484
14.270203423171123,20.147641175472547,14.28560338697121,28.5987884943596
8.74407185879797,70.61839723024826,29.690714456885786,20.183328459968
116.48077585802446,58.53964118882859,25.975017596869737,0.0
55.22686675615965,21.97962294447745,27.849609326287077,16.168535304940562
11.396758127097083,7.009854464758764,4.656074247055304,59.75659029645425
42.79625947956489,28.621075819036637,22.5712721506885,14.386220013761221
35.043284862194,17.924422526596928,5.801115220766666,41.93243013794706
39.18958922426986,10.68117990579261,6.1785763618109275,47.73920698979782
75.2765859951164,2.9807144454464667,5.182167907312037,37.184094184989256
33.17686860083553,22.22740606790599,0.1825658401187784,45.02337628368977
11.500441864385152,22.084207450772798,3.8946354234993708,53.02064239012342
5.662172581990993,20.649341739587175,7.53560722929094,43.38194119506755
145.0379751482093,11.665859248754678,7.5012302844638254,31.131715408213594
43.86696766904905,14.544781619442753,12.355891356449957,32.014654919090034
37.812689571121716,3.594629325404805,7.770637601698559,44.790200116759344
5.536029666315784,9.105055566237901,7.773203983452843,50.51591589895126
102.44363458577493,4.309903582461317,4.906961358094744,34.0116896748703
33.801314402627376,9.729115412837,5.003185943931619,48.611437186252296
115.36986929050792,2.14934338198029,2.5775553918102982,42.9381226885883
23.369366772396273,24.324434510507622,2.2968317335048845,47.39053763277469
41.74736028472019,5.597430832642125,4.604781990134363,49.14472532419155
15.68515623785781,43.258732368867825,4.704381746765102,37.84283538951321
57.09161914385695,22.357572332966203,6.467923633529075,33.5208414120936
15.163757378379778,4.428386369825063,3.269700181916151,62.598656289997756
44.12081842036694,23.101945132356736,4.56822713000362,40.55877172118064
20.13518604972801,69.64959231915572,0.878223160459136,43.689917232956574
47.09527936302101,23.975211090218153,21.723746507361795,15.633083552207422
3.6042167999336683,11.469207248914822,22.224934911634172,35.77359393693246
130.35417768264278,18.672591383888083,0.22905363786913213,39.049020334310946
44.76034188435997,3.2234326354954295,28.152561425742856,27.894667221238844
39.50416249857189,2.388405190905929,4.426115216261844,50.949359214733406
29.108523008813663,0.9223322227692038,0.6058626996758045,60.25234542450376
133.72191429586985,79.20114694524378,6.542984460031412,15.62554325703814
21.35525226801716,21.815917192279947,6.700681784966234,41.631727973090875
15.796791119281838,76.16822882580503,0.994692587515722,44.6860994328685
8.139549460311468,14.476813192149862,22.347125355450498,36.957268919844985
34.38610212152803,47.50541560958894,22.061094431547268,13.517032967725507
67.84506740983748,4.993207002780914,6.692504282438974,40.392734361906825
92.3358027350786,21.43969189406004,0.588066214421402,36.67135035261653
17.443413327149766,18.28362737963179,0.42548273173719586,58.109065937789104
72.1123262889015,65.75971887560209,7.948778925693681,15.175853492275218
25.12136435831882,12.318722403233442,2.93714527449659,52.755916677418384
4.48261156178395,16.760387866473913,27.231836118961397,38.47823630075228
4.407112169539607,79.52585701465625,0.3365267777213603,51.544962213658096
23.451246985894176,16.63010258702668,5.931469756615839,42.533731574987264
54.916082915504816,39.592823853556695,7.724473746549266,21.577223707736735
38.48657091484401,6.439469562449984,7.5853024401624465,40.592301611040185
32.94619709550757,20.42151201352556,20.19646352829322,22.487497434629848
146.80725029096783,31.750662574936992,1.322956488432009,29.654697883514274
76.33636189980793,22.18972476797146,3.4271627914052694,32.31622220769034
19.200953698247908,47.953781029647914,1.9948370410027634,36.913708849223305
39.3102826130529,39.803450253409935,8.278448944660976,25.48102695625725
0.4665809913546648,8.258942217476525,2.2046597132620684,67.55405930565209
86.5093920231806,21.985432756609903,20.516738323458053,12.773458635322498
17.4968926785357,9.750956941357627,5.21321728920573,53.38189713203623
122.23111683237077,64.95560545864421,24.439917740035547,1.9088356414010037
27.982434174345705,70.57574504794303,0.17711330353716725,39.7450953344619
28.24763038262366,65.33230636962483,1.028546116823751,41.115504843946184
21.80352401096563,13.117688529556645,1.3389828123210883,59.824402105121386
1.7336352113033193,77.6682404113894,0.44565516554739304,47.43543238117175
16.347051216833762,11.677592307856749,3.2526832797264733,57.26119785195717
48.40110860228693,65.00444343917778,3.148112101308966,28.37565014332266
46.70164955653197,13.617202335849415,20.613167365715185,26.58344749988138
35.369850001646384,4.667474621929318,20.496869055808638,32.64859245002645
90.94479376273091,3.8965091896769275,0.07938565730470337,47.076714043033
17.849121473433193,8.953671660042328,8.97042350888162,42.97386844476309
36.140715160424186,66.6645232738476,16.772484803523287,11.498599201955237
26.072284452179474,7.432514980640984,23.526868924768067,28.637184471017378
5.3296515153995365,54.67376189319573,4.717314451076555,40.03395245608621
132.06415603544787,49.014722649178815,5.0535182978125,22.694214846537044
31.955392349735316,8.919906391373363,5.041905256849293,49.32715105324178
31.187154243200453,6.1450964069466485,4.185976601919839,54.99400914065204
98.7467835463974,11.032777809711506,4.300155410144563,37.82616294795232
7.830640744632494,9.394872557201431,6.012509054215275,55.12293380058417
24.897429629113194,3.7683101824117577,4.658652977872071,53.40185297681581
6.355524543351199,7.860250659344883,8.986187711376969,48.985213352957565
5.829153727784836,42.778573116920384,2.33904090172211,42.033123606622745
41.72291264280483,10.06884046868605,4.732518900833956,46.20387391440004
17.390460395109653,2.764658599098868,1.7069752588388978,61.41369658510859
45.46263472184962,0.769664221518665,3.5181135602275386,49.21833574659644
15.18675231125497,10.692322727905115,23.832375541158775,35.3510702885644
138.33497010221038,8.086683368262415,0.026249032082405144,46.25973213731178
57.96451290347658,13.976532194131291,10.158773173630204,28.179669671921978
29.845534527332806,53.113832782272425,18.064002407536776,16.17247420313675
17.741592777158132,51.994398719898655,2.7771247767582077,44.60359778272159
30.25447592702692,53.544750103769076,1.4660469175124975,38.93036568969053
98.28944365985987,9.467266583325056,1.8462713801094015,39.207809379781054
107.82297861695136,44.037069703937334,20.331848937138496,1.5473207074644653
145.05939659311244,3.220326844074703,10.90654417633822,27.23420844084965
11.647973737681689,75.32748193795592,7.155824444694559,32.97449358557709
98.07861681797273,73.08496146253341,0.48329593355595346,30.849113792067545
23.126735806657393,13.650614833018757,9.785507039659514,39.455388696920615
17.158367658632912,22.70330141401577,8.473717206569157,40.39029305005071
36.4185427169823,22.781744724587778,22.53032817211324,24.14353753788801
137.85307492071558,22.924468725462567,5.621972595912611,25.401858818899566
148.6414018482889,4.67338362604191,7.819363796854956,36.114315648784924
8.44050028922821,8.255380629000687,23.906197450002253,37.21570220812916
48.99851646794253,17.971949509853378,7.822491913105559,35.72596571046338
33.79114625520368,2.249638908740517,29.68207788757176,29.54624488090916
143.2846221360299,10.332814035027758,5.7753067944946865,33.45726761732542
3.848459150400868,5.3689849990618015,22.691201778664563,37.68247618220635
25.94588526414188,40.785009849343346,11.008078170143387,27.117581959812927
7.334755700759077,50.38409271970285,15.590651706257958,19.699321517381478
71.12082585879517,74.16393694972054,7.484524481617757,14.793559609237168
84.51798382956305,10.093325102623254,0.739079255969953,42.32015980305514
75.36424743413755,13.410738647458945,22.270640394178105,14.026560267218152
124.35025357790752,7.33696443397536,6.697179450600938,32.31698807443373
37.41298451918292,21.407483167902924,7.730485671139301,36.535328879114644
109.24829939015964,25.769637559375443,15.703659850869347,9.089268309448707
6.586438672728096,19.659184649042448,0.37137108357403203,57.56482075052639
39.026275762193094,32.53560657786356,26.028198851888092,16.41170153787075
41.84317111132961,23.51792699097771,7.009154799694745,37.28357789934078
49.939646790782724,32.757564847104994,7.946457554462384,26.426966742993304
35.23403813683233,5.657065682341692,6.07664600012058,45.859763439041146
26.125509054279423,22.944890652766993,1.9398370511649397,51.10655749151394
32.54858726092723,10.987312814246591,1.7697492486196493,52.02796665465735
20.966734020964417,5.831358045563712,7.802659440852631,47.00528769998058
23.085807190655956,23.738435927841294,6.319781690924891,41.46678806162078
7.742069732372747,12.81841175713063,7.239347362754136,52.47811173260647
27.224847955193255,29.71077166534756,8.607560274308451,28.88435452443636
38.05119954714994,2.6138614537756064,5.9362612991500505,48.57527858628729
137.4505295038077,16.737464413767363,1.1927181498297328,37.81781306823177
16.74391450684925,7.282570217628759,4.150661406786074,55.61594014814558
15.123315873073484,56.60867621557183,16.475590990521056,20.757509306959008
8.26422450714787,34.62205825668933,2.5639170981228983,47.04328952768501
109.61826694023769,42.55267335438063,4.775609737285886,20.51780358041438
13.670353596535312,1.8755522223229542,16.627170632615794,39.28982785656878
28.033004720808545,5.81486592409626,19.461914771687972,32.68520776739434
23.802520109954983,43.37433925435997,2.2443761863017517,30.615262047603537
3.367530073438585,70.7079392493536,6.1585292755015475,36.26890611555352
0.8776181683314455,3.057218029514988,6.641602645251826,56.96375914766334
14.370479823278986,31.881388780721704,3.248046186256607,42.52809612373116
4.88050190544958,24.849943335341777,0.3296695659323703,58.370348661635305
43.321159176985006,11.732056953006035,7.292745388459559,42.80430345635263
48.470616116764376,27.86864769693311,1.1967176233068946,47.75885646231194
19.815631274911027,9.409265682456692,4.736023857274763,52.2303014942965
6.0103614560288126,13.588359459353091,16.230307604685805,37.91093286999148
84.77378355593156,52.92775073382606,21.310541138464714,1.4713256169261337
44.654510259770746,1.8293774692000526,0.15368426458811868,61.3835224521022
38.0513951251014,51.59288910177159,5.951064887540016,29.320475178405335
36.92246046256633,47.04468443736623,1.1692374581937086,33.873573537567054
105.37282313983613,24.99812067082941,28.99516024493324,10.098054967566547
14.791204874826802,24.672842855455308,14.447771981011627,29.985365469335687
5.163250443752421,47.191811140427774,3.9172468629735864,40.911548038226115
33.84106494286978,3.5144782165770576,12.854098474648795,35.40612748366889
28.63036164410112,13.170072971398413,5.836568774856601,53.944728117094876
28.894555634704417,13.88772445988708,14.69842583554573,24.944508642439725
11.485814184161585,6.370440591109536,7.598296810464052,54.35583926359865
44.89676467218685,22.16835979864761,1.9468361593462582,41.01482115373211
61.6804107733952,12.563292106426877,7.3591534465517165,36.473550385237324
37.75668087225979,11.188555886656856,0.6737076325654963,51.361423787844465
16.755942712957093,22.218394734665633,16.38436801279257,27.900169079992136
19.5929686594013,9.793194090779455,9.315585522374175,40.566338516919956
70.80245627332488,20.418631986817037,17.54301483653039,13.724529610080557
36.381556884984434,0.49753709350194575,0.7018773150471347,60.571768324245106
32.0486038672666,3.2892677969731556,11.190494279944216,40.40260135354735
16.0747850623941,47.37083129552212,6.02479743817307,33.64916985919054
7.7393017423055985,45.93553806836015,19.86896805619169,16.456065937625226
38.096718787154856,10.417716596180746,6.9995999319222415,41.59881908759009
1.8783114771990295,70.37136107024371,0.5265841435051515,43.57224790069331
107.03125078265039,2.856211331451408,23.76079670799449,20.664373175521344
11.258051210796594,44.11689473966251,5.118748050223173,36.797772728736284
3.7706087996394135,9.216935596228618,3.380501320154785,54.509220557816775
44.12205956737908,41.10470703076314,13.670889228082626,13.934436461132309
16.8807585701814,20.427123672991236,29.52982163710529,27.207950220359283
100.03051563545148,10.053761904873218,4.7398846476223,34.617404028343756
1.519352984841843,58.324991876731296,23.84411255502176,21.269760970834074
42.627132243775016,15.173057005663509,13.669191546347045,22.251123484766584
118.66504233540373,37.934363151853645,6.5576929820266,19.18210827254071
41.91643523555689,13.845772896695587,4.748826845377638,47.91912551205587
22.49718371344298,70.00305078605764,15.428425690200319,15.288024241128742
29.22715566297291,20.778474110884567,5.1509058800834415,44.132633614235075
14.38163645218391,10.017482031081324,18.71497458833919,30.212888364412606
72.76325358193924,14.528697874331511,2.546601704450138,39.907300294540256
27.673588810492493,13.775783817003925,6.809576699830093,42.68529088725938
142.9870482293879,39.84106826498327,27.689260330165023,0.5946810667318303
11.861339586799724,1.824208323142193,6.228443679292308,54.14576495515578
92.11189044340816,14.783564744966043,0.06771537293847629,42.107213303644656
17.284799675195973,66.85354604924092,4.138675987835962,42.44305397366611
101.20233891087594,64.55992617880685,6.760899304569288,15.753405827460787
27.312380006542547,15.608388163780138,8.529708703182886,38.65481697361031
25.28170767109794,14.219227563071932,2.3118159699842566,54.39976191248297
88.31644685591257,13.951224390737188,5.452460277035162,34.717941045822855
35.25695727852817,73.8923740629852,9.588874600621159,22.553743817601735
38.00174509015869,22.051204650192467,7.423618039725056,40.37278604010676
33.56354126145663,50.252144927649,3.2395662463908925,33.492299645368476
49.59049756746817,7.7798111088594135,2.3697220932136442,51.07816564226409
145.09413518658343,8.811886039892485,5.80933135759328,34.42090747400684
75.79395067869007,6.5621113679119185,21.536719440832698,17.796758586031206
130.25607481516278,33.01576467306877,4.779263135852658,19.551398927786778
92.782345663825,19.110002784732654,7.073313401547864,27.68627136037588
78.55250717153396,1.5286545261921551,23.228098344362575,19.22566757841382
41.53113802158956,73.50793353075277,7.051127989095176,26.0730498055847
36.1721831177456,4.488207312341669,3.5768912598542597,50.59130190348225
137.0400463105837,1.0753491095013834,1.4263460930924188,43.065577219623485
27.843922158604794,9.030568380857156,9.466536792113118,41.377988571553395
9.263517769166185,63.83225411769926,19.524912572982295,24.183451668840082
35.03057481972258,44.794936012152036,21.74502617472971,12.534476802371847
89.62772624917005,43.269858744682224,6.016375422446888,17.495382609056776
37.380469008812554,7.565557127047217,0.2653820562815117,57.478506681794975
6.313237078225137,16.976727474424212,6.569137015189437,52.15130007103986
54.47683886884869,12.714448046717877,0.7166106983554323,50.83033032375983
104.35955749112921,43.60190844503781,0.7837527231605383,29.778551719835434
21.597250932105787,59.73453003584632,4.691742176324378,40.08859036330084
87.59383754032933,5.443225856175616,3.0833934246931545,41.646928886118346
46.42538759718893,6.5052841983938405,3.6432224283973147,48.328455897295505
149.8617319164385,53.28034995065562,19.1557555795997,1.537502295417996
38.257442493063195,24.625846125148993,5.994343293315497,39.74965403560679
123.88050500786865,52.348987377165926,3.1603633517573426,25.54757407032382
132.86671435335938,1.38868083719115,6.322561963838037,34.98786747534656
0.9572433998418339,7.032761761768564,16.374882675312303,41.977768218328166
19.020027448520484,21.77026061939045,5.184883271010332,45.32376639296558
50.924158840551435,24.147574796645273,6.522691819928792,29.286749365110932
17.827946058844436,13.275078243574063,8.194195066153062,47.06768795126548
54.050917294132184,8.895759466691523,10.684478029885845,33.1084439218391
36.51108588786246,7.523942888966811,11.49248225197055,30.648162013752774
11.614482704822631,16.56242182960696,1.4440569587551773,56.68636020895985
121.47023163822577,4.363647087587413,6.526012699656919,37.810687932863246
29.965105806971888,16.415548736828228,19.240179793009624,28.046951208371404
38.793253260139345,28.045852378137685,0.5072159195184511,48.9990214070761
24.63090469964348,13.162890413040756,1.9318642896597868,54.89316068932636
0.24699904672048079,15.314820206896911,12.687028428987489,38.997505611203735
120.75228189780428,45.151086574112185,2.3743691238413165,24.52963159231898
10.93569444532696,10.657022656363372,4.2810416025575435,59.36191113130087
30.172429669068894,9.225367483648636,6.710812674115019,45.09516163285841
18.412505369756655,51.40953930227742,2.252152739731338,39.760529658067014
3.6106592667593973,24.1964981020354,0.5789867441400363,54.68966474825551
143.8749888279833,4.78232935505268,8.923000568393837,31.058924319563243
13.95041451738983,14.009496503419209,4.177382435874704,53.78659722081766
82.45066491689474,16.484976997634284,0.7726978421515653,38.52220300191203
76.4967061555443,17.11081723953997,6.180417074129621,30.628098019162735
50.23474738674531,79.47112977340205,0.8522935488669754,34.937062592804324
0.18281556723246384,13.824389650435995,18.50830830276247,34.85310080293898
115.22640059437703,18.8077742668364,23.752731168709204,9.326193182793356
4.206383112969142,24.941258459386837,0.30611315991441046,53.28276726597332
20.46670031575215,64.05572520260571,2.9018705457355534,35.57031217555571
19.82768409949816,18.189833582618583,1.8843733901093156,55.91759271294539
29.517384522938645,35.18467663647825,2.8434282440635945,40.09351976032159
23.66049533457786,6.641961637570931,16.49044981248774,32.66542795008613
38.437356568125644,70.18735988171976,2.0406914489543464,34.928238348347215
20.54081977837139,24.716413872850314,27.28763501851461,23.389003688948424
25.965634632115158,14.831777324699807,14.296482290022974,27.947902589721345
27.862591665920533,16.171505600430542,0.9188485546814125,52.4073552153745
24.58079375584162,2.029694676260779,6.591297019653032,49.57442715240566
8.523125579082102,8.019110350542505,5.759197091077596,52.489031931269174
43.5602241131526,7.311136524934897,4.338321112090935,54.108318315515206
2.002955952534724,13.693497736728421,5.2013785085800865,59.58744587475038
91.92492493189658,8.403991624627471,7.427749219161255,32.831473746496066
31.70710691478684,16.218337061134953,11.132189363270367,33.720400682378504
120.99330734342463,14.727968399505913,6.83988811865646,35.103854404448796
47.33668644616978,16.137263479158822,5.118173768111716,38.838159430391606
100.32192071829621,11.595542969191577,6.2950335825677035,32.11292136719388
7.815848535443043,48.31519231181977,23.194159489069023,17.973207830784688
53.18847952085921,16.231068320949266,1.612303495901334,46.231558283086386
94.15472888798304,21.55044290325042,15.514273282251702,10.793316498407242
25.828631422298955,8.443894037339634,17.791675123845017,30.916783619392053
8.544379369503291,50.74190811074999,3.907755857999482,37.425789473676495
8.474637334304624,24.746687100947334,5.924134396459637,45.907799034248725
45.55602506959788,18.961148924996607,1.1249308550582713,49.58559153640428
21.18691268243814,15.984772147575042,2.886277132732231,53.01905328888174
46.12171418280622,20.113967861715754,20.631421999512078,18.396630391232474
13.988346544352042,21.445023432064765,4.383315549413194,52.65354137749202
31.512360972807897,22.499581921966353,6.439828837876348,37.04753135272862
47.881582313629394,23.442052553986755,1.4649876782761417,44.44202886907543
31.56876630241255,13.902888537180328,5.580836011154896,42.94801292171632
2.0364401159485066,6.304879035697955,24.635278262647084,41.17616789097379
30.859711355848336,15.862001829337006,5.3632782128089485,44.90203235671709
11.68560409552165,10.237962006967848,1.0636181661277355,61.37835293527514
43.9665107839237,0.008253981486910922,2.688049304790498,57.43846030135501
12.172130838270533,15.453807256488933,7.486502067861812,47.350345650599195
38.26816819290204,0.8918604090133092,6.0672815234165,48.592845559333504
92.76917880334611,15.741030855811433,21.22469262455079,11.899244820006281
56.67502548507569,24.78994438824963,4.755712388217889,34.83378794455958
122.49102718360844,75.33565412835117,0.5150728474294466,29.14194812757677
32.4128477038911,3.261390913784848,7.7289305799420385,38.88363999082875
34.773360334493105,75.33274067345671,7.947333640857031,27.869822672805533
82.66219057480087,20.691985180088512,0.09582951576131471,37.49524909202793
75.34937532571904,67.78408617082349,23.809195932106014,2.401569296049743
14.52522528357102,21.976550113806255,9.53641296841053,39.692168218140246
9.546329253582176,0.5290953495509565,16.308320918462268,41.36807194785173
17.254187275661685,52.82594399706937,1.697427640871263,41.99762051331482
108.68204450735637,13.208617335913855,2.6324902797163983,34.99505337595847
27.03968774927722,16.837913186802727,9.004132789600828,38.46282735355454
17.065932297502606,9.358139115321345,0.9444711980945133,60.33173729163618
45.02090285816652,2.639391055486584,18.28727731940579,25.759371859626455
43.106380863272534,71.11654798112033,0.3740801104893299,37.8300519142739
35.81985559790495,12.787878402080624,11.260490918711694,35.290351163007315
134.044275054602,27.411586029102978,0.29252622327286737,30.567449803101532
44.456396197000494,4.459956298214526,0.16053676325573374,59.164385063736916
16.391909942501705,4.496111170888531,2.9226689083798822,61.59818570008576
77.42618501588997,2.113583384503076,22.773562695280866,19.612920840365053
95.09865026483438,18.220853678057587,6.241070793560737,29.864249714683034
0.41818409384285493,10.72424951793768,1.4029424203230185,63.52580877216762
6.548687149708704,10.10781078049397,2.0274236959311747,59.23912368983112
15.783424058203298,0.4446285315620857,4.9847498826222445,59.91634762865216
61.530109033904935,17.67110893572746,7.651356977421824,28.772575495796083
20.379210428690847,48.704633813749325,26.498588660917257,15.842322487239725
94.50186837253553,17.546560670605395,5.262370120205994,32.10712831337305
36.97346166193636,1.1307407730053731,1.2488399810992021,57.03961929089271
20.683276179160348,0.30468877529356286,2.025786460107117,62.162258686189844
59.94962261806381,12.276120544309432,2.621240239373143,43.68524651523438
40.13201561764648,16.448770702985353,6.645972437764447,39.355497558117875
122.4422340269315,37.79264794366675,3.3312742358224483,22.580077031464157
22.132742413021656,2.9824895150453115,7.375166420613141,50.1657798906956
20.55721682399935,10.653788711268094,0.16761736235619917,60.62154372922241
16.830213909696027,64.81057750026199,3.8230639570559193,35.27281877632592
0.1959187475546631,45.54897747706694,28.69041398735164,22.615304365860617
91.81315997936227,22.249937064528304,17.748241854908652,12.893948411206473
65.73785148688675,5.159668556204519,5.783313457611081,44.53757896385462
3.5245972821572327,17.86805504523566,1.4887805422632328,53.921003938014856
100.97355100039371,11.70566010231581,6.735509045139886,31.721683904096825
119.28011986299087,15.835800782049002,28.016721447009875,16.16135662545828
30.123458522863324,46.36243086295735,5.17010701632582,32.33590968220161
65.75005480758038,13.091809999974629,10.65289675460117,29.21319062045304
107.08530255443128,14.656696079831702,0.6495567265625946,40.08517675747461
108.76944695313122,29.530995649312583,4.7407227795556945,26.562619258074882
21.2065335651193,5.8757196779533425,29.566563303696537,33.577603816058854
40.90073829612466,8.659982994071308,5.834565982660995,42.79434868258686
29.417611049157667,14.027752719210017,2.9391492738362563,49.692069117760376
47.88833290881113,1.0004910184751497,0.9626132591802801,53.8164305841879
120.93142948034834,18.72294101196299,4.178083236232128,32.651707641604986
2.6673998494448847,24.563719038489985,6.42702057150337,44.11542163318562
48.589104136048036,9.764052560675793,21.977958883424392,22.872839384291648
42.13559510802774,39.8794164273694,2.489253733846472,37.04450557934522
46.92410791070773,53.86584325907572,0.8537411884196713,35.170536172578956
1.1676048164092956,1.423821682392029,0.14235912010260154,67.42328466878301
98.70160405162395,10.66109514285758,3.6485296741353324,40.98330051529652
47.03922602515539,4.640101598885829,6.919996900848425,47.309119911904205
6.443986095532461,19.07935964024347,6.9064493358235834,47.4428993714782
37.948841592701534,2.724290732597895,4.860908208265878,49.57122483474987
104.44613321491686,30.930302061857084,26.860085992908374,7.475438762754287
85.52896432193188,12.031086384420913,28.531207207276545,15.153255367453921
22.700081059805743,4.5374407067710285,3.651012745983561,56.87922782788024
25.38051893422275,2.7687126957627264,6.893338069426027,49.98328547656085
11.024381970737462,2.5110104465491503,9.608865274400136,51.03521559235157
38.88639550338965,15.342662046239418,0.6516337178752032,53.06077564263451
144.9112456888247,2.8889174709084697,7.8792339930793,30.29724141052203
143.2133915398283,50.72119683034225,9.415156236613859,8.368069300297797
43.88747024313125,0.7114347960980621,24.193511224505603,34.08569607777245
8.001246823159702,12.893404709351122,29.96517320028361,33.065651146895966
107.70533417135442,23.865937834001393,4.951571969110538,24.219352317694717
117.76111820995942,3.7185377467874368,19.515651594920296,19.084686610022853
126.91698695235874,7.033464651140919,6.651534238670786,29.662586771162026
48.35176376280731,20.806572149253718,6.748878633099534,36.66587813116123
0.19151452501612876,12.443670423909401,2.7518638084887757,59.99898464063241
94.32534414749622,24.245519631026006,2.782477196687334,32.743596745941176
38.00027724810492,18.49490929840248,25.73588696162416,21.098458429116768
131.10153749320693,12.46104601087486,2.380891397771409,37.853974524133214
18.849308364342082,10.294113755659435,1.7720062480734988,58.75511768474419
26.78282996737893,1.4153743283680853,1.5780222218457558,61.70654501587554
13.607256861498135,73.06996840458419,9.397120324196635,32.53513963676698
137.62923485239375,76.18871962558606,2.0592391078349257,25.389094160570355
25.435299210813334,1.0647738492578274,1.7932320353895888,66.01090446438045
115.94900581245842,20.586326343983018,6.420016270923522,32.54721099263896
10.29436553832997,21.879680336468223,8.117619238086661,39.09978687148517
86.35144573692668,22.54133466781763,0.4316090581928176,37.70813555581043
145.46376520064683,19.554850901161313,1.1839481954432713,36.12063538521226
117.58116357427329,16.544128868184895,28.287434042571352,11.455069039551308
8.36785161183905,1.7912653557871168,1.2524053994228455,64.71127689494811
10.889040088378426,56.74241591780917,4.843400367040456,35.956351353821915
94.73324266661878,67.9113614710655,2.417370106442303,25.37053226051553
1.96959168464097,46.716254987076155,6.572445603663939,37.479977441965815
78.62243072399943,16.570077159393396,3.623462964587624,35.03456169041346
44.76730445765846,22.372766064116647,0.016652098799362136,43.00167087488434
26.647889327566766,17.90233706224904,7.116969886314056,42.01004390570858
64.98627988865516,22.924584929535065,7.152750188451081,29.278301241500643
82.1662471394747,9.171709857155735,7.203516476786391,28.36002691091133
5.673676062029454,60.73530668165649,25.354362377554036,21.953872984835265
29.51474712574039,4.664096490866493,24.494575511162363,35.81048810042525
24.444891589622568,5.708004344923568,1.8414502309700618,55.35830322889045
7.22182420775388,22.24914671866704,29.68685355238016,28.37877015569342
37.46847183224784,69.23285839677246,19.426252314637665,10.090351209589265
90.95609272625092,19.04513137387381,6.822201633321834,26.28922122795139
89.85592241441276,5.6043069186725445,27.76301345321569,22.58061337064128
58.92221680572386,15.480198125745575,0.964552135640921,44.31037227121726
33.17508845540279,9.399027554033848,7.846459427920044,49.56357994435275
17.39707057910833,12.409109311657676,1.9413708026544363,58.06084175344598
97.65679435800186,48.76025238450347,7.778709426751046,16.939926507521097
42.210616264307156,21.711633530309214,4.409316811789221,40.35863209802027
22.101671046556177,24.348389352610685,1.6809414898588688,52.77401197850051
45.58925561908857,1.7454075371390487,3.7300484339479603,51.41877027104154
68.3579627355146,11.053852844664569,7.471191770431754,31.262259799602962
3.422935966678903,19.331528801999713,4.435135826935324,50.27854073984829
114.15796812433942,17.733096319399184,0.7533104708226386,43.860693494164906
14.593358851819987,69.29467185889766,1.771579535281246,38.5686137737492
69.37170507762978,1.2210405830185982,3.724160042513196,42.78556896407269
99.78691805143191,2.7201847557516396,2.8821897578640847,42.94039359824885
29.84726117065863,13.372619604744873,8.517886254150977,41.412469265672826
7.433136387655647,5.289553364262284,6.545904225535439,54.61002141418818
42.51740005599477,5.584285945684223,23.524020476101274,27.74644619013597
95.73166098928203,6.453954191461958,3.5159349318251136,41.38480587561473
40.46805777392568,22.484163223023174,3.5146440223456024,42.083291078124105
27.284798440651294,13.340060038135695,0.6222816016037438,58.93454822989169
122.53896016618326,52.19835013270752,1.0572495784345817,23.72126876782017
90.36466944934779,37.87927774081533,7.883970171136685,14.393021599591076
2.4093006196648115,6.29471133367211,3.334958266915499,55.95559096245857
94.91482027322127,17.857949265259325,6.756079346138285,30.39515893151276
97.67538755083282,22.23261809570546,22.216917612142947,12.915520021812187
20.981369140340515,15.321369349084096,29.755340623610298,28.03891865626058
33.32036523474595,20.184273494812235,25.161380331610815,23.129246749300272
100.3068322632028,42.64757747631833,2.0181890351596836,26.953467924244222
55.53323871633461,32.147519724230655,0.4117336414077526,39.45733774504729
23.27990090662301,43.36073380361396,26.503252592676603,17.472454300438024
22.12727574073728,24.752744593372928,25.16513407733962,25.461877816381357
139.96124893723152,19.483406632987172,7.765129973999104,25.61015076315885
2.5286551912114428,56.93986763785431,0.4992185622149652,46.621262330071524
46.03698251713177,25.537472728071467,2.3703439021559944,42.11181187817678
2.6467967784409128,13.07068818277322,1.7399454625609154,55.299816690864574
27.717702625570034,50.534679633436234,12.251922991869627,18.978280058650626
53.10568760351556,21.81990812698607,27.200999962175256,11.918263073061269
87.8347581682647,5.892177858267736,29.051112716653552,16.777607062659563
40.19024452417376,4.190356403665735,23.62700753220296,31.79493950068209
23.19656884061664,5.2357096534733385,29.87736515567191,31.11855471218398
41.38051306745766,34.05095821409012,6.995519883203063,28.513082497411343
7.046211248738132,24.726861636842614,15.941593638744902,26.83607323882047
1.9406473905901056,26.268486284847484,8.959208037011757,43.60507007428585
0.9564483218643505,11.34832404357476,2.034359316461593,63.91659768058844
5.270068869823113,2.0129139647877965,28.216121133911916,45.16617192257245
130.42029072977812,65.29771302682407,1.2958634154385944,25.728561390355253
13.876140245119629,73.67024014665964,6.512477395586736,34.13366173437297
39.578952186292426,43.77767389450966,4.253671972648419,31.271036953044703
24.38335343106322,13.045826212371244,1.5657073194261217,53.468101083620624
8.228302921466746,56.95710782941839,7.98386106965979,33.496736603469046
15.484585555259455,15.873787894024543,5.286540667678715,52.507223876550704
44.34624501046348,0.8548862480297209,4.164560854959047,48.62126954026876
122.02679239473956,42.854359818814444,4.596769997634636,17.93740722329745
23.073873231236707,3.5009807816088037,3.83221567180587,55.88351033988943
8.00358174772865,74.49164033039058,1.5474367334396524,48.929738909632555
2.074866275495318,0.6408062471105647,5.702022041549566,59.240558485848155
44.849764468220556,3.065480511435961,7.782861835877932,38.138056652112944
7.5084500408520825,9.001637338768207,13.900503081495012,37.84341708980876
2.6173589215656543,57.94316499781315,25.89807387364188,18.69059602779656
34.613828225892625,17.389629357588603,23.25231119626035,24.14347933059532
14.124803298642613,11.197283621111579,5.796182708631391,46.799822752400516
137.12718509501173,40.700174615793294,0.13368874990181023,27.997349324167033
141.4886150121504,16.31317194376047,13.874711429872892,15.496672362251852
72.52071002162016,17.728096020380725,20.9372334814572,12.993265827358961
47.78257491148767,52.15838236410245,28.25896602281761,11.253088388353765
141.7098505171794,4.31974129706158,3.9770464278737023,35.527459200932945
13.519664319226276,19.94828418778289,5.738263775456853,47.02115813858484
79.06429693065311,42.561517617971646,10.973603814883136,9.68603032210765
31.3664467545339,1.0537604240733551,14.080657969945472,35.97882599050054
13.956523538713483,5.803347820003904,6.324449910101098,51.14992586729099
7.799726016810133,28.501483328255418,4.275691957934464,46.67617654187164
60.96281944034398,3.545720717191872,0.813415171447935,54.60508487422928
33.6351497104449,4.593473146060697,18.45357245631365,27.927904014668236
20.916693205114008,36.24650726378188,7.0449881278001785,30.275306022329612
24.566521595606545,49.901285852191975,6.995510281285951,31.40666039683794
119.25728000775818,58.99279445844547,0.46023999017664075,24.680272802283394
52.001172362877476,32.728804829904725,7.615070446089045,28.450387012010534
11.337930870025797,59.639549213836474,22.722026594872446,18.11481872914603
43.795246249994726,39.41516434489745,3.136907123660147,29.26824884365943
17.746233043850502,9.837013764715655,3.348524785098869,54.37128071541508
141.22545611011557,36.89759829604346,15.53021967865909,4.378853071389859
6.3400899563380015,10.426218208022522,2.726698194802374,58.47756877459506
4.424625102595975,17.969725870500643,3.509692391070404,60.337309632928324
131.7102133002615,35.16935673727596,0.9525874078619276,28.743791961939245
17.721247439652743,3.5526739958145592,6.779367101013246,49.02514358283035
32.482332449618426,40.97767859592405,4.788104635734202,33.57452881031738
133.55707099645605,31.307468330826858,26.500724538820158,5.422872488103787
13.59748630643155,14.480500880688945,2.82505126808842,58.68725715934104
48.116902874060344,13.102788530673878,8.247511491654956,39.34423340291443
47.53571532049581,1.9323373287616463,8.715652400891939,44.993984129941154
14.34233228236,24.428633320010146,2.6392076811925156,50.420936605769654
37.13532605999905,21.38714886739894,1.6156597950855192,48.59807432635147
9.190644474090748,16.169374027048313,6.815897745478165,48.10007009472644
87.94613805934648,9.036958352356889,5.135100028343025,33.16244530410929
7.993988168322069,61.93434409800459,6.37745622726314,33.777518023055464
99.60754785005312,20.480764421002558,2.466063916038604,36.45067900935886
17.65251958001512,66.18253270019943,3.203630469453958,41.4242336477119
25.167256530307704,38.302829986258466,5.053580742584856,37.18444261288136
25.26033867883191,22.867393588030367,5.085120878463677,45.757349135292856
90.8020091285081,35.31404263706085,22.652515719792696,3.82360068639431
43.3999795947545,0.9371989217414833,1.2188902749231856,58.18462109416954
16.259503211234744,23.22690900642059,3.775817623501233,47.9709749793923
91.09606080359032,8.284827192412905,5.940297299643723,36.52556616466864
72.00662547846918,50.64412076145554,27.780702255784536,6.75761572111288
31.064622452480506,12.33250540597398,27.765311343013817,23.953685859538535
92.44928326765351,22.528280982154296,1.4901374585031508,37.24839454759533
130.43203260971725,21.77535718484373,2.0402853570916806,36.132308205898056
21.355389431312815,23.51003430655464,0.39774633990375285,52.47139451090511
76.25086042665441,1.9181842982051474,3.955173622194099,42.120399567408555
7.784629887796646,20.15279544146012,2.1253580468515327,52.357222916883806
68.89298137649523,62.475106656930784,3.7853203858725726,27.415664374074193
124.96257521490237,9.039756660507742,17.399981943073758,14.23725560078296
20.565198603311565,19.332601002859384,3.7541747709034325,47.40030166501982
20.470603590850917,7.551221637233504,7.593057223333315,45.85109129652477
24.29358795931628,6.999688736352433,6.112694263930646,46.533189606978176
41.34292804863765,2.1000428630156414,0.20443427719503582,57.231368447577005
1.220039077826901,20.18746829141652,19.986269093255274,31.220661813361097
44.064877280704586,13.82367233944731,6.329518124506399,44.37182206734317
43.4204761973467,21.823718260225046,4.0540625441901526,40.56555789675573
41.95901974901493,15.249537320361789,6.0314923541309335,39.1576685531351
32.536219216690014,18.671203032402953,4.036920880795697,44.53852036482188
108.53754227909563,69.85483405804541,15.683110400001011,2.6974780930854516
140.1916107837883,24.79816545770277,8.572718296119325,17.162402943541455
24.19012699303236,33.12479406184224,2.5294244070096674,41.87817627496431
16.936647788721572,14.53462238341278,1.6892837597020192,53.27696142995715
111.76945861885909,6.731760607630191,7.810160505928975,30.0796009998174
81.5653626982324,72.13410931412567,2.7354104366245124,24.936339284181418
69.25816324585278,53.0362726387572,5.922916577248757,24.182106196210295
17.611548753537264,1.6888710863921768,2.464202814415499,64.95091031895709
131.23173327141188,9.222063038897229,4.767766075102878,35.80302649842287
46.23208955643183,0.8283365548302724,3.980685629654954,47.659495379169286
53.82027837573911,3.163172851226892,4.828006365400401,42.54343954894489
35.85907235233788,12.855179361932157,6.248245634671352,41.192164402869736
26.777123654889913,58.487690204607816,3.23460898279583,38.26549875460747
34.394286115040664,65.31674795202443,1.4759232948292027,33.9133656795554
109.67229901062171,3.7272437192061942,2.1459415453124633,41.310502936351185
95.0383213039008,1.333504075129588,15.317997431999723,18.589866579097368
135.36299285279568,6.276975600733634,1.2886739753368923,47.92827342051287
58.59103882028205,50.71471442467781,1.5274942748061244,29.449697003027715
99.61759261011153,10.196500639772834,0.5801239707004999,44.662546079523324
20.1130206841771,24.44308779681609,7.398149491487214,36.53332216020332
15.360820851063545,1.3013099591826782,0.21789682067371263,64.65963907013835
98.93227474751214,22.40038807404056,2.494112413217037,28.688417689266814
20.214487362743455,9.054468938953653,22.565950896034504,30.800419238619536
9.633819824335015,71.4000907065187,24.410187441183794,17.161340995693678
85.72419681701362,50.40894541165255,5.157804690727161,17.8395518941869
50.81081968862132,0.7216209864507689,4.756787631591823,50.99806792210297
7.583743986637559,9.823610984333996,2.0105517490105234,61.555956893490986
4.564333839306678,73.62938621809873,3.013641619327381,43.8349153665418
3.281304408890878,73.92194947197416,0.3714692431283835,47.276615513101454
12.117684756838115,8.669001798001716,21.771790246742782,35.547364762070266
0.7157638833529989,2.3315030045207936,10.341541811393434,42.87893321267915
55.00645270932944,13.875227161871281,0.21563807838504978,48.34791655843634
17.77465052206787,12.160227474777162,29.825392369860825,31.668588142639358
24.100866988846626,7.74824773072916,2.9256042415605883,57.40180334515912
4.07236064455796,0.9487432559967701,15.46368893015814,45.071592330364105
24.825771111530244,7.122215972576526,0.6355654423911599,60.121126705141954
7.4699694226886155,13.657739284482476,5.3558480391202234,49.8497565417072
22.00994989777453,24.76164330153941,8.893314883119814,33.503676551371626
9.17022549267169,9.23325422049112,7.418098606349099,52.94046446872725
80.22767004964484,1.4236987174612055,6.266811200993955,36.68043793623888
110.66893231978858,34.38539738136579,29.053970809075548,3.2900021131829313
89.85020288039803,28.12614835939008,4.098642042156664,23.17982614938495
39.7012594635148,22.430103273294787,1.7126997487081708,47.79132827024109
17.146483137959795,0.21386925295425463,24.875823519044392,34.150768479447194
67.57152458368259,17.374186515146167,0.5914851481335806,39.78472254177628
19.139205020152026,18.046329013327806,20.627657248252476,27.361813152047684
1.0990907404811456,70.39903035827491,2.204446522975249,44.88977703673347
56.69910943958476,21.841716391283285,0.43811022020660406,45.80603707067438
22.588383936861455,9.621406562326337,21.926171435704845,28.594551789864983
48.201442358275685,9.891170529917812,13.691743248143453,29.75233512855638
66.43926843284142,22.222198491412065,2.167372890480423,33.67332018367726
137.64209436044928,46.624736737318024,19.49200685252186,0.0
45.90382760995753,0.23105786452695398,4.719685171808709,49.92042107253808
116.07273931091515,36.99090741925662,3.373549709745454,21.003326115520068
24.858738200421364,15.872855882801604,4.082500667296318,46.25403208876652
46.124969058864785,23.758386666709765,21.521763384347793,20.44863157737926
98.2356208582753,1.849722105047627,0.9405365637858223,45.60928028780076
62.508890983640356,43.58978172215576,4.826725036017813,22.194656393296622
12.608643874776499,49.73778678611367,10.07107473473315,29.58585725713704
52.39754473765317,22.094436455214662,1.1116661150681457,44.87933576132879
38.35941444655634,72.40504715674086,1.0760171808157706,38.36679337556597
17.040177012650894,19.90750464919159,1.0236653128664228,58.15517806643358
58.55995528227683,50.579876460299985,1.2732815817778107,32.336848039767396
66.9705239155245,50.51705979471072,0.14679901163274778,31.70670824564265
0.8062323186107445,8.619673216363413,2.77441775830403,60.82121998380196
144.90796031828168,22.193837735349657,10.55435223680745,17.48560477551226
79.40033885949532,66.54381084887737,1.4607899962283213,31.21688130707159
8.535418165624009,5.115636813975496,2.512117681958679,60.1864664119139
5.521593170555134,47.599613244372335,29.52051448359817,19.727750927816718
22.479167646013114,62.05143309413888,5.323092990280256,33.98902684703451
3.609920448958792,17.929672243131787,29.4367963075012,32.35200792123909
10.199730180469368,12.771309124094948,3.0648333347538568,58.79843264309783
143.36789061329353,5.498357845764532,4.5000913288381295,39.52063647371871
20.43670855490482,45.239169881573936,1.9641391239076773,47.429089609017964
13.615366325968449,21.305913124397772,0.12138387337467815,61.11905328901365
19.62467782033424,23.384556518319656,7.7182700619632785,38.14155844652534
4.904129039212229,18.834702872995894,5.331012193539231,49.65067575291768
32.8390052362147,19.490216063561626,1.7196196012553662,48.412862865600296
25.42853455823514,18.782682391304412,1.0002529248689802,53.96340604761852
44.928030233741964,11.791320033209715,0.05213052553500219,56.813321031610684
14.4875726456884,24.51480309511968,21.67850433247492,30.567661907888763
5.125486399533963,31.5008245783242,17.114206498392992,22.3147950804996
27.542868530456964,0.7323426251342663,4.998738380782299,55.690180642815065
16.441130892430465,6.739042331311487,5.974775799151817,49.50455842063536
79.60655100389471,22.46732634505402,8.007576095659903,23.440907907825547
29.646996742085157,11.650087858825323,0.4498194409236893,54.646756895857784
35.33886084427229,21.55629070756218,17.338483040676888,21.052439102679312
0.644873489476272,56.9609686934178,18.931004826384278,23.358130023960413
39.789633471805054,67.55524553157859,27.958077078151863,9.810177059601347
22.899787950178574,3.004788536138467,14.7047596269874,34.22106896366394
12.267615708310553,78.4801016628988,1.7049824008444672,44.73839783536191
100.25476067220231,3.647231162082182,3.363431649123611,36.27482261354403
27.476476794750848,4.0428194582526995,14.097142514750612,33.038772127655896
30.299848363551273,40.17906685191549,16.353998655053605,10.220122698206055
102.18622953321787,60.87410847754492,7.993096609732079,11.529268896571617
36.285975419418,55.32356484844918,7.383325948425712,25.063159032442385
147.05733326273605,17.498985317845932,6.516853474999367,29.13664453933775
0.9116291338180815,39.40504405314641,6.981843872482797,35.339842652845
143.19127325974557,24.947878360307193,4.275103714286135,33.38299704075342
10.773145363786501,13.92226595682736,25.767715493039542,30.681608401101013
43.09219116474149,32.95455859678961,29.976542216299862,16.961438814388494
17.739864482819435,19.3515426736529,1.7253052785393113,55.61243488835262
25.15667773741599,19.463384275085136,4.7448588614694165,45.52276961616776
121.33217295012723,4.981046964615454,11.10597097220447,25.56946737735807
18.798561096456957,15.139256847348257,4.531054404881659,48.15949610398071
32.897495560229615,0.8907448847534832,2.0612953586934823,56.29810930092185
31.34164522075336,0.1430232885491156,0.9912642447755733,65.5204410871226
22.609951414171764,10.976765368548488,1.740042669502671,57.97912400384716
45.097009837457506,30.41832904076936,3.333786249088006,36.96431869540174
130.30756423377449,14.166686343754115,21.566863264460444,11.439298021617734
6.453562346544073,23.530488218641434,3.2892531036424533,49.68789683253465
37.69340413549565,8.721668044879433,4.5204126903232265,47.54552311043772
17.375939765687733,7.857871968117306,5.03246078847707,48.01411285691209
15.955023662162782,8.999038122078886,5.518037127821992,51.376649627234144
124.28215015848659,25.535202808553766,0.816989584161707,32.35767795955172
2.6371976081108697,22.26055509447913,5.610232049037655,47.51876461029488
44.74136752138244,10.696014265676324,28.642279133357434,29.52273584861524
63.696663454423586,13.434596060984202,3.991302986316607,33.94886926768053
133.29941385530003,32.680111957645174,29.599478370901714,1.4900626962706363
44.623454697600586,11.03418900799474,2.619896070985047,50.21629155346516
44.00783689607425,14.529633568302838,3.3125373326146903,46.398138540645654
39.14618071287862,45.45171164871774,3.3609321756755515,33.90933852848302
21.088712096806294,53.10118171267812,7.653404296635926,30.757985549660233
92.53564962699836,62.258907644546525,0.18670946264517685,29.39915514262143
38.591801761505494,77.90845283757389,1.7805848903090808,37.574587931564
17.274042686172287,70.78629000175499,7.507454523301944,33.37204863089017
49.842464214071995,14.979390880264445,6.3630653929809435,37.09356209791643
13.45807854958146,3.6988684693492675,0.2666303598100477,68.78923823723419
8.181191059583458,1.3684908977484227,22.854832245871904,32.41826715428132
110.41739381725918,15.84632252208856,3.0229279324937766,34.475315208735964
24.076117575627503,18.22584357073735,3.3806605496312967,54.450908582655714
12.386549475057873,28.61297361373557,1.719047776742313,48.93753323607316
38.732676559059094,21.32778472892591,6.391305342286825,40.212649469149525
83.69219130767456,24.16087025210799,21.284114189020034,8.935873473135498
91.10471935560581,3.783531467288326,6.671266991396154,38.22230295474623
93.7777271889569,35.58853795008889,8.071960357287503,15.824113809527736
46.04209413086862,4.8916573906335605,4.172344262145453,50.82726340939614
25.885582169235573,57.750051548931495,10.03411925030066,24.588844552553216
37.558902390420904,10.969055516290743,2.1618333856605902,51.90847321869883
4.92734257064712,71.37509946615431,0.3892462559930525,52.09302167281772
35.80753371115968,14.285284826105856,13.174635932665826,25.740725158986535
0.1909961329291554,8.649312195175648,3.2663471503137282,58.839640540171075
15.582645832732444,13.23907734120843,3.0738443043147914,52.02255359661286
87.14633393344715,11.580740935225723,4.1417333304201716,36.6832895201848
23.758543301131414,27.690150390316788,0.7189637655147196,49.011653930713855
23.038938401636287,63.50187225306705,5.269644341812208,30.364526891516714
35.098343862885166,18.659316869808844,5.283170909595061,44.158660780321284
2.9081897752737893,3.1897809821844287,13.11951459666072,43.223649848808535
134.6550775819863,8.999337954416736,3.3089968208863283,43.6789041551219
56.043654494056405,5.77044462969454,7.796984934460525,40.90803646363312
91.29111895892132,21.48556477153261,6.29991654903499,27.68234633492687
45.61041183907628,20.328006815535485,7.484954850629257,35.18805618053028
26.566997661830456,11.288659024326412,0.5762954001481608,56.26157041765064
75.28549787625587,7.880965710025528,3.595534385930627,38.272590550918494
11.5690318188424,15.332083671047467,3.795385554310389,54.475272755766845
26.767388403082837,21.07431005121408,6.573370114944128,41.17509341328848
40.39157259133111,17.745676872996903,1.3850943301906602,47.48944823965904
38.8524642825878,16.3576580383514,2.4453125807396585,50.02412539900537
55.13343713236776,12.405879346748778,1.7969353316656154,50.42875314527039
20.94738950937377,28.022683105753654,18.83930279302089,25.71888023176776
23.69808201314362,54.7715723940977,0.030225481627816464,47.41468511972996
11.23286988208833,6.9167485544770475,9.647109847298843,42.67798824985582
48.331111044805375,1.1165007219305938,7.529159577631039,42.74987749875866
17.10663000559475,13.749710396648823,7.7567226916368055,44.03915613924811
9.03287706556516,26.524892861901705,7.527483809002515,40.894643421933026
95.37537602503535,14.882988644572375,1.9884616561339232,36.2151789836022
28.903605100620627,11.091141165086968,3.255630259794045,49.782793835065455
29.282716771439958,8.443899678305728,13.708729562268765,39.19847379587635
28.789623556115483,5.0616885523937505,3.6069938512179185,51.99165707577174
129.79431892533,5.375564233904615,29.098884761839436,17.33438765607547
44.49566881814312,45.98463633604506,1.8427532450569162,32.7824923104405
36.65356480148374,9.514398534452676,7.842633063011048,38.88679267067359
21.526466923110377,12.372790119416512,6.085357105340445,47.918093167191806
7.212001055905176,19.05581405110482,2.409324296010074,56.8474550508418
35.164002702112526,14.595831815635565,2.0945725246463924,53.978730431985035
6.84093154594807,25.50017991663306,21.065937724963156,28.43665099103445
113.3268917337489,77.25925874197014,7.269293358760405,9.921708344158821
10.515927814289682,19.747800042571136,21.72677276951113,27.634143600337243
21.978147088644935,47.07909890993757,4.0817056189144845,35.16256033283709
104.0610994324729,5.208173671500993,0.9859701780023249,47.41290609805227
23.696061005805134,7.96995904376378,7.5762863026964355,45.28659520081674
27.37961880768681,6.161947739418405,1.2946292901463243,65.5074069701443
30.77763115965896,65.31129421096374,0.08843518957607621,43.24935158903763
16.40963768046558,42.687116719935574,1.2320229882583984,44.78680260769105
81.9316880021374,54.06833441378683,8.335770415935496,9.569678032475458
37.74137291811656,0.03299672460824188,2.2897848082057113,60.15583043397756
96.4689468445165,22.71115514226004,7.174094770050146,23.468200253709316
129.6947504015646,5.1295708348790185,3.1608060241183145,43.209980729384796
47.03396225576702,71.4808102539144,2.3268797915434467,33.76735315455017
4.406721548834574,2.594548204416797,7.955441433602164,55.319056884966756
21.27528296359214,61.60437000935077,6.036189412506312,32.14873778575951
29.379293555470092,18.915062457346366,5.540511932114661,45.3344262682995
3.848973353248314,0.16220209451316137,8.901906760436749,58.03207914329627
15.063263038000018,7.291329634867474,5.738086811813046,51.73114314127474
97.07849970127073,9.81902297311798,1.408687667334089,38.084682764970864
45.47822136901506,69.85887534408653,15.56194392421953,7.94699719677309
21.147177187077887,7.4335936885011415,28.23135095785401,37.05998591412363
58.38041590950608,12.34937470763165,3.6197604033147392,44.43088828239961
88.96574222881154,1.8077643693197865,4.503335360960805,44.99927294149296
89.6247346816406,2.7030838119274008,0.9146399573026827,45.149963124118365
145.69917688704413,6.922542243523441,4.344911093722563,39.95513197954467
40.39786640545095,22.310654438400984,0.6024985876570383,50.16649603027609
131.79847710772054,79.42728907773684,29.763538026550204,4.399970383330451
145.9916689642091,54.50046130482691,0.013219905135769316,29.27807250211788
31.75468254338219,54.82076046873405,7.501095762532645,21.985682185118563
135.26661531017209,1.8539776443507683,18.01359147728712,21.644839159170616
18.32755936896131,33.232262806374685,2.064643690863366,44.338200071141
71.41762527395869,64.26684911640578,4.143373869131534,19.749524727454137
106.26887557907294,1.228172347296308,22.13770060885635,20.877295315357966
10.394312757301366,37.587205170292336,24.651354554574958,19.14037325617572
21.483668167757397,6.103420520172659,3.469167397856239,58.88974542843934
0.3548266247443588,15.528132477270725,7.587075410180933,50.64533873835162
22.967300508641138,43.748714845805154,4.365129012748521,36.631998768253304
47.75302557424945,15.12678712951917,4.179450504399997,42.85780554344845
37.95026412609655,20.089190035007753,0.38500982091880775,47.92673728166149
61.260922934922064,44.51407806047554,4.313261786950796,22.83803119861852
10.760093600861875,23.054993095892133,15.510562429052177,30.229229637601666
13.125514524158282,4.1163672064007395,3.40130995724253,61.635660675564935
9.877795283923913,64.52871722260852,4.497785998753685,38.125676564546815
25.6758933370885,23.62793768356365,7.326337252375895,41.57388777567678
109.36105444464144,9.784452334093674,7.006286247677635,28.47756477424997
50.953895402554494,32.319765154503855,13.028585693734023,13.706050875469145
118.67557202819089,2.073178812743151,0.529916016706828,50.31686498500565
23.773785761636685,18.66149398054444,16.226570575770566,29.206013237865417
32.08671986492791,8.319092883391985,29.42592481561408,30.171424725888553
22.75859958668282,9.393983695099074,3.597265795541939,53.21442991017349
47.22242913471517,25.52704782422356,4.584565268135451,38.66551684236266
137.3555576227089,51.36437590687083,22.280279967021194,0.0
16.331962471295547,21.943958554818323,2.079037011598455,49.53752521025395
38.78059254626638,1.0317436843655465,21.925702345029322,33.715335628470456
16.049852282044892,65.03041180456691,5.9910502373274745,34.29000923447331
39.07310443773546,16.766582900052487,6.251092557789604,36.53673228580568
31.968740027138775,10.64404037325763,3.1561807562900963,50.25746091859847
20.33868742860026,7.721630025303944,0.9728969196576083,58.99018798471811
146.38176611881806,40.28769864220417,1.8245995155343229,25.262256321881242
33.2455862243609,24.148755127814336,1.1286313721549952,47.155687357197216
26.5584764000516,19.519330872179737,20.75274957434587,27.015681559534535
4.466995114593342,33.14977516812105,6.578098420909689,38.389217327018876
28.69749330345052,20.896283029498857,20.889777356522877,27.6279914143735
93.9029243980448,19.403796602640572,21.807922087055097,8.122128884212312
62.703357597323176,42.32862313935027,6.191189351734583,19.50987602284566
34.83254119384461,23.262020489496674,7.277415375240676,35.97399887834823
13.873233986247701,11.448114496522447,6.613464218169366,45.55614804172052
98.37968965827963,52.820824881113126,7.717900476815743,12.61198767916428
47.681630391484475,12.134322379229856,0.9532821215589937,51.0223108033151
49.38927601074437,9.88805340628548,14.176080616922484,24.04066209294725
22.58697379907219,14.25968313418827,1.9224908089538646,54.17325165606336
17.890562466779652,6.768068954899584,0.39877499291563456,67.22423548636048
45.391925694176706,58.4113116976715,5.340496814289373,27.064952396490128
56.1216658143572,13.86451678839061,1.0366762969981034,47.52061488499354
73.18596138828484,7.5157982145418885,13.461577693467499,22.757105722152204
17.250841996228306,6.872708437056019,6.929008472753362,47.82293475161408
19.752666892839798,36.42210565975087,5.788625693129195,37.66847756515886
13.113202214991254,65.58581656133674,0.13931923152980819,49.764070381979806
16.925343971273644,72.46642786160967,27.3985986672678,17.916597275077812
26.26591322253607,18.973298715367036,0.14873646898426696,52.83845417613061
27.287483988971783,4.6502107963998816,3.3163081028100665,59.898946230345544
23.199084908344368,6.368969879996134,7.51884767115091,49.09914073903431
33.44382655203427,21.47955498527771,7.810158440263618,34.04577744736479
94.30399766351607,9.289646022813375,29.556370497923826,15.73446715513864
9.747913574931527,8.712383706150073,5.655433081505481,55.125096797886975
24.647848582793003,28.811095720665318,2.1759438100819137,50.0495108688818
27.920212486790252,12.86941055001134,2.9358109871716005,51.13454029605298
129.13527236523345,3.5173855965186576,1.5363981311683013,45.9643696315637
42.92532272757772,37.64282751612399,6.3402978089145865,31.52124980666335
41.119060559267716,9.214417345953441,2.580896491531341,51.44306002565268
74.79324498058072,37.098911269399984,8.943710009683675,14.045912574531974
41.852056262147,12.480287588331668,6.72391645286948,39.91263405292286
106.50722830366936,7.257437076100858,2.8436640038597973,41.748347219820474
47.65600571970689,36.638843004215985,0.6545913827677463,39.36253240612638
98.3593048104329,42.407617695065994,1.5954308664316539,22.123402357787125
49.81671688136237,52.5511172429078,26.0270970998799,13.527531571364726
33.08888662358193,24.761791808681416,4.666366372880108,40.89542751107724
43.71990158541654,16.528856742977325,3.67945757300311,44.39647747615257
104.22999756210791,47.74472875089188,7.323828822957718,11.921650868441533
11.65094821984174,66.85540096022527,4.070813161999052,41.459995673072754
28.753028672940733,18.753757032462943,1.40182010413624,49.56038910025205
110.91953913933261,2.270954526535354,0.38809496021029766,47.14776703308917
9.088179888059711,12.795694016563864,28.841677919799746,35.13120078621368
42.650472773368,1.2936369917275288,3.3686810747089586,52.14987551075072
48.547012480230926,8.09023673585177,20.024235193878333,23.999894218158385
13.042462298104446,6.709459131928694,3.859994998925969,58.86084480979434
17.76419871184613,5.456176369528845,5.572246348833779,52.04236469309313
45.038008122536624,19.218369834470064,4.85103582859227,38.809232983014134
24.83834294295847,71.95326426895717,0.5161792887811583,45.332712056182096
3.526781879647828,27.29486360694268,2.254020626733925,53.85562242104254
8.378326965225325,13.140797864987599,16.7668369154169,33.74686170385349
2.681739576041542,65.80267730476257,1.2794323086107138,44.11587382603766
89.27351142242276,23.078597192921443,3.315813819260554,34.90411862457564
14.285604314093037,20.25757843333677,5.737643839155508,46.981441062624164
31.814567698962403,77.97367351408562,3.8374940369638884,38.056095722260714
40.91902123897676,71.86729957906624,3.5155382503639006,32.128144198115876
143.91086983102406,1.499481804787911,17.735247102796926,19.744704755385904
18.33991603231342,2.5057969544071526,14.478174208257883,39.93365312990383
118.74648040497281,23.83589561894588,1.1599661245156838,34.489536008219766
17.41277335116502,45.010799064761194,24.280165281001125,21.43546731204456
6.068596227430984,21.058919692959552,3.5080099861966163,50.44157765698632
11.283229152602752,21.326016552912748,7.985040927390602,39.91872488322209
2.517476348467662,1.9411978838322685,19.60741781534745,43.004728127620524
10.572400349827232,12.725054588418455,6.0430503107852545,47.84744056376338
89.43411463506644,1.5980791047984693,17.051740866969038,21.458770377431303
1.1819293023168198,59.62574807973306,2.0404756197557994,43.3916385287131
47.571490518091615,79.08043314163456,26.591071683083474,10.16664049414036
50.92008976253795,10.491368621475129,2.9018949449670117,44.7072373737413
80.92681114996954,2.9811227829815294,0.43807508888245383,46.896974702218586
30.356764044178846,34.39026418621773,0.34837262274700276,45.68146269904188
22.030155702958737,2.162731723493688,6.154644710597078,52.219696429049726
96.35478392589218,15.20772570258899,7.856655208603503,23.206202053735865
72.45823826539011,8.336425513291182,4.843622129103341,33.870416642648586
117.81225015366465,40.64311781470854,6.044565624796194,14.868565208031171
38.79386272348465,22.971321397077606,5.317275308312789,38.88987572940987
5.940895813403596,19.20081135635206,8.245026682387808,43.01553247121453
65.85202340274094,62.872973637152235,16.410536032272034,0.0
5.853350821380293,15.623061744711409,3.897162902246471,53.654935531434575
100.01979355227851,77.78343403030524,3.778573203426471,26.35436614769683
68.80585664790756,65.37634155854305,1.2593136047374216,28.162912956513452
3.8431037638081755,62.789865965703726,12.374055198716592,21.975217836922265
25.03017855773538,41.417176203305274,1.081926284996448,37.68386274893334
83.50085699576958,5.1116680049393874,7.57670659802156,30.779741936326644
112.08326327741929,5.774158705400789,28.776522749979105,19.665831721360114
74.15062268560612,5.106688830837997,5.30660686305334,39.589517894880736
30.518802989084605,34.27309301806538,4.046726899672472,37.97311132995528
143.24439783773508,24.71311668314804,4.420158242935823,28.53380653417355
41.94196683826352,13.43394373067193,3.9934380520677273,45.621502617782625
11.62529961039156,18.181057989249474,3.2098916317050232,51.92444177318109
79.75707164408155,33.86104478522082,27.92144832710311,5.2788939586465835
4.239600802290161,65.7285100575347,18.98787182516414,18.85511938296751
37.44995087024785,11.833854483320028,2.1418977501965175,53.186759780109675
43.08454518936726,19.020041793902546,3.963681065378882,43.59576067804199
17.991245031828324,52.1829759524187,7.252002212107255,31.335460220453886
71.45565213300023,0.48079258641900435,1.8445350579126476,52.142581889444614
6.069320907970321,10.100502571570338,6.08365151487893,53.747824481587784
73.36247636485666,3.4506902234474195,20.296015311228658,21.55997988872228
30.181860027968753,54.66560073532152,3.143521022539203,41.214908272383994
28.559959198145684,19.499055059719485,6.230587594686492,38.12173682363247
62.818807281046176,33.545369576525765,1.7576837017204134,35.0990741760877
54.233449251830336,6.083812350839968,13.734704704687374,23.756621890522844
55.853660008005015,25.76894355117315,3.1006080032057204,35.12407489605059
74.21834455937677,13.926648317097928,0.6688182481953122,49.802399536320834
134.73550539093668,1.9957766640718355,5.606835822473319,38.27401185900226
26.43536599420263,16.978193435021833,7.97448752260632,37.37030392564675
6.379015139778188,20.212831831510268,11.036321320464658,36.80123516350465
30.974517300480723,26.689994880777476,4.019217757657466,41.50479255600306
31.67004271583629,9.767936056365603,7.155828998134207,45.9582355819749
38.89547033742684,46.42401846049043,1.5454713018641826,35.30839812101067
44.89776080925096,18.45479743311248,0.18246128550098462,48.44396618175926
31.182438914513305,37.49713817549508,15.038874971734922,14.88522094369774
33.958584976899644,12.198697731426622,7.030067838399994,45.37463393084715
22.736992781692955,17.334875064959444,27.472426360378524,28.023273819111076
135.33957335369416,40.36081226867911,10.077417753259983,9.66013524666086
148.9349514042039,65.80287668033257,13.438347695877752,5.880052050937699
16.151367287704694,46.197171518491075,6.554280325936176,31.89666194499819
13.48150043835914,13.605918940260436,12.13250834775999,40.7876539249185
107.55495078311033,66.01801869006995,20.62630659113229,4.2798679516816405
120.91807037944046,42.43988330007691,16.752802867143217,0.29151171615735755
9.048847635474488,10.074320003084855,3.6605369885784116,56.26798681520557
67.45839846763603,22.97130128147274,25.895956655077256,13.50025705427669
5.932188287079016,5.150435107284402,28.279404295125037,36.63602936818654
117.17448404774834,67.25517712897374,15.18180155309832,0.0
17.06239138130782,6.264282285553696,0.022007964431367988,61.85861489103523
24.616274000059096,55.49002224556254,3.1828641458980487,36.909598658305065
45.566959503931535,4.733343837426762,5.250910486408055,48.537996755802126
32.95227050661162,5.021280401277909,10.849574788592776,37.88381360468055
7.016225909675749,70.70258976560822,7.943720014554577,34.06148540461604
11.025213171782354,5.839477078046657,0.6545512365179045,61.120374053126135
130.304552467588,3.974127350565765,5.472962165647031,39.10743217095379
109.83060756960188,41.584920730887596,6.234926685983006,16.289202140487017
6.543683035917491,20.97804007765412,1.417323370118181,55.91584840274424
17.71356636086078,15.515923803018989,22.27576475593567,30.891219343105394
62.7311878746725,58.08591378520452,1.2844990224654103,30.07928948088597
0.9577742775626452,11.894920374865025,6.279297235605833,53.73850485981038
29.93292420985183,23.859465005522328,2.640566403593236,45.265232852427296
27.793540709947965,8.612546378561541,24.33678691417589,30.844770288256505
38.472128971077844,14.419021185898107,3.1611840658692296,51.32811694469857
47.520574203827934,23.310694574470382,2.5582183123911975,40.359751251591916
36.42469669237201,13.769143159303823,1.8560496102544572,52.74808684984293
59.68187309872186,76.23424907752684,18.732336400452553,1.4905321449189284
64.63730665889678,4.311295996911635,26.347078742629048,24.57861378228684
2.597828877713421,10.679529060209294,7.365400769917043,51.05819078935511
49.30005319114355,27.57274326045623,1.4459224523137726,43.21050840029478
141.101569997922,79.48981508045779,4.764033722288822,20.77303873615532
93.95077804475518,23.34885329488095,0.7754276035274597,33.675083360049086
24.48220380160163,3.9422168018286823,19.68712734177109,33.80739310349536
2.5575102810198813,21.758225863852356,5.805581558265127,49.94562583558797
8.235317671614794,17.51829700908163,2.6846896815054704,53.240690035563226
40.87039236530547,21.120141675900012,11.755992498334354,23.789183050683384
9.814715115553351,16.437351481406274,1.8252298260726327,63.002004155285434
12.332930790270325,13.30869319886572,5.1217536349360415,57.07566694801885
8.150955690744311,17.610590536937167,1.0036647163278554,58.57315780089067
30.976310001815165,23.998414294972108,0.5494774897551098,49.33367001806525
41.6464857787114,13.773604846015076,4.926551198318962,42.291078287633844
36.438902722532376,10.158186826168134,3.2393417069504453,48.73843391133889
32.96769611028913,50.88801697022451,23.870897094447002,10.806520417846603
49.51661518968242,6.341736478042412,0.6391952076151481,54.8832489994825
5.816586356663062,17.178063008995142,1.3406598665921559,57.46400715381068
42.6658593333293,19.9816491489992,7.056925497553244,32.91312996152654
12.092614545022585,6.570575655309718,3.0987499172642767,62.01805123675986
27.217244381716053,75.8606760859705,4.112328732628261,38.24094321521371
26.593588325250828,6.7226076140370346,5.757806684805669,50.20070452057924
10.222418623213652,18.463987452894877,24.182173090232705,30.561176284149045
144.56735370508045,54.62684778269882,5.238845337345464,21.33194003100462
3.182045464332117,20.066895313157172,8.78811892655287,44.5791722834268
117.95518365726839,68.61402296486608,6.10165378578627,17.650799823486906
64.74539174261349,7.643987178587611,4.186620749704347,36.643000472053174
41.28554757803335,62.92190359798264,8.541486123275378,20.53083167166016
33.630105911256315,50.487195106231894,4.769571573779939,31.560762032248128
43.35361592900519,26.021918373030456,27.242991969387177,17.534462294629915
55.08539688337398,74.27994234245023,5.040585198887594,26.913501172442682
9.094004219957242,34.50732887437998,4.3786299387451955,49.132595662494225
24.774565810309923,12.173517830981206,4.787031545595971,48.96428027163007
47.322825657520276,63.20422580922621,1.6046722406659226,30.823993836183462
10.32106358803016,2.3214868235880317,7.921382443347454,51.69422341454943
76.9973636855462,7.908347729713805,22.217489040928367,19.73207349399544
5.69191967383007,5.274232242792484,7.059945019353172,53.94999176448478
22.43468113112653,22.302800392277035,0.3467098664198378,53.82502040319558
31.137670161992055,11.784203892537265,9.982967024590799,38.496080749961614
47.298544492279966,66.34382780986232,3.522233366726282,32.17363521018152
89.72275295662325,29.37204615939781,29.950377262150713,4.352491540493133
33.95812841597814,77.71852344997845,0.8654932585972848,41.038006432008196
67.05303893937753,19.746197712133686,3.7274622664087387,35.11627861103918
102.15995129911215,6.443501532787965,1.0696214568773597,44.76065756284973
15.518544455406003,16.212439938680102,1.828201181653955,53.80961175557968
84.17118793416884,21.36945865738948,3.5214758449354857,31.751983113843004
1.9680939909864748,4.196972527071158,4.952755537548816,60.9401105511157
5.2696609053902606,0.13031296192312358,4.217236716645071,59.20664719768912
49.40179830777959,68.33082535020232,6.66957773595221,24.53179634182444
25.307093142012206,2.264633938652544,3.4751591510188398,55.50838973166787
51.067012700616274,75.11432714832617,0.2584153033227876,36.90284016775608
55.22763722722057,0.11611207712471927,7.674681346271349,42.90142399757834
16.117692248736148,0.11999562043426837,2.2196559591035516,62.432235852939726
19.884220721652735,15.02564693721725,25.53280239967647,29.02689542603702
30.48409541378887,31.210962520888128,15.592606217563066,20.808414551882557
143.08076723447618,8.856643033190645,1.7840014483078228,45.05296618101863
32.41487636494008,31.964161692992516,27.269027416784816,12.654951905227788
40.86111001006079,46.42773866412455,0.46783410892729105,41.6488025649178
41.105158030011275,15.844475988581264,2.9422207449233264,45.71940923797925
31.340131503242198,28.08723734115898,5.010418659253892,38.62587625152186
141.66431026939162,4.566290468594306,0.4397124910292147,46.96693588822086
48.136629193056955,9.398997741016593,0.49452555075563165,57.35624650580535
19.460430931171942,3.519261444280333,7.894643474449397,50.64347611030803
45.088701427311435,63.96051478124995,28.80526546741556,6.550769390693857
21.499260706052986,13.22013045391916,3.7062995925314786,50.2936628114864
128.1523129533067,42.01192160169137,25.543522076382725,0.0
127.48834322529487,31.477019575214015,18.611008761487135,0.696713509328228
146.72132068082684,0.2651855842579848,26.77898565277885,26.409255887316082
28.914919971018033,21.403739314898537,1.2775160996966726,49.49757897281316
23.777301874341333,20.326280178582703,5.738173513498688,40.763549894223566
47.0639464453399,53.84854184606952,3.8008876678668706,32.049991466897566
12.101103999043861,12.231805647440206,3.7774688530757397,54.80507496714356
64.52860097457867,12.957877880063057,0.6965176265037369,44.193082403549965
24.378559683669216,16.109142512314182,0.44240549062678713,54.078888930568326
14.260290134020703,6.789973089509943,4.2728947072201064,58.02573738018078
35.452313086121634,0.3841562683680827,5.495106494688016,53.661184773867674
73.6007930323712,52.8170993284143,6.036777588462338,21.811445470954077
92.2868409059087,48.64151590384926,19.09283705418686,0.0
144.6264493003082,15.913612214418105,10.838635730459504,18.494707612116052
48.28160165372797,13.485662864405908,16.362396829653097,21.80976083367377
11.533490585887934,22.8311404872079,7.322631557325203,40.54737868162991
4.785727776008086,21.958390147189675,3.910259341477743,53.179288754135854
100.8405976644627,3.9126974770114122,7.785226345162022,32.091893438980186
59.103631494544175,76.74106976927163,4.670698084018597,24.469284661611685
105.49098338254089,56.00362206800054,3.6869616418705142,24.655653098481572
31.19992427644912,20.500695556635627,1.4242362368429093,52.31119291236236
23.131147836965816,1.969551775097858,1.0482280464983917,61.21522902030008
57.237639319412246,7.33819885419874,10.296292434030853,36.18824869489073
91.49977583707542,17.71195632842088,1.8860921029085844,36.17412905105626
33.84361379137882,17.09412061944511,4.880546708266941,42.723851892900505
19.19456106866057,21.82183214417815,25.390503881120853,24.324846726033048
19.277625074583465,5.417166092634817,4.011525977132423,53.88901800035548
37.3722203298347,20.673725627102773,6.260045087594874,40.95390469361881
36.29899549926478,45.798468237269816,2.3749428082621478,39.83763483195758
34.150338670817845,76.88850514376557,0.0015588986985370923,43.69883759733895
29.267718219837608,63.003578313336014,3.940093266669071,35.325553065454464
23.58247453752977,2.0825645777949098,6.836686150475848,53.1081385265993
20.515186093633105,13.762311736647945,1.6786082875897357,58.23057190486869
72.12378198066837,52.20675552250388,29.559577740251907,4.701581797358437
146.00118808191255,12.206028235835763,9.497079210109206,25.703752291307772
24.94839721103965,1.0121956082076111,13.75007603474485,40.06527900078202
14.740861917338343,16.380812114408602,12.708393079236137,37.49681311715673
47.570167110332854,1.0034847041352546,26.793729616048324,31.17725335720079
28.365610981445176,17.2307434090738,21.56108204204963,23.078961066902032
32.19782897238068,21.87442646560294,1.307051651716404,48.102142395301264
3.636813088859825,24.390124214727802,6.936814007502967,44.767727800612185
98.83349130043347,16.706485930204362,2.0769024767487663,40.71255989752228
20.551423490335235,61.503232640181054,2.77474643652379,42.21701323277294
67.4786715045158,24.84779970579455,6.960180217513374,27.37576841893522
28.844060065560424,13.594061397966392,27.741955727350142,26.128146187638546
46.41862759903959,8.886236589511961,1.6617241737975315,49.62658253540508
12.884144425560685,0.21215030208607544,29.38372900674475,39.171780384674626
13.439880751509909,22.658855277391154,8.428028981920026,38.72750819797195
47.526552629310174,23.41116057029393,2.618764331192133,43.32407446572107
8.844847541199197,14.75291055861177,4.403275545427887,54.848453759026725
10.316685920289625,2.8528689296694636,24.41993998179633,41.38496767026047
1.7335133363241662,2.5894141525753755,9.793574021185199,52.88235206585715
37.49802351995889,23.02573790134505,2.503346165241755,47.01102480996795
35.51213993116558,22.7095636842816,6.702524726480903,39.17357407631022
27.095047368917907,9.094651289976428,12.907187003536189,36.07040721430255
8.180810206913813,15.32443353973401,0.7460975832714318,61.89405460315979
114.53456232506079,20.375194424593943,6.775387344878362,28.611046662814502
44.81283582357894,11.70152156988661,5.822331909543174,43.18499169139695
26.369981106133817,20.88405885447231,1.868094868746117,52.10126475618627
80.96318100028458,4.264009450162962,1.3347063331329947,51.19742601207361
66.2902654477394,13.639063604193948,14.295852326981624,22.302799567461634
16.04272713749218,15.570730924029489,0.473115296124738,58.35386395033679
46.72180134027572,1.6699269315542997,4.8968752752506965,46.957972261944974
27.602359042599012,1.080342488749958,5.169865718011072,50.75955014349494
18.57336313121884,15.07111866965877,14.872740245078287,30.856288298902697
26.112163002740218,4.143725384711372,6.256785176700812,50.34837340133485
144.37888892079582,15.986710987302594,1.3516336148682937,40.5097910976467
35.42917728839126,74.4346101165082,4.422934556295026,30.453206542142453
59.99318770544097,4.842898556989009,26.05513618072162,22.10585137655487
144.32983972456526,15.212615324269663,2.205153841938219,40.63818716956195
16.67495858455721,12.37380334262479,2.193513343593981,57.037300070081585
25.370596935890443,19.46503396751391,10.057287461498849,33.561846015154984
33.8199184455003,4.197317295125333,7.616319396366727,45.717493743831184
96.77582309575794,19.33797975605258,0.9944370945193475,34.10939999583374
48.149600192949734,24.09883563470718,1.3295273569240944,48.48555015224904
30.75645702705999,66.01905768213058,28.623683847446365,10.714349964998108
52.31106684677922,62.54179753995455,14.030920693894068,7.499494814852625
12.895141352246991,47.85579969404282,21.335689429372103,18.87418132547008
69.98729746494436,16.55464714279584,3.869628866521383,39.95604237734405
80.47609127973257,34.91285085001537,6.560334329589513,18.14027114999417
103.45545447560391,5.939146084587121,5.800460002178352,38.709611253014515
62.43453174424107,16.805853745015128,5.657649171735882,34.98150947695635
29.84259384438797,64.5400398428866,5.465582805479976,30.7676701379877
34.126622976886075,49.438434189563345,4.948895679118455,33.466430719290656
124.16378186176209,2.4688242170422092,2.314434536832426,42.593675654384995
3.557914258671641,38.326812601653174,10.042971354891517,32.06067985800612
17.378576211949103,21.75137982773207,0.2735718845666639,53.80836425374496
36.879115079444574,17.919942917484267,25.84778269267241,20.380954289592065
99.90361729040814,13.760759698678013,22.835165937483126,13.69872730879261
23.726678131122036,47.38559357305273,1.7678537866654462,45.25919133090931
67.07602834503857,0.23687828154241308,3.4316328978603527,44.74593710910042
19.80863458046277,11.064725583111468,18.755862450388015,32.007336205961586
32.40151590276071,19.40978421631815,7.799923722149576,34.8996413023381
34.10958446275494,22.649697656472874,21.503686363635616,20.117536731806567
1.4584881822632234,7.477005291385283,16.52285985307379,37.34624753041123
119.81169240835236,5.437108846574451,24.061738582890353,19.732767632090496
26.04789886360211,11.003605163448421,25.33257379913436,31.242732429383462
21.970249484722608,4.796917827558919,0.8870448687878802,63.334540288836344
22.03813734691141,23.133243421864957,28.732203173055325,16.703048221962042
145.9592147609234,7.476607740221078,5.544888476376458,36.801923825014754
128.6975799381201,8.564969280452987,24.52135757806878,20.025863213713766
22.242621641377042,16.723791044015623,5.891335294211593,49.18812332866887
27.445481582003584,0.28581691680510113,3.1457740704338892,59.69106578826866
40.27150215229896,8.691793536722784,27.914948317658688,21.89668887348194
5.99326836668414,54.06194408708176,0.17312551979667745,44.260868372706916
15.160989192212526,27.089022152810735,1.3423941373052672,51.20331385426252
138.04219028736048,7.384425096015401,24.113279070445408,18.7429734041946
139.50338588534368,22.73813898405824,28.88458431195258,11.094807315825042
34.87158086185963,17.19012752484483,2.8145433233611286,47.808750350790646
16.103958279158913,22.07381139618743,11.623068672544056,35.23249511253827
53.342653309322166,4.808578911875536,1.8794942155913228,52.613689054153895
24.17490425534019,16.54187651793826,19.495775182872602,26.500169329909834
16.260559813810566,61.50422888861067,1.3844955936056396,45.562259504832625
108.14248948690872,42.32002511396939,23.701247037204936,1.3329329551662368
25.63442555082543,73.34675845320591,10.291917595176152,22.237013447129204
47.38430885321398,9.951079352602394,22.964353818843676,22.022210584807045
2.0836450301192135,3.728377696188445,26.100112997812328,36.93667502103255
5.4868099338751755,0.7695775559410034,3.076364101140306,65.28007106482512
124.22010091211325,7.6045619407129035,6.010994122864085,36.973913088095756
44.593607240536734,73.57628610304042,19.127113251013363,9.964896668982613
25.444703503494008,23.547624320958228,0.15231174023398797,52.548751864952784
45.82102722660331,77.28750652438953,5.203832522225367,29.899559504404785
13.155628495542143,10.908779857590293,2.928004382004165,58.81736420212641
76.91197526380104,4.8072930807769945,7.471140126220809,34.6277169123403
136.39033162941132,5.048521612799564,4.255768136515137,37.49212370230484
19.049563683419997,22.248276397252447,7.127338244519224,40.563868661874174
21.37705091792748,7.781131314464923,5.862094891053463,53.86126370330946
69.37891300233548,22.2026979752868,4.671149709812758,32.61409739512877
27.397974448684646,10.882283287383299,20.013374925870068,34.351146450863396
10.953440455092888,3.3052880705074923,4.943259392949189,52.809057466949156
11.877206543716373,11.3181356657485,5.3527635588420575,55.108830755137376
7.59900912370256,75.70265395332643,14.812949033451803,21.91713622854892
0.378143748907106,47.97683693934982,6.0881648337235745,39.45412168919328
23.438398273225292,3.191665874557634,2.6354630445238945,60.243653879698925
5.274171373051784,19.13746251013249,13.9991588810574,33.83290095972326
49.64084194995352,55.12436394985797,7.850317279360415,23.99637499318875
30.63979177682552,10.860503452958238,5.895210977373663,47.803632421746215
45.54131323431576,20.349599364332715,0.5522753343813323,47.68732092766942
8.494050302536765,79.78368253571382,3.880421344763781,39.18616724632971
32.12825997675958,46.538103450685554,6.878459856129505,30.623554876134236
13.134773850096765,8.717447384040916,7.040501585585232,52.9565855625052
41.06250772798521,9.129083891950717,26.749455383626284,27.52815123320478
50.84514960624605,44.6679739127553,20.22924322018772,8.877529059213616
8.756157006517661,5.390226577054761,2.778306871970856,60.538867864935845
102.31581498176416,7.421300856999627,6.202631847627406,32.7842251419665
33.625363133682455,4.2471668701655005,6.109189071300433,46.939778713205776
8.182797143285224,3.2057486825943533,4.534398750437688,61.50273569649117
14.030040661895798,60.310747157138266,22.44296287673552,16.936859222831323
77.3159620369945,21.31276590723013,2.168759544639064,37.268417956589495
30.814537417707232,3.6522674943271523,6.37765257364826,50.18282881119414
0.9558047214882015,53.416327269106716,20.587781300328444,19.4306208581595
42.04543552014536,3.098479856610986,12.220725143180815,39.02808351867546
1.7795115403238193,6.101586276073132,25.169320717372482,39.21946574222737
38.607601380791905,39.925295826378104,7.82320037828951,28.953000674691644
65.26581645407838,10.456602022564393,23.660704903278734,19.325932793094125
41.36510748686229,22.217330369619958,20.421774886695154,20.092513882639093
104.45312929045082,48.547416459110195,12.710385058015909,4.222174608746126
101.71179308569195,46.82683086880252,2.132078697951987,22.584003432333372
13.379633836398575,15.968481407230946,2.8742153261164773,57.744718481834965
3.113655294094281,1.886947860600724,27.278865090823416,40.85259013574015
48.27589591173832,21.872049186053605,19.515104196598482,18.036026797809058
130.5891169196854,16.09855763339776,3.9716870276033003,36.1655110599455
6.10549570050134,20.202758665358587,0.9961237506689633,55.71896916288744
82.89197782107243,24.282405685713638,2.875901870816959,29.82131490901446
97.57040781890562,0.9862988230672859,4.96229607590808,41.89310646617058
85.75133284272368,66.53147841179793,26.16933090408601,2.4681641196074753
36.17100568442925,50.0512983377311,0.07403136173570779,38.0063271286024
26.879056902575716,20.821395215448028,3.8427326097778147,44.15239417865345
34.38846031828674,5.412264181652934,0.2856696776653749,60.027449508459284
63.351555135281956,22.1733099079293,4.876962270391048,31.50948254800581
26.38387331108475,21.993013326505395,6.532537677913902,39.79211800806292
40.13487026680108,40.14396675761443,23.948667693430018,12.29852031151279
1.24858310585248,14.345601729723507,2.8032715585443073,64.60886264163184
5.351456710551905,17.678437948392162,4.947163875403659,52.63137783283993
37.60571663484874,15.760543704223078,4.862590177131103,44.44217182511954
61.97467885005319,1.1393130403455076,22.076474843414992,24.705901895142077
32.83683322706461,17.862403819608737,8.39497636198326,37.7949020284348
89.15370996016293,23.203304650386098,23.289155659671344,8.372846721821288
46.58657123769123,62.33752489970325,6.0361737978788454,29.166374225784914
25.03121340352089,10.28365622203751,5.7111277045922595,50.66170629365008
18.812966466521097,22.80574054999,2.0855323852249104,47.683809879611864
137.15518564582476,1.5138064060315148,13.904048806441418,21.967826934874317
16.08349948297743,12.189134081973119,9.709674164077587,41.54011134347395
17.52602671430809,8.71757027107446,22.866958747826935,30.229159513265188
19.88061892764353,19.59780951468084,7.085817665895652,41.875809197405424
13.845224368890447,76.39506277195298,0.8996053858682656,42.769694955492874
15.05877934986794,24.95757889334896,21.653491366811423,24.503353766787125
36.238338576438075,23.9696660985102,3.3852129401099127,40.086523624727775
3.859376511323398,5.298977256449339,17.06317405271357,39.113150570767374
0.5515632214323607,17.979914012841366,1.384318129109408,61.38401106294904
3.928924857751037,13.107149584368779,14.46865715220214,36.977014746764894
109.90993251027524,8.7785922639203,2.8068027661478947,41.964408317256236
49.34434683002586,0.4215717520526102,0.05936246304520143,61.306336717005635
63.25740774844824,7.216657566886512,4.760937046596831,45.21806641015595
24.261522788267808,5.056829543550759,3.154168278274245,57.79785357798609
119.35098370463204,48.70339633779055,4.15185002818623,20.923458726933077
17.441595372931506,53.42666509693593,14.059965389422427,21.02662424634764
8.95158187207919,13.326970558115796,17.82425745474967,36.164021651819006
50.93102907623537,48.64668612818153,3.2428162721773903,26.62187400467422
75.22528338551703,71.54142734334296,0.36540590853082566,32.99984960683151
1.4326213788827258,16.06792886863895,27.934307565809476,34.81879832428132
15.32077246755182,77.12927600993575,3.6888254816041632,43.042109888265585
99.04490967359499,7.183841543549918,4.873970483006223,35.962645772011435
11.737721086248564,0.3870614784378834,3.4147423111649813,60.932549814577825
37.93881268786626,8.941013739722784,9.450100227486258,36.33006653976498
23.452037375907697,14.71083891041062,2.6328742485018575,53.24458228646095
144.73068992369622,6.970939589440209,5.856496776554728,33.69851209746
81.1703321492812,5.587468858866107,5.212740851845798,42.58922361123946
33.37749496457352,19.939138813363048,5.712390395059867,40.564288294293405
6.8554852864499525,9.70917194178869,13.751477245119649,36.330437616687604
43.68492967331725,0.4223338767879614,7.094478925275213,42.30482932185668
7.462473487073695,66.7627962718121,20.66861327387855,20.2142270427521
16.002978209179126,7.505677788534659,1.5498302895727143,63.46122680249554
37.32457025590121,62.27205761224257,10.528948894420655,15.105143141630835
101.71208881133305,18.060835575560326,1.9517078513485062,39.912333662715795
47.52295852876479,2.795009280848429,2.199080732859196,52.839331939683206
45.53028586072109,52.88762124762229,0.6030740371500416,36.23524172364878
49.282522705530035,15.540739451080338,16.56792592682232,20.577908649851675
47.188319110600716,9.15033479600378,4.6381200712040735,48.725991884205015
61.224107199158865,21.38286160907346,3.720016104213543,38.916846629726656
2.5911768411213454,22.873297544257408,0.4162387755987602,55.40887151779004
26.680127336343922,23.398878843215083,1.4024872841171172,50.049811350281345
126.04646062760668,13.305871191917449,6.990030335950244,30.44575068546681
14.864539515366681,13.300867170834751,4.122994645957402,52.36691086467149
114.85341590333424,1.6406998833935094,0.6316386154525455,46.50462972372235
107.34016258977039,21.23047861735262,20.53055986792321,13.112941937788658
1.5231843154480063,24.947117705711513,5.623367984495744,46.070840454614896
36.432814211830134,9.898527395349351,2.2054159814075804,53.904311635330174
33.32315237634179,20.86124893369408,2.118819201459843,50.5886826106203
33.53636627213004,51.48739803093328,14.607581821535451,13.620219941179009
11.38748680516048,39.638247081135226,11.15100627182395,27.502199764643024
22.502931971311263,15.634940747010317,12.721380218097437,35.753668343906725
106.2830237214603,63.05622808202007,25.804982263762263,0.0
10.747018929537838,19.129755074525747,5.852389460308529,41.11343115081682
116.80194525125599,24.98647667966005,3.4277847852526557,33.51202039422981
12.483400442959297,3.659398466703925,7.413308475155757,54.12469654976155
11.374080184676998,11.922635638306877,2.985188295623681,55.64894204380632
105.23380134555029,47.579310955073225,5.640059792966023,20.32806142512486
0.2879330249060785,11.807024108220027,16.521976844069727,40.34997887966933
39.00240435200217,5.497074742683727,1.3113376235486793,52.792049284384305
34.476337551578055,70.7053733944376,25.61501184138112,7.626495231896405
21.131459850680457,10.687346799858005,6.444214899240267,47.432452609231305
29.765163296374453,17.249779908857654,4.161435215188166,49.1031836935252
105.44891143211709,19.975259283808967,11.691153534297307,12.622095309005362
18.65613092111918,1.0400808338830336,0.23554011795865204,64.8238570794833
40.69851347530094,18.987164229707677,11.449101621336089,25.270416088285486
3.8065429745150094,17.350498645614135,3.7637700086002432,54.773561555108614
14.679592213224668,15.851262707667985,5.209631679646722,47.755597104793516
107.06831750719786,53.353595375290716,14.912215872065197,0.0
29.140341754174482,51.76355240291603,12.515595537880717,20.106665398692076
135.62851280467623,1.1387538991338126,21.648402894843905,16.3600917473429
112.47006694066079,22.554852959566894,4.279679327470648,29.768332959033295
9.215069847504953,52.08324791692271,7.618812031672443,33.5051994556156
83.68477014471527,9.103820477615137,0.31158127119582435,47.22511152761152
118.81176592063503,12.69735523828194,3.788191719759692,35.295924891481604
41.05991412751133,45.33638793851654,5.306542749395848,31.091875985854625
1.6221723023593482,17.896250388170277,6.9261018391746205,51.801874129961746
128.41871792320796,3.843625799894648,14.254106049194428,20.00972687895879
132.91817799499177,2.6333473561241076,26.274654526115707,18.014024254104427
38.11806068535864,15.396097360530895,5.933579011037425,43.00743645845964
10.058761614443974,13.731281784447358,7.570375363507531,46.87575019543398
0.0676812857734077,12.092011143946662,17.702913489643592,30.583251513438615
46.91524092242413,34.474564789568355,1.0174175855350187,41.68848345387492
1.0068924474644914,18.939595817976436,7.699042617816312,48.368095284010316
4.0300756878562325,12.58176120251461,15.112426217907935,37.28208566269644
131.18616998325842,5.142607374414246,1.5288515047478315,47.100611845542446
84.58285703095939,2.441657953153073,5.171144412064625,42.039363032022315
86.36114491900639,27.95086902053299,7.599728704725899,23.135038412615486
31.694473091622093,17.66719271151359,7.422017368179625,42.86323405177619
37.50804164773005,21.110140307301645,1.0672518502257065,49.663340828436006
30.56708281238631,22.903775670360034,5.021134411521385,40.99119751009645
16.790818232076727,40.71122682705855,3.7356663883632866,38.323029218269674
10.37557476924395,3.5791176944394794,21.248402713321234,36.5203243799244
25.72306638699471,50.177864319610194,2.585868616542834,39.24799126786263
91.39260580525888,1.451583472277282,5.891517136906152,43.03658192594961
6.825150604179109,23.340412980759183,2.354003264707689,55.05127409575683
29.541663028450536,11.16803889974684,7.759616382537493,40.27973605294366
131.27329043046794,38.41031189302227,5.6726934513907965,19.265612692475123
45.66434737881184,25.852495417967656,2.675946672092408,38.73488434320855
62.97062579900269,67.50647193290678,4.5235418681209465,24.62282815915666
33.068530553520716,31.526071459016446,1.1674318367386647,42.615187458833
31.42519500417839,17.212804710239077,14.530889749252157,27.479593350514342
120.7947826701189,50.09336642154619,1.208801273396789,20.832508516281802
30.573180561283042,5.2095919752206346,6.233754266978393,46.439890803701644
76.94900501333633,49.78785587328537,19.455181925969125,0.0
0.04717076338155435,8.212726358446579,6.178204903316901,56.04326785450672
13.16236732590056,78.40412318322788,7.611175650087343,32.634987842422724
47.296232201604326,47.049132504664456,7.20703919190545,21.494043586207724
89.68893930890397,49.46560916788775,5.311200736930329,15.38480830991467
31.59067635083342,34.83269581527679,28.535604991724963,17.863942957751036
46.037822552736685,8.031379335347813,3.8469396690898057,45.8884046035418
34.12702393835785,0.6242725108532798,0.1362516887040286,61.86096896664591
114.22096370026973,0.5085207766900246,1.9686288396177343,46.00904849525208
8.287488991007796,23.507903830981608,3.2264791039432916,48.45538316432806
25.002912959554337,9.031069851025261,6.746075845181942,45.62150276755374
24.06389756096185,10.834173717420873,3.329501287469566,55.20215585094146
27.987233066683746,7.6514799554043975,5.960292272812737,54.008424109273975
33.410639927750815,31.107551301054407,0.7582009711309681,46.73067495030224
19.65488623333802,5.33653790347422,0.9623087474056922,64.27470820781943
15.14578644165963,20.566403067759634,3.027610499871874,51.6598360219408
2.9282652642266926,22.351365130097165,26.16797216859602,32.82304215767795
45.30555010662486,58.84731225852739,28.04717285330311,3.2944528982371475
31.56879888216883,72.24927319476885,8.860542733687357,24.9218025756827
149.15942356641668,21.531234629576627,2.3431327136311095,36.410250535636806
55.34346023910172,20.00812148516223,0.44710614602460197,49.21687170362383
4.473656140519361,26.269929247521045,21.958983045464088,32.76218064302084
110.42595159869252,12.150086205955668,7.807089504158922,28.900170897175162
3.0113472450148726,16.54794325394816,7.976599015305149,45.727090953282094
128.50718615635128,8.208933808180136,2.105848040522213,45.54268297801829
26.015385045189664,39.94792756551585,2.7112656262697827,36.06654871671756
19.849075853714172,59.66313468105974,10.593493458336113,23.803552726441144
4.2673732496884,24.906052465425514,5.899896689329197,46.87020832667873
42.5287264007558,18.946157323311777,4.063466137376501,36.50675088335731
89.33528387477618,19.746702684493574,6.162234017413708,30.353074735829743
27.823231867441102,21.92568178154093,4.412273997170885,48.15294178351648
49.52525710003366,6.179424225265154,7.2012380115812435,39.31090734455276
39.81207252706842,0.0077432978751484915,2.6985426080773927,53.39656160043945
133.27790710232946,4.302496316246554,5.398956847229277,37.46220820047458
90.2785534046495,2.3568994474734013,16.55550161786769,20.505630908395034
49.058891838114725,16.096698188878158,1.6846711526611555,43.12791457232897
34.64392138483261,22.529728048865042,22.34836616822524,19.38525390095414
26.564700917546595,21.360574008190454,5.916887099206144,40.851754562888345
11.710168546316707,11.811552847872262,4.218293792269474,55.98515899018811
139.50851727663147,6.2701033125224095,6.960904328870923,34.844341662340085
58.62491713039649,5.863602518701327,7.372913786243557,38.442453321125235
81.63754073876828,75.9333755032714,0.93237350172158,31.095173262856527
95.72304196195444,2.5825119453319973,17.197135265186496,22.18057450847451
103.68682179706022,20.390544276009667,4.1661939091081726,30.221343488937173
12.621847217201038,70.289946045872,9.875030529348642,30.22659807554402
10.56159157364655,15.328049343538996,14.202922116043418,33.69507650947663
31.565377654599438,46.386008437606996,7.204123939705093,30.28924583872822
27.031756080505325,2.215824368739519,7.052919527918705,48.89612850159256
41.2524705090031,72.40817158864094,11.234680691450622,19.742580700686336
110.40049977395,3.7377159880174036,5.788474335955349,38.226911362225415
18.548685629608453,66.93307919051479,7.158696373650011,28.485004434051174
68.90776537783489,26.59015027966065,7.4523146412602586,25.625774459011495
68.67725282311294,4.106591593015599,28.999193759976034,21.32398823780626
18.389299387807647,66.36243852854449,3.39597099621734,39.03100953936406
12.991406897014974,53.77358347292614,1.8516280985897318,39.96488115228054
146.17624783454687,23.682108077244195,26.541630437639753,10.422659206643353
14.612447836969395,72.73078732039733,0.38318417173939867,45.99389775713005
78.19295517515607,63.516807577296184,1.8179586231044906,23.022526276393076
131.0259130517287,17.569571929149372,7.323610948920787,27.62395319028849
143.3113221168653,5.396659941487214,5.858354129120698,40.621287735292135
27.33478410360651,41.10981215158478,5.863314393356042,33.77932342028747
49.843712592297365,15.280358279970752,2.482907007072635,46.687148623909636
116.19015764719286,34.17032862929388,19.17258677093149,1.9279579904159174
140.12592077965633,67.8649795776245,0.08893425867498905,30.484677441259834
9.401236730770806,17.066045036126518,6.617638400693882,47.363190417560276
38.46524468206699,12.026278186907957,13.802416296090186,25.149061878752477
113.80032352162482,51.15635422145095,3.298180179795038,20.139779988490897
136.7354639115358,8.731622646190973,26.01402651114669,14.456407144775227
22.956201164334043,15.109036874030119,3.008979447378189,49.881299344381155
38.21766932182137,76.99129347155616,5.937432306361251,26.196043408621932
11.862454374840004,9.05371958700592,6.303170504357784,49.034941782990145
36.9781624055634,8.602494100743414,0.8262093242552027,50.866554320736704
3.034153447534116,49.934444585280744,5.387998886547753,40.63191874552837
20.160387806662612,16.68112071583099,0.6014446801122073,53.70925559103651
39.93570958272873,44.074406962484716,5.806564165554278,32.156462296976784
13.7351907523946,18.992374944997795,27.766193666528174,30.682232707784767
134.65543224654027,5.343028820550436,18.813269658977536,19.972274442470187
88.19580190452689,9.75489918124756,23.141503631591533,15.696658421262363
13.615769859054138,21.032708787492545,19.796601763503336,29.10564862447538
32.295862066580064,2.6789174231730857,7.816114076799154,47.524187313225234
18.82316834390248,15.775354837613278,3.5985862057436178,52.55880413583424
3.0904230344611316,18.2991959588178,26.124827610834075,33.575713800873984
13.808477891044973,13.387709724112442,6.363026490642877,50.245143286098624
35.60070101653904,79.93543327328365,4.694163139951164,26.500280769806757
137.88811459128522,52.804794788635675,25.596880878563603,3.3810898719036135
9.259778393373397,19.733337058513808,2.029409212761041,59.13577506784519
46.038330423167864,8.767962736356274,7.527991422600777,41.71419007659119
48.76715667395353,12.807118576255327,1.6061811868354008,53.15055804210721
8.347654437359935,48.599002210025176,19.981969722719228,15.391734902792832
61.88525784762372,0.5533318889529515,3.4462837482301385,46.56461964763462
104.96223011060349,7.022081826689994,2.8799904755181833,41.29530542994385
37.852405734931274,9.770838731680545,23.364641269982673,31.319676695570834
56.964586774826564,78.51141468770362,3.7848068919207263,30.493099659756083
20.17599962201056,53.23114703527241,4.383570432564875,33.48926332400379
114.6046944096596,50.486091722647586,7.211549486793973,15.27869822566551
81.06009713953296,13.451988571851356,3.6805759535853033,40.23199492358542
30.75064840194333,4.6032505770296215,4.508839380433292,51.647826195899114
2.2613644455269033,57.402689873274795,4.3791771810711495,44.223821464638704
98.41844983225968,14.341664938725243,11.684627891477296,21.067681082847717
46.6874711500735,23.297567110515082,4.800132064703847,34.61825957411498
36.02283707313781,13.458487258750406,6.4183224638508865,47.1042876277128
109.04261031078914,41.308694621513034,2.6119546213060127,21.449338930209418
44.52636403699475,34.82960710632436,27.429451550565194,10.357213217643455
12.33018174890123,0.22037083236181587,9.313025966110743,50.58924362731167
17.733310249254142,23.167821132694332,3.9560317116712405,50.38177067625085
99.25218540205084,64.47307707977328,5.243420008824833,22.822335004439616
3.9227908158561977,19.878518062788057,7.564348497407756,50.11517340455326
3.4176600154979306,23.408568834955695,2.627991357582621,52.915116752512816
19.75654538057516,11.64678271740921,4.208348999127644,53.26870163793322
26.4468567013606,34.990378010674384,28.81501218991133,15.558557434592394
7.444402516622234,24.705087318174353,1.3672303614122239,52.80617466167703
118.92793212258371,10.50725650135638,4.418958572873016,33.01814369959721
27.014970338074985,3.8668825781978167,20.75981865477258,30.90604356170281
65.85361584999235,7.365457492122585,6.622513954753002,35.14603820538727
15.445886142188304,9.078217762240898,1.5024622204605524,58.398889153458825
1.835647174153332,18.88747671741968,20.076889221026068,32.5986224151361
27.533022961828213,7.143285714144532,5.738252937805735,51.33717220074084
60.38393861109276,34.74676495480017,16.330332367552057,11.639528434119562
74.19057725917578,20.048009806399566,3.1942030721246173,35.479210492145
8.916575621410816,23.810517368836408,10.494229791007468,33.20169346460816
133.6620210367658,12.534911964883108,7.004382979723446,29.949512401440145
35.34017981052526,7.054466141230828,1.6217327720855002,51.918474280072154
135.8672054929496,53.52554591819181,5.909848843699224,13.012146771585709
4.206998249752441,1.8390257244429054,6.160091119218256,54.451223345319576
47.5711610422783,15.557883911356607,29.23842547989413,21.929682270204374
121.52368534826331,17.006640718214364,0.8748314668397841,39.336084874827826
119.06227420813416,49.61253836895982,5.847152432693562,18.003730109678905
22.033244171214676,75.77742331674278,26.664297050797565,16.932406540517725
107.5520216966124,14.297474191509249,3.5706722057651037,37.589374904954646
40.97478426930262,58.564215035462716,1.6868383238240812,35.91371786855929
25.643737115263388,28.224578523242116,14.553018718951945,18.604948205537532
118.05830929187672,17.991598139917787,24.934134856628976,11.480168334328484
49.126063612801936,18.3778956210099,7.813204445267742,33.00894094194074
17.829808799310282,19.574708931643396,14.149770539148308,29.310311536119183
13.402359368931888,12.696550940399845,0.8294423229682337,61.27650816484286
25.276039586174516,0.30726652889177253,1.5640207215724287,58.94132412573721
22.467487101982105,0.5359966655778314,4.483292080124888,55.915185890360476
71.93204012113821,78.68523485113187,18.21106245223314,5.091012578042098
146.5653174766412,13.936863724391344,6.9040630519936075,29.615866879400897
31.578011004626028,23.819147428833325,14.657178887931599,22.648752494828088
99.58194726485391,10.24619182795875,24.496396914456902,14.333232687936771
41.99306514333602,17.04993618201834,4.126178301389789,43.3850505819974
5.5494734606740534,17.199600538091744,19.596597992504897,31.41202749067401
111.03938666440536,50.93450131680346,6.965315820950048,12.181748284393858
31.282495647072654,26.108876016484174,10.294607105721362,33.780961609244216
41.61955208509539,26.493871579950934,5.286463543420227,31.15314023523884
143.26457173411677,0.44696210087045163,5.6765417311844875,43.33984148658516
15.717799053816334,17.992239901133864,1.7862330154592154,50.5581547452461
45.578844363152626,29.489740741823606,26.34888901383132,10.933133058003008
31.658933744788616,52.230084749623586,20.34492723989631,8.756577016521971
13.052426311742405,20.554572645418347,7.1441194681009,46.32247664039925
8.186447893958547,41.88953271958376,0.3636738047230761,49.52289333024815
22.007624686980066,10.826862628614128,5.916879988826613,46.083540665145414
77.00584661015557,61.92313995626247,28.267966017624676,0.7606889448667237
11.133803956154248,10.844610055184317,2.7010278166229282,57.670093352846955
25.60465291496405,1.1966399726526773,7.940304559243821,50.077114737475064
1.4649721551709183,38.00661922575148,29.242649553988247,25.866423423187214
20.25005492937742,47.13301718413401,4.256058203734451,33.65274989862955
2.4647246382208223,11.234146790628765,5.935057346585355,55.41192239998317
3.383418095000079,22.336086634406627,6.449818593020456,49.13228959972323
37.49888992260354,66.20077287698612,7.027886782055282,21.50538068365235
33.09172925569991,14.816466197136165,2.3679438573258293,50.90027854346379
71.48546064249982,3.915854529762969,20.94233344438092,20.633839829333276
129.3537402228831,4.709869185012305,2.2502276005848865,44.32161780365229
41.189519211064734,9.215516312457217,4.742237551813991,47.12961597034605
130.50176932346278,13.024784716233928,3.738499025240544,36.57369823664417
132.82127578865942,9.64330819749583,0.2199466530205605,46.14634527566679
42.68924608523335,10.048004674816912,4.346142732787323,49.0830524662624
22.997097564698137,7.025698156755062,7.174224934953875,50.16591034344501
45.26753209780318,6.287825991910021,3.993468195640708,48.901738006428225
41.06286523360064,64.11750048087762,8.10242279446921,21.41305555222597
25.447952021102378,11.265585627704224,5.003139197708118,44.90644015622206
32.837803173727856,0.9046199383231285,7.196681731696766,43.96162756992346
18.743528976185203,58.51135916102779,2.075797031727749,42.26701706356689
36.89424924173031,2.4865399363047462,5.000183991451936,55.0201612928825
104.00291922606877,15.07272028561714,17.26245968038915,13.650344445628459
34.94744142436928,24.084834459246228,28.048854807863773,17.961190620261288
35.70434660662139,8.931773049901128,3.447493854277181,47.07637478001206
0.6078385738693404,58.37728369816211,23.691261344444396,18.701833248445617
128.13562183952,0.8943672678501963,4.859854539592089,38.61736012401747
22.8118254477771,1.8990071741229215,4.469703620756173,57.669017018451385
47.80235718059666,17.044578030308635,5.242948488894062,37.30857788675281
39.094545649844484,12.661527969176998,3.266268105785576,46.617288197900514
33.1261142176991,18.73188342060261,5.696871462828605,42.23728620831636
147.28943893876948,46.75343187091564,7.9166575385502265,16.060580401839857
147.6078332472519,67.15227629626432,0.1079781670741653,31.84054586512735
145.7835304448503,56.69698509389811,11.559286158598447,3.2992850023163363
48.36640556767349,72.11840227201628,1.9429172042501301,34.92186829883922
49.558431306848824,3.749425603788617,7.1656088152921456,36.55663087641773
29.29323942267596,16.3282667572414,0.24322320862919344,56.307836631259846
49.069166712064,64.80236524510443,10.346008795433974,16.587578672955374
32.27361479535839,58.462435706671386,5.8682111275064255,33.35944181428359
30.70931221595057,22.36785261889032,28.760520567676423,22.462024788775903
18.600904289639157,4.374920718764599,1.4210898123543672,63.1512569367941
107.34917638909766,44.68823040578161,26.307251321561676,0.235371192668488
94.35997013181871,13.547004331905498,6.082142210591696,35.12633371071295
106.0539352416771,24.371813335781077,7.725869609889836,17.50023366482638
24.689779818219538,21.889409166692857,3.2757475867409553,45.41183347622034
11.778296729725064,0.4323493941770645,13.249770871677317,42.41540688321893
36.44905308279082,15.506970427521072,7.127280773777099,36.83253975936509
4.354638339788575,54.45248434823055,2.379352993832792,40.90418985789736
146.39160120731884,16.767988142676202,6.194883089452705,26.625736063453516
78.34611492640792,22.207693685942633,21.415436700405436,9.6138290292673
9.79914312095726,1.9670914235474457,1.154916470957395,64.4540261812466
2.2723190170728937,4.5986854461846,1.9168385833563653,67.57946466565393
54.79577324369876,17.159305819316085,2.2560205554096147,42.63917672348305
58.89295227550239,79.49028400066771,4.072036972496479,26.567481996834296
0.9855268877182077,4.647542788906675,2.629042066524021,67.02440729605128
128.05218027570217,21.540815156138684,21.561683134288387,10.564696253001859
143.35931437012516,13.62183210714338,23.623471187879076,18.490160831206943
70.72825225497355,2.6234795081987365,6.098136180299576,38.95721069805688
43.589178329610085,5.967520117474462,0.7676682389053946,54.04919023510039
23.779809591100413,36.25594413054799,14.009601189219214,19.252083148427147
95.55016952192202,72.42608912548164,4.640936264336246,23.248444131242383
17.111276238945226,29.10736880491903,1.2205482138613588,45.860906720107266
68.91386963267401,24.42427636565652,4.029420587368499,35.87582481166065
79.12937472055053,7.275084085007038,7.050841922445996,35.374851751106505
19.4338644844741,66.90795613891092,4.303677053152792,33.28290292731128
125.29861930391851,11.300207199677029,7.917542942292178,27.789682234926417
47.15379188723538,23.15568625514575,7.549496693173732,32.463939971448696
8.096150331610685,6.247329871684118,2.4435000183588578,61.42992607378761
83.07929914276556,24.23105326145095,6.736124157748064,21.684761469361423
28.593613561359327,21.55679323382348,3.5210616369413588,44.02338577267404
44.70496018395672,13.008658421789354,2.2023210861344333,48.830650116165636
3.1101613082351376,36.94292868119553,18.57830524463652,23.21274059915334
34.420119821386805,5.038175072956061,16.760626789950237,31.72783453271152
27.885441312502195,35.40794210220985,3.732493641146095,40.93834239473516
147.55273290209018,0.8120330508973678,2.771991116162557,47.03896955601978
18.891960686359333,51.31402609224821,6.966618482013076,32.87662797462539
119.93129211553037,14.505474092263512,7.954951810934351,30.009905276522026
1.623538584587414,33.566236788941936,6.223546422619407,41.332983559536395
25.013926760388017,1.8361172751440362,0.011577764167994609,62.0945591244019
10.173637124879791,59.236582546597056,0.7865893367357106,46.149518833607516
11.433537569230168,18.353113591424215,9.78975219990611,40.33499352253729
6.6889072496984,22.14706843929361,2.972375960025402,58.95316872440513
27.461333235306025,24.191177318320218,0.39734964720647437,49.42224153673519
111.40907379757016,13.16723397315878,26.377686349186853,11.655911337248117
131.60335023020684,20.91300486118947,7.296544479106546,26.06714930018191
25.131562131506524,18.653762595669697,25.406107119156005,26.655587784143965
28.10723769137925,1.6093720878759905,6.808212770413932,51.29992234401448
43.71112623425879,11.461690253643095,3.9993682192896047,45.52457884277256
42.072377654238,1.55560431630605,27.459045786982838,34.12471852509911
12.158999013211297,10.091841440600696,16.55586542561296,34.9512521518773
47.8307310541729,21.7212687950291,3.779880202971057,43.65240933623976
39.1599206649313,20.50148414365634,4.962424720347038,34.82263927435972
107.70204016905583,58.79385101593024,7.2640930197137195,11.905939204244062
18.727005942368123,17.246032085899106,6.837796752947485,44.243605568862385
37.82255439944559,6.263610606783004,3.91114514290994,49.00613088788705
7.149584102641793,60.866097147030054,19.909152620004342,18.022611921247517
14.28917777629351,11.501655973948774,0.298149782108319,65.2844459540993
48.200870355885115,26.81009383252166,5.229035458538523,31.514951832391212
42.28021814949534,21.834235991235467,15.779804891990619,20.547784588347987
29.62038923297588,10.22466259334586,7.096558103325879,44.149361070699015
29.756583745284075,19.619358029069733,7.612486820312126,39.3569526829934
27.280839465796745,4.572344308229981,28.523251754282743,33.90130137817927
21.72016595033049,22.36669060785034,2.4217124805852857,48.01100403987811
15.515424105227376,14.563792409615006,26.846786022997186,27.65217976898917
3.811960898678224,30.544263167770666,6.1696082322930685,45.01248633539439
41.748689284148114,19.980677657288172,13.181365608871955,28.69528370124018
89.82502348634128,73.8969824273261,1.2984627639716866,23.541306917924416
19.180452017757922,74.37757375402781,0.4585941669152467,43.39887459924858
11.690641654653206,12.495556443714726,4.500648430117303,53.38305398113917
30.387634154782628,5.777223053364214,12.322376318689702,35.70543455951482
49.1760736357611,74.67636673536842,6.513431173099044,18.874796736142095
139.9250306981565,53.34124906972951,2.8733628093583192,23.43926569806846
19.118166553081394,13.127559953556101,22.444699619319117,31.81263003704619
7.60242837122459,12.869184351886073,4.069397056719507,53.410356234846276
149.6990502812551,26.684330023076956,3.007893352563242,28.564862021671527
89.27856463287048,2.746493926318336,4.771564716062911,44.63530929822781
144.0397033945544,66.92104251093454,2.733586723921783,19.334715500404485
4.086267287338913,20.362699203263286,3.7225237958808073,55.912606946406186
40.70628427955809,6.474554435799168,18.259094207166793,26.195879827842774
0.16091318021393408,73.67795641664812,0.21305349531284,49.12174483133785
41.46433996583777,5.168666143505979,15.920417080731678,31.83456917665402
11.005566295237657,79.19726309143473,13.302498048269364,21.317933221982415
39.01880617854902,40.98876707474102,5.651885080057801,26.920385125232325
87.99599522597526,16.568060584204446,4.939468163859822,33.30172051596494
49.89670552666687,61.37415134715558,7.117884820031241,23.36838308984105
29.967986252108282,3.0808667002450996,2.763548875684113,58.21754826496028
58.80060275114523,20.821226039786065,7.860942030171463,25.655133885904135
128.0084023734965,4.855823242389542,20.2825948821687,20.666329356606468
137.500869974397,22.555507163509354,5.260439006666711,30.30055923046285
147.30453495141612,35.61698892178766,5.106204955361157,25.122690520105714
35.900708906350076,20.311398760077807,2.370642008734852,48.962193455945076
74.62707341031732,5.863271799631856,10.67460644353634,27.438797825923757
96.0102626557688,16.5096610067836,7.107409137502855,27.36752653093591
94.89117225927902,53.28398534840863,6.402723261390738,16.384145514391207
19.65735647470076,23.531476604441192,3.0749574058747697,45.28726066549428
115.08279504893281,4.676420900659509,4.984955904757476,42.37766085817105
63.82455656340571,12.75656615551623,6.193589276233492,36.827270283512014
15.948781514688065,51.529877905560674,5.372222302512541,34.042708905016845
13.462161547469048,22.656684932245756,4.684457498558948,48.83156727710312
25.275438019493198,13.552412729957968,5.610958893860917,47.776941516913986
16.759862082295047,14.802680336776069,5.710738240398612,50.962453476696666
33.346372372934034,66.29343212216796,4.252294375631919,32.26589324901082
36.973732694205665,5.919950864902971,3.4698262381968776,52.86278809585885
124.61309782386422,34.4692205005448,8.591891384691944,15.401147770366634
59.488423014757466,52.00711584109675,2.011727763928607,29.63959593365884
72.01292441975266,62.766293069081186,22.302433194018228,1.9113582920598062
16.70227742099798,15.282637926384668,5.117504817163432,49.17094378943621
0.6001513636341271,20.894685911305004,1.1776196887832722,58.42253750937779
44.16368007131119,14.299567133600316,1.6661425701405523,50.93702619612967
6.783073358018887,69.02255348288068,29.28226170352035,17.222052370012754
135.4568664032641,9.84158535139102,0.31941000888920446,44.57726072364906
33.115895676979115,21.35038826138648,3.820405243177369,46.35986911731838
35.586140287302435,9.646384418043402,4.008562565658217,48.910056657992925
140.30506531025154,26.336098686987917,4.8851365330542205,28.230204545875708
3.097325928949396,36.44479681675607,23.749065377413693,21.84156528373582
65.76610267969079,55.10577644248605,3.306008025866211,27.09928490764491
103.66232797354938,14.77655195122473,17.231180027886076,18.27511869799117
11.906242162699938,5.819492110936975,6.564978034265229,50.033985462240096
76.459711188103,64.64856909794682,2.0984947363678073,24.156210918042248
34.70658269881184,15.005063677314517,1.8468284234833856,52.02770421281447
16.229291495013516,14.233380044402349,6.15277674068243,44.860495225744785
10.616955533913808,77.04079561717109,6.327340802225033,32.89904046250532
10.284363109777756,0.9063079378698713,14.721795229333512,40.20053238307122
108.13665572045748,15.153109722074444,1.1714123331912,40.65054151307465
22.91817397131531,4.238004008236559,4.304845268473855,53.107576519022544
142.25724049058,71.35209898826656,0.48826974858590244,30.51362947383627
43.47668359074899,64.21716013922475,7.04735996367802,26.114871658642244
138.42451739289544,8.305694101657096,0.8112651699002464,42.92904114783758
8.826401600275414,37.86980633348453,2.54219500021353,48.050255456030996
39.187992124205365,17.2626658002784,22.07436534863361,23.6742441354568
31.770717843095493,15.152739996324327,6.924600501576967,44.34186814737659
64.92680126692473,6.2176788991616965,1.0726651375843756,47.681501732446584
7.372626335314197,3.864303786869189,13.106397183355071,41.87833129777849
104.23589504923214,74.42610110649451,6.964988507290506,10.078635812521753
54.475143392623814,32.29018285076809,6.641948223763259,22.997854108662665
91.79992169203516,23.885354118652412,1.7058789235642466,27.67284020844584
63.551687356075405,9.877213058915821,2.512170004667124,40.32895447688746
13.252364370464164,49.07088005984322,6.575890621485769,34.255555650095495
79.74926699926682,23.850395102979675,9.528274647068633,16.899010038933277
120.70311693228844,24.772936869862807,26.21897514366508,11.114380582998766
91.7969543586527,3.0172116961560107,15.003200684827439,18.71500939573669
135.98544903351217,22.252878407745232,6.520147982962006,22.84903955232531
18.727412168979065,1.2650346780451183,27.432658602141686,31.02783332359326
36.82221178123614,16.5941684030425,26.961008358223918,18.666125671051386
45.411424435016144,15.227041375525339,6.224721790789926,37.7490449402568
15.043915490838483,6.446750088700215,3.266288958700992,54.34399798866227
21.47239485393513,0.0354555033478865,1.294656540689771,66.32996070959992
91.5786062069183,8.446347142382592,6.198113677857935,35.440942971828804
42.12672541759008,17.284661130375465,3.3159802011116,44.35569210060003
47.87240095190481,8.767558185768184,8.351937234896303,39.37294490543942
104.38779211611175,38.390099677459865,5.101965329965742,24.314448171785674
123.2300770608181,17.75969118595745,4.512190348817456,32.82009371875156
46.44039803439426,6.967683640517716,4.805511134876665,45.616633746381225
121.40870226850174,47.65574453417895,0.5762133258426907,28.548761016084228
30.001027405965186,19.335455272634075,2.558035599301812,46.00390391151946
28.509360789990225,13.656199190072213,22.544973232203695,28.25402508118974
30.094079481816106,79.81087807326213,1.0596543269350276,41.11021112051053
39.759309738435185,15.350779961216265,19.72990706272649,26.072786599201393
26.877007182017316,58.44556527686504,21.533867850431328,13.900265903512002
25.10975051656213,2.587437589839192,1.9371575979140045,62.455643374916995
89.9109299557426,43.05133927142823,5.4860995340804495,21.35843427718934
54.488101647271804,24.609532815465084,4.882204391114701,32.91682715103053
9.747138448507991,10.228594697940558,15.314986198952043,32.11756897012282
34.58888195709912,2.570820401603935,2.852337145714178,58.65255281991598
13.570469022335718,20.179494255062277,1.1857528784281328,56.21760224288025
138.39977768711867,5.042499065775635,8.566106705616646,32.48131537812347
102.96445270351334,56.555933339952254,3.7838701332170706,21.691219008429442
22.300288647897787,42.91055707030993,7.493505914279157,32.46942063544712
43.8560233831144,56.2732317463464,0.3948323455933185,36.44909446079208
33.62592280385192,71.89423406118644,23.19466057475144,11.203449215459973
38.175792183410614,14.862459143743964,12.11499360073842,28.52953906861918
20.1263177745071,37.31494723476129,5.894084757856799,36.39701789148764
144.74772343956246,73.48420764231034,22.31362469684831,0.0
25.815017415059767,79.84395478537013,1.630549441479066,41.56927638549577
121.01732665901606,56.565127331836884,5.778224792290795,16.960690090139934
48.173997373716375,14.368892266385108,5.091560222790057,42.02100531864213
59.89686234087068,22.793858300036927,1.679000872301791,35.12506350588768
100.58092225923298,10.397913323317901,12.523817792356947,20.849175261109334
134.61938661543735,3.1855195839849775,7.952818265685809,31.317018064671856
19.464780702098828,67.88685804035171,6.478885062442872,32.64257022748817
54.39046136306372,41.712380519379714,2.11647302396468,31.327166803974656
22.926150444094535,21.39939650987859,0.730893898471014,50.42789427984773
30.12247209832939,43.83965762302842,18.36241602041101,13.063611658203696
20.954973645854263,56.20369612629146,4.936137655469681,39.34048405386624
47.4899956645962,20.048656893544383,2.516098962980905,40.282945134384455
49.328474538966326,5.968220297778625,26.08776949669392,23.883580288834995
128.29341727398673,29.848505433876454,1.2324863498442742,30.250660656196427
0.3023521591989209,11.280135205309913,9.820149395559481,50.884584334442806
7.65722500419781,23.213051876060742,5.202729354115467,46.317712920061574
43.99188739707339,7.4446768307324716,14.413112727000627,26.78416691014917
3.56283638826293,69.68481224463267,25.046829097497984,17.48813767473742
29.556515162925823,14.699356209258713,5.9785965476137815,45.77229894111964
117.70937847836443,59.9655228040398,12.876402848616568,4.885609648261635
73.04948373515208,6.666491459705029,4.413173888784383,40.30356055509492
144.01798347292413,15.17078572284333,21.218532352419324,12.314378220073726
77.09632078712195,11.151430641611023,28.366320585088715,15.703189060791251
7.762012296535625,21.967439595651896,8.064549271658883,42.35369222142372
34.90808570098726,24.968750859782922,3.7806234791002824,36.61672184132946
17.0908675848938,1.8170977750655766,7.70766929630358,55.752822448496296
72.26492352267854,10.680075682045864,4.847890162120458,34.86169450410112
2.8151637840918675,15.239213347461602,2.863108245805514,56.916561581023224
1.971340568425295,21.086011091618506,1.5958783321971879,57.2403570332087
32.144095502935386,46.67623609320006,12.761613353911454,18.791423390223475
16.621334608718257,79.70598226269605,5.6151947509517885,30.590640308309517
6.963603633169363,49.97358909826067,7.585755579960261,36.14237700803194
45.217988749692864,22.209092070031602,3.6250032552288394,37.34854694521339
80.52145301288591,8.149476094220304,2.554534803333886,41.976836407751435
48.86399662832236,8.84094657850276,16.650212073007182,24.756763058333775
53.04235396540856,21.077748914410066,6.254634201146496,38.26001657312233
96.2456817065148,21.616477847247292,2.7378104714181406,31.432982793103434
119.15055458135944,19.64501162969936,3.651627225565827,29.892305791967452
134.84177264305112,11.203217486628988,4.229928092318234,38.697986071099564
5.595980969886394,25.996019050837557,28.74489988384018,28.217911222623485
29.008618461366613,39.49659685107611,5.601493768095455,35.615775223372836
135.67299465058974,11.926668739181812,2.451063150605635,39.33557076832104
30.029716668030865,13.862813892274126,5.96869058257302,46.29779081378454
1.9632525824330116,0.6507387454283725,7.976909072101914,60.29487922784027
10.20321942733003,78.865670081655,3.7722038836166387,39.88057101516752
8.400710387243171,70.4948288661907,6.34388466651958,35.65676501324193
6.700761422532037,12.633300833397007,3.7464015916411766,56.60283954107739
20.919476668916676,26.710972130307887,20.385561333242865,19.00896288002437
16.233796344503,68.25446527569329,0.766797070149992,44.41284824035732
37.56394621868834,75.98173645301216,4.062423078388108,35.10655420039926
36.87168843607428,75.02533749263057,4.856257906104769,28.375730550381178
94.84078410159329,22.906770933588287,13.40283410202506,11.52534949909694
74.27149867985833,16.53602096126937,14.080378064337909,21.416826781049416
8.411828955424594,10.575361156044066,6.334773542945279,54.09955742613065
21.0712275296249,52.83935471103614,4.9364335569743405,30.781761327410567
75.13076871421568,2.5057064160721065,4.737164799910911,40.564525622544295
35.34286719238086,16.00121992325141,1.4145388622383424,52.483838629432555
39.91465986045933,4.879845356898138,1.618908482574315,57.2320688825851
46.739775874639164,11.07689832333622,6.886570085921381,37.31597381231451
23.857318799452464,0.43250306852424536,5.043252148488359,52.74170248128961
14.13827285300493,73.46670028560325,3.3835648804534397,35.81215454435198
63.21617775250237,18.713974641766917,7.837345043379193,28.589680279009514
41.02437922401374,9.78590050557139,5.134016617052397,48.16529948128301
4.430021483980862,17.731800291745326,2.0656351426964,56.45996479844385
49.38247818680289,20.764583127861282,1.9610573186761089,42.30113031662592
110.28075322667594,24.991830131052307,3.0224728034594692,31.758606601989968
7.626952145713068,68.47796096452359,29.266910593505052,19.565530346140942
127.22402758932766,29.59081123500765,7.778629682483147,18.44338563957042
39.25879806965068,46.27236147316267,4.130414567010063,30.128811531858922
1.9489660330565206,8.51908723372218,29.7601203040523,40.262076233072854
12.430244230665316,2.5082763303017175,21.69093555251051,37.02639386400465
18.09599954189325,11.798434143882359,7.193777215797819,47.39823380000594
29.07944189248777,5.237155567989992,5.988685813694421,55.317041649573106
130.55808264412337,15.005465276549234,10.929169300934895,15.663438918520356
49.847470870583486,75.26572094864673,9.316638173991548,19.060332554468232
17.350116770609997,27.91383363164283,4.437970430655405,45.874271527737605
106.64436850866267,17.372177145182004,7.544864541761057,24.12637673532449
6.03179355503004,54.013925802102925,0.16787985405027772,45.88454228576284
49.856225007885556,20.231145918837065,2.690677762837381,42.52465673116319
49.40620379773177,12.787169230220838,2.0597226602554057,45.85671585238244
35.721208203562114,18.74967460949938,16.091957523782792,22.351436242587763
33.084214419992826,16.127067299169656,8.669372620459644,31.664281860833135
96.48547808132707,13.299544997625018,4.475318080948295,39.65422054724207
29.652216709339207,11.028589984226914,6.652691885382624,44.83761141808469
37.44131684816532,54.42660670228311,19.766782886000218,8.185365607989675
129.27034057807515,3.028464346222537,2.9857979457731822,44.796088213061296
25.34602189809173,50.34082194936444,8.184700825851117,30.285960427392503
10.675568315533596,65.54983257191374,1.7760842741945675,41.80176221756999
50.02410046851345,3.1987485229941215,16.57444312282054,25.709837783073315
27.21286685076254,4.672799119764398,6.451202881050638,49.3842974718074
27.635194502277006,64.31787258725619,2.6643073871893863,37.27151662962311
74.47450796369273,75.16747460577508,4.395795837483926,21.364520024976677
41.622132040021086,49.83023653002698,14.047265855914667,12.43761531258447
1.9498006287455794,76.26252099312424,7.1628923428206805,35.69279618044127
142.23077754835847,2.758369345630074,5.415084134052618,36.26543547567796
7.0691777108170095,0.9829871917118316,8.453489494389023,57.76725382586701
20.946272475227396,64.18168660741435,2.062431335935754,41.686249748474964
52.81913404472222,2.6731400611811202,0.7696459333007564,50.11819446952197
14.561457009902096,38.044222471422806,6.615030562077015,34.531880641991066
21.526791045651848,10.043630135624463,21.518096371413982,30.187201633005195
14.361949582704087,30.17593828056577,6.248782040993573,42.74257670223893
41.22357588022745,13.566482053414191,7.750027539542425,42.67451683069094
38.08098076643588,47.05554008751317,7.8252550050945775,18.558040861460288
47.285755422051224,16.504316041173922,29.227226804949137,23.31885193754695
21.662546615451394,54.77861668677482,8.49296712254608,28.845234596774272
2.5834360828980554,35.24688049958507,6.453957947778017,40.63610844198708
44.504851759190416,19.466303776872735,0.8554885079659513,47.52230610884372
110.60150024794432,65.98334094397322,4.750874119724212,16.298704003658642
15.805065577348525,14.461831275047142,1.4600177840045987,56.097209098649174
132.02929606091772,11.91208019638176,4.016516656012541,31.33794283965537
66.71343148693072,4.179896363681709,13.00613140645839,25.33463066311487
29.39958147319164,24.30105235441559,5.943833075911654,35.92872342742139
19.080824955456748,4.670860157364576,6.565140378386316,52.472634902554155
15.276215532901178,19.461708497879627,4.77363178550369,45.46898653767938
22.360127025241784,4.548535043710841,20.455839918620516,30.964708136217105
77.47050328071437,74.3421756471015,5.657606983592258,20.37885293215173
25.154197538991816,21.695712554123315,4.00533312178175,41.57664047765176
29.952229357519077,76.39066238022315,0.517902128611845,37.62973524475168
30.670759796789493,19.462857371313934,14.515580065736515,26.116485988607426
95.40965933775365,17.23350289081511,4.602596629944509,31.022162759852595
5.6290195205968505,4.506788400459402,10.653394113742158,46.3590731695837
7.330727857992114,11.103976807812508,15.064554954582025,31.64242733397318
33.83086167762532,31.657682689478627,19.302393178570156,18.59410845740559
146.21859094918,4.963810088427323,6.769856704998938,36.26708959231179
11.432140275173136,13.712089643728111,6.941511017449137,48.88512436803775
92.93227657041953,23.669779307040514,4.580982585519321,26.190911397456667
38.955129319789336,7.045641977492117,4.220898650867058,45.93305274077048
17.731107882038827,22.855219742020296,3.0407435659665483,45.642815043236595
35.883807889674976,20.5411649291125,1.6101088180871397,49.50517607807703
3.9703292321514763,16.394906997492996,26.455013082687486,32.97214195261506
32.97114810409988,13.75738807957824,4.134085074374397,48.97705960215564
25.56711994304689,16.218673430916354,6.77964814850682,46.17615540346116
37.271973709216496,15.305226581430395,2.081465368656276,51.353478232351684
53.88736970166893,37.82917027996989,4.737601440068112,23.54692452144461
130.60967479607473,13.009305411024197,4.3752721541218245,29.020055030311685
7.523613550299873,25.836909133003747,13.74038224578731,28.050690126895606
69.20162509679488,17.475685351052377,7.8056845302712645,30.98056521550413
0.319293585841679,3.405841288643141,27.96759830732673,41.788654843227285
10.294099408916058,19.066337247787107,4.358681237511954,46.94346317207824
17.703228117754705,3.886307303911432,3.5452181876392013,59.58232377071434
47.98955102024251,2.4692262849687814,2.718447563966099,54.84676964375876
35.46604142363048,10.271079437022742,2.008049430194986,52.98548317947297
54.0330161051513,4.564928277177483,18.36941928705351,24.55696799348076
22.291277491350808,78.63129788751492,0.34562291481739216,46.04464501332236
37.8365083534284,23.629744028175164,7.944064290273315,29.081328155992193
45.34927592191219,6.26253561739849,6.164391845548543,45.73125087931951
27.771585280131372,2.3431216514929103,3.0868865067328146,57.649860400866814
9.226050967818866,17.81795007396374,11.252343480513218,36.053017408109255
144.7170616843394,12.464230424088882,4.392423518861352,36.378921827896896
20.658625860385975,11.70163651065578,3.436363589748823,56.66713110566497
32.82813511998262,75.99510728836412,5.804521578646942,34.16568151506891
41.33536798707437,1.8830358041851207,15.936037658913895,29.765569280642765
10.935780649896365,14.910250664616157,3.7158091657387065,57.18691383068125
36.26858001174288,1.2782909526674295,5.503936149085441,51.058371110358294
92.43890180725104,23.78748598068381,5.372121949571088,26.546601492714736
41.48709018536008,9.538192366507781,9.581697491319153,35.28650456998086
28.330262945273148,0.6571193084401766,2.915678783517148,60.75093591344101
9.276275785156058,15.376279138214121,5.8072277141191435,51.00542913660257
0.5497914329240239,26.860190294555956,28.2373824956333,27.946525801650413
14.462238598632727,13.982546801920675,21.248357753346067,33.44865872258848
41.803945039764045,4.358917691271791,2.6377796706213408,57.42538520499481
9.222952552994169,51.10564867799927,28.327508990050692,21.16789702386997
15.15641779726643,58.62869439753389,27.397656237664556,23.458780934756405
14.502276598121844,28.156366103389992,6.701287246208444,38.68711053983026
24.057005092740873,7.745994288191957,1.7073154817351757,60.28329642101701
5.0561338061395125,2.665481820135587,4.379049867755481,64.99483414227254
14.285378383044517,0.4929933051078139,0.9134701439036741,65.2872988351001
29.894998940554256,14.811136019760356,7.624542290163666,43.95826320214147
24.818312360061817,0.11004022509465694,3.1477337499222333,55.43468143354284
87.549862202072,26.44619423676127,7.955711759168011,16.20594504138571
19.850752061859584,21.194756759071858,4.99514211436674,46.78546542225743
41.79900602561029,20.14211972192231,2.742760855057349,47.84327741752735
18.05373631705186,5.8601436102064755,3.6887900370728826,56.543654961100444
32.90799121487867,17.273014251779877,12.13629184702811,32.03946543284271
40.719196033454075,12.503702079109983,2.105949250185973,47.93301436966269
132.62173757752203,13.588597866236052,1.2739391520791417,38.28673091861893
90.91966437856499,18.26400202243663,6.065107692074301,24.735015961827823
18.114674500010242,3.3306686996088324,27.974295823172262,35.55032892766687
35.13168865427582,22.703848580687573,4.340568393630511,42.31397829535855
44.783738880938934,48.41994305814359,2.4208449672696304,31.14972810174613
97.32131868843987,20.861355372292405,3.588552782646099,36.524665869332246
29.81349392410265,10.808347496966633,0.5144122471302746,56.74782792866013
131.12305584013578,4.118525959081798,1.8752116297898862,44.334088545559865
45.49650790798593,1.0036942507185094,1.0818830039584633,60.01922727876558
33.40425682853231,11.897312770737267,2.2305610899735733,51.12877218946911
121.94599676699718,11.844584057695556,21.88515236436758,17.724361112019373
17.67365960303603,59.79933183655454,7.239172891785011,34.436239268648
116.09738206496758,16.43735574962355,27.964604152954628,10.052856745350681
105.98905318457854,16.77531187112175,2.3339613459293407,39.62836510071854
33.58544296220304,24.617138847880977,0.860707556798995,53.25548793508668
56.353572242391856,9.166679446865828,14.688868161592412,27.93352400887512
77.03485904955843,59.73245086704237,5.665686700705496,22.14821526467527
38.07553158587361,8.56082020955942,6.629294435635356,44.52909486776018
18.323076743569892,5.24829579183711,0.28847809649813705,64.69269603305763
141.3814522624944,10.708569860874013,0.32666836282450706,48.311562313400444
23.386030798557545,18.932639883371884,6.438871323725727,40.59806386562954
6.024091121923397,60.17809616822138,7.316384632809248,33.445618840242666
28.022031549021996,31.152297049047736,7.440152470555966,34.74825613525555
20.39471183900952,6.670094552306283,23.460033227358764,32.09175464182663
19.80272387177334,6.036605704980403,7.49375583461881,51.099443241501504
70.98928423049972,6.320905076869751,27.787624172683763,23.873641077040332
4.438663347811634,17.297750665489048,7.976736140881989,44.50785585979186
39.79631935717512,9.963592859134563,3.869520210118285,48.12609683276487
12.938999080000846,3.2144315199219617,10.476512201383116,47.94930328928193
31.960091469497993,37.331539671486375,9.626424027505529,21.74052584939002
73.22733647905008,63.03962198293394,0.5377858796367825,29.43270828746155
0.35459063871854934,19.075484945391686,0.5892885761364752,57.90187893060922
44.0963879152322,75.30070527284869,13.707102523887036,9.701884344057628
0.37315702086097025,50.70757751416057,24.382261301022655,22.303279751516545
15.473128822309118,10.805676887276055,5.408012487535259,53.418506080662766
110.64097767438004,19.52362047376218,15.25946382540922,9.001707070768262
3.528437370021492,4.035424692189348,2.779757131980973,66.00493355927958
38.82064803709984,70.46504312740531,7.884098323107827,25.463954529078443
25.255777787200316,13.605000052840696,21.244695115108783,33.676016244407954
59.01957002002444,2.7569182069141718,17.464267001227846,25.257211021317445
76.53697331203439,18.91194197101031,25.82526818378389,11.124395809834546
18.73063073132356,7.693737915195506,4.873906844575378,57.611537929673574
75.50872224213981,32.175429878084934,1.9672243405061334,30.232452853838126
27.893959178894278,21.55950961310685,5.666214605257888,38.69678216824345
32.140329554308686,58.38818958781297,24.5222620708524,11.300821907572447
1.3547996251741745,12.035883648940137,20.3932875844975,36.151695364682666
33.98165911975718,17.922104389931935,8.798924265386177,33.748265973021155
9.05916395250414,24.094191248557724,8.996492834535026,40.05925769126686
47.76673432519642,64.5123452734098,3.2722169673171866,33.25557996244934
119.00753541887977,11.858139263757275,3.0930575377096456,39.566680420448634
23.263876563796167,9.710680530696425,2.228681382776525,59.278214205014955
3.1897278126798936,52.029977896242855,5.226521798153173,36.405703082576935
35.95229525921228,48.835823546420706,5.373324398429561,27.04527950104333
19.72880377988232,2.7399467583781756,5.958005544415239,53.33777878474486
28.316144008326603,13.428018707168498,0.8281061521334605,52.075018438556675
1.2322202318161335,71.61426019041097,10.810348805198359,27.529945878374008
131.2928405393937,1.9317931566794262,0.3370218956239617,45.910108360778125
123.89920631562438,3.2613371794340207,2.2768576946163357,40.67905645482249
22.782837639285646,24.343705352949012,29.674492727212666,24.009810135302462
35.65230253171593,21.598925702875576,3.738634374286665,42.16371777087917
27.436689468329305,0.872646476827732,7.791824760697961,46.124325228136996
46.31913033650434,25.9689078927609,3.21848957215198,40.751059281160295
96.78594626341598,57.082626303407395,18.802739637069635,0.0
46.51992100846628,52.56416457097446,7.183602747056357,23.144572671242514
66.45253723928124,19.1876673848841,14.695025645559657,15.45541851537131
39.43074823362032,13.680935696982088,6.716843607924131,44.32243529357027
28.32023201484486,52.084324347657585,6.986730460836798,29.332611026651872
28.723655658995597,20.225463556667435,3.005606195376669,47.848597652123615
114.22781635071149,14.548591037644576,5.624228932303567,30.533158322108722
48.40329060253794,19.334805615719308,6.552459645354799,36.508723004996696
122.032291647856,50.26174634452089,7.747318901564944,16.05525515654841
33.89066001550221,8.561813905895722,12.493435899579515,37.21272227236471
2.767990846920476,68.43710182870666,0.9792864534925352,50.167786294862424
3.2638378783231947,9.594348258890594,4.653524677981442,56.36359498403604
44.17323814930303,16.13671063795419,8.281761317869394,34.95645567817926
21.23970906657059,49.31151846367331,2.7932432117428148,40.64859463767648
36.135347884911425,10.67255218307093,0.4010114585665292,58.260785880105544
21.409207415865716,23.26814486363493,2.606774243125903,46.636538023319254
41.30323422741428,33.10157401415412,10.302962288831232,23.09333228195642
27.889170868501246,26.154064795746674,23.528547361004335,23.687925780918285
49.01843704710925,12.118533934992302,5.467993235731024,43.489178704344326
57.60999889807743,20.62597276558404,11.300489496797226,24.199094902922937
6.3933400611208775,19.33382783708574,3.603738621638062,56.12314012689189
11.303953550528135,8.788201039922008,11.774648762788992,38.99851898139274
15.476380814316387,16.595252631257072,14.719928013801045,33.02455008675883
7.810328434331098,74.56648047128868,17.351556400745018,17.22445051140876
31.006629890076837,59.87203353774848,16.467582969321995,9.510609963033463
14.641101835048238,7.753680527270052,7.858387490563355,46.85155840893248
78.45119597424441,73.10995778716645,16.47981092016512,0.0
3.067481355533408,16.84279119302122,27.36528100750001,36.64947310773708
20.093813561836978,6.12029328210339,22.543880277717726,30.134916010111347
46.32318989780924,18.637577133819317,26.278596161307266,14.987562999060778
42.82686118739634,17.60249210993625,9.905645038210398,33.84458352505499
0.9825741373423902,23.115570446063213,4.628771757436371,50.94415697223173
60.860740234649256,2.7430950311780027,1.8727833521919957,50.954005114449785
141.07949305099487,68.69426605067666,21.045108020940333,5.9783624015980035
35.81616940313411,21.989080940319532,3.2058820409094695,46.01610686231663
57.41761955943122,0.20557828472228812,2.687186160936057,52.71637968069253
28.845194231317954,72.90063634674442,4.717830603727041,35.136109161503605
27.224454898042477,15.39474497450311,3.43593342958275,49.756670882175236
119.32095422188678,23.620886325518434,5.041682099194278,32.46128708068706
45.790717409537194,4.531195151653875,7.019719597374224,46.47016200405153
5.629523326459723,11.332116158441455,7.304264784430326,47.29905368144974
60.06199772225901,44.386660017893405,7.724456686112351,19.87425895589356
47.743264033159704,13.844348857360952,28.883518031965554,24.281210349676556
37.83946114511985,5.372410839355796,13.606679198454493,28.72033509243642
48.576634545052535,6.768343310543312,6.562194351277972,43.55399173604871
15.937625146603496,6.18378429544357,4.354175154406605,55.232029090025414
73.00844918574751,24.251915472750024,6.053038739073582,27.353636742127023
49.74331585848836,54.99397412008497,12.526416005013925,12.336387447135122
13.93215315575182,10.016446210948832,6.6599389604491535,55.32209419949973
10.533109450283328,56.38138900217134,7.186576157530954,35.57968102445502
33.25986103481001,5.029603554166292,0.6199681732939375,55.60639810207106
20.907239408139983,62.22215976818023,9.34868407815821,25.733166021211034
17.28336416619316,63.08450146828508,6.232571588790207,35.67251091757177
13.631200036676688,17.04492028210966,5.4280418146139535,44.18032386430011
119.70911382607585,22.228624049894634,19.08800991028143,9.378406950527562
83.72020351689528,10.501566739486176,16.514272872129702,14.65504037836482
0.3438981109824657,40.89773531201786,0.45208752739615843,46.640147252654224
48.132420733896254,13.567531181416125,2.557987209812513,48.46590501783044
14.816290094990004,19.714544127711775,2.166362370779307,53.29247891675678
68.90172827464971,22.863219090921593,6.588227007849977,30.599189727255585
17.22982978634859,1.3407097592862294,6.505477361596766,54.225546436266534
14.243645098096142,54.744663893894156,7.007898653659282,35.47885240627891
86.76580460591083,24.478830993787216,1.8571116189226622,31.653596487357373
13.399863344218899,2.80681895822274,15.465870360780608,39.75373204208555
143.61255715401347,9.35840384241849,21.875395746909255,11.47676142749246
3.5867671873712483,6.382845029281772,15.277332044554138,41.24212282012878
31.80528173218093,2.484569473771503,6.027083392124875,49.46539004093626
86.98886256481248,11.440665814736025,7.155932358998332,36.711947679603774
32.79103836636964,11.825878127092507,3.478013809919913,52.75715745933465
17.104087435795375,22.70087190839304,0.9633858094461525,52.36442610864681
35.39175486148844,14.840170651229187,26.19224804591752,24.03442232863193
12.880361016686093,12.732224766998154,2.6705565484208096,56.72312644367019
6.623532817096328,13.730502497171592,2.798365046355423,60.21554190927358
45.12266536429209,4.370922886655279,27.693308801986166,30.07360000316233
45.00115616990056,64.0025345357684,18.655178654857146,10.818010236188
20.32313589760361,4.952604856027184,3.133668246518181,59.00842539298013
0.49846173672592475,7.248427341559446,2.2939175155143596,62.39328183495804
33.11160791647965,56.45955699186895,4.224571293894439,34.10304873422108
147.6020157524494,17.47462770436214,1.7562481585249552,37.82943626307897
4.742459662657805,31.95891219735679,6.543101937029994,40.32409394351348
47.202104691269895,65.32707632697756,1.8640395838207668,36.5330462158254
37.19731462863385,18.753870594873042,22.531591579705555,26.953529298154287
136.2152958293122,9.87601339203746,19.348167566833887,16.023432961497473
17.019355212725284,5.122900812899994,24.626929126219494,35.02926551212289
8.060940598756128,22.3966734789467,1.5158369607641378,52.340304629632335
8.20317941326676,69.8350777761014,3.3746304205983506,38.6193495563738
28.398714865804024,2.1858174373410617,4.900003022862467,55.02542511812692
84.45058933940632,21.282055305413277,6.512776055737888,23.095700594891404
134.9034513283473,76.61320186543233,4.025552580631726,24.959484877208798
48.122364747105564,23.547763621286997,2.2432383970030942,41.48674413564061
19.941139044845023,34.15306908623815,7.907810182357421,35.62901103645379
12.290929351128732,79.03578651826817,3.3266724021442373,45.645945953105894
30.79315940911523,1.654218043129521,4.30829415013939,55.37099429813216
8.111670289123968,1.5284407503055903,5.593911955484449,60.344334603710394
24.42478163299527,46.006285072805255,3.6266357705390746,38.872670970700874
84.98616942224785,4.2878249412005545,5.01372064083079,34.51699200400849
24.027997041813403,21.781822690434865,15.104296340034828,24.59776008070924
8.040402570874933,22.440350208559632,6.592832990841774,43.864165933635746
35.69789739323858,22.524087400969094,0.8037296920680053,46.228824070432275
14.610911523094888,62.712214998353176,1.6256607460834491,44.68906100648071
32.922591732921276,13.376843744480366,1.7999894161405692,52.46973288448457
16.437580514375412,15.228015555332423,6.410777151693698,44.887389137711835
42.609075015927004,67.82174528132968,0.7472614540817277,37.11309136415861
10.007512212240504,59.053335336588006,7.2027197109943595,32.983431448052286
36.107161772795294,3.7454071511525826,5.765474002170522,48.86375237527666
121.94702313133811,14.179113657396766,9.728574810416777,26.859106265118744
2.3225206359998865,63.97319383873678,3.6871197570217333,44.18637989959095
1.8230525412809229,59.31488680718431,2.2292027241825467,44.42907031647457
99.9618411998762,13.708299963244894,7.724375343151563,28.592544968640976
40.42028694468455,20.826240776724774,4.101291562938379,40.20868825800094
134.2464106835575,8.634916551589903,4.939491039120553,33.586868824100414
24.626769035714464,16.97363560701675,2.0729608341713828,57.27935040377621
13.011829899261468,15.554941157003327,3.4748121587677625,52.50592909929628
43.0684998181718,2.3020123280904943,15.606812792073839,27.012419295809128
50.835470417213855,32.858836380574694,16.84091792515968,10.767030803672379
118.00460563742699,39.32997577603558,3.75820007870953,21.664305073286723
95.18690446522778,68.8225073313415,5.830449592155102,15.30570528007293
8.925989463629936,23.303251832529092,5.3965412090158935,46.964086322530804
4.0052863304801125,44.821912281573304,6.511328852528676,34.488422124517115
55.393258284087125,7.221278083290786,6.786196805337828,40.34508675169947
85.49951158139419,5.021768392291443,2.2664229055976186,42.94502529240994
99.38470147415613,9.285422799830803,0.7802079223744718,44.0739290777197
49.31053722398014,44.14489677384257,4.493546998811798,33.55445764447332
22.451938396506293,12.941202225440126,3.7925049932360615,51.419708748130674
147.97343347738598,9.2779922804683,0.9863717309699824,44.216915014650155
18.33609542968995,18.18231193098921,13.893703792001885,27.47610583070377
0.8456399960803662,0.5990346281067455,19.202319769037313,40.920948389395534
34.8507870497634,35.11712383883419,6.910500457889751,28.220550651258602
45.56709081082044,19.057969042349395,7.526019621160049,36.32626417784436
43.87304313151902,2.97750144023389,5.807379495968043,44.62595306762822
20.597327430613184,2.680895044238088,2.296452848953246,53.51769707514398
87.34445911454355,23.633953361413315,1.5528301373368647,36.31356748258635
73.36090320362368,10.874604479261574,6.0262138170504285,34.525807117736946
2.3482983387527523,19.20619444115791,4.687497837500054,58.157736407213285
25.38789190942844,10.632703757528834,24.548882278816276,32.48968635537958
8.081435704730689,23.853843177979446,2.9754356442628325,47.28821075987953
17.29387303689287,4.653303859202487,10.262423129325809,41.35534149747374
15.388545264657456,39.26597553746148,6.981742730365543,35.482341446665245
28.783262649870984,43.16578568706606,0.8089987129319001,43.87199393528111
8.342428910278882,56.29902575745406,10.260619731052962,29.51150382949698
62.305212359032495,6.761727640412721,6.3946013380689575,42.59274220300764
17.64792517261783,22.159409615609878,5.577865123522165,47.252547341410796
101.0212916478122,53.11677371025401,11.132238243037559,6.479945254790975
65.82407418152627,36.20473540617835,2.4842365547360457,27.489283200855663
138.91305357048583,15.521854688920032,15.777633751531688,12.488545535443532
75.50036525010756,6.2936116070632595,7.787220871426849,30.387134473448555
19.723813928501766,10.944988281869339,5.358740069620893,44.918530014819694
76.44042979296454,26.21088636169152,7.243318506688816,21.939248089425032
13.892638804485614,23.86543428760135,26.935631512533746,30.855500038288838
25.96929297519687,14.831486754384432,10.454211737212425,36.37821019130215
2.5985641825736208,13.948718535862012,5.183714439243273,56.38299630866876
44.60423444701172,75.6707526424059,1.3541180057233522,38.48006958749245
0.20937218139789326,11.894844793368394,3.2794234668085798,55.0208057351674
105.22222801738465,7.300352511018351,7.945409745003904,28.792444780746088
30.308731722544003,7.544480578406912,7.7121657836578255,44.45015474771812
35.20157262958284,11.242241834233493,3.2458375439093476,52.2416741520252
39.890234067053626,18.168370908833566,5.783801548068964,41.89341270607781
24.36326770500254,22.363471306014777,0.33499759178571775,50.55654988612024
4.768046063650178,0.482478305674619,17.180730218869623,44.33143715819573
5.402227968820355,76.75261416924141,1.4629939849437692,40.533464183421856
38.841068362014056,7.010746539339421,22.183916771831377,32.57815994489619
43.873502332724094,12.108572556803122,2.807626597819037,44.51460716928024
46.80815207754983,15.908703131676413,5.518813029970412,40.02799738436746
125.24092332120092,21.757594462496062,2.295396110053521,32.642943734049716
0.5256612270826744,30.13156480964895,2.945245922902303,56.476895481732754
140.92650434553406,32.35186368755862,7.456815679794915,19.65745281476188
11.03848063943802,12.252980903169549,0.6160394656175567,65.7879110925862
20.52993486191333,23.480603404280167,7.952577104394599,42.29065775983546
71.47351251215632,43.37080689167098,2.9798722600328693,25.717243764217073
36.796020318697444,48.69080861847124,7.411311028669582,30.90419835828354
40.095697641806325,23.81128157865963,0.7591134019140089,46.366563031619954
93.2437166716503,43.49873511864217,12.666872669059437,8.990582444165186
24.333447071235142,14.098111448024081,10.580368058960385,35.57239993417983
40.15129489163317,18.628318712459997,12.612933115891732,23.72548461947998
25.352982336935913,10.388988303082913,7.996787057600159,40.11171333803222
9.305070892313866,5.873229825728582,25.89412869888723,35.25453862718193
16.972509627140305,1.9154953482412167,14.28117966116061,33.98606905669042
12.905382158670736,53.17734211911642,4.920986317212937,38.91233482532775
29.760641706343737,18.52767604074202,3.0773649983794717,47.58395006047668
12.929579556739201,10.276019514365286,3.01912888338953,56.58008950382687
29.812928761635106,7.281813056393424,4.44249245829646,51.61047713184402
7.109068819367581,36.46674137085343,5.651101076467419,40.52857765272858
43.498457982384245,27.493221612639672,29.583206445026818,13.004346698666515
57.51429531775866,52.466757954408614,12.225913611832532,13.281869854535579
53.87994547288875,20.805644587597637,5.999339376573756,35.09652964049917
61.285814471276225,14.975315927865307,0.5623009122393494,42.43444886083699
30.892362010060694,79.78829347915752,28.629692240365443,10.350733317321357
8.694762460974365,11.09487102449322,2.2917185371601745,58.10585035389054
13.73329348939527,29.236468300417734,7.336790148664057,41.710606755285355
69.64413152227858,14.220468294162373,21.711621547637968,15.98760332196653
45.59092847697235,42.705091997000196,0.002456600270043907,43.469496995535685
33.80978731782696,18.448828006323463,7.457094538460228,37.99564540330141
2.038757077738196,8.59556228146881,18.123859100320566,41.44596861428114
90.92495737853973,10.650020262560236,12.119144471537249,20.748030416735517
113.80927257964524,15.207985035001679,4.789272443891949,31.50348437349889
25.185971729497815,41.03719554317074,2.120348229690741,39.08157992644258
1.5714592843367126,12.87368378786112,26.784198572320637,34.25250253567343
34.600562797332735,16.365537394926378,27.55010269406931,24.07162699257647
37.75209643731392,23.89529357935936,2.73111777584766,42.78996582911838
23.595125528226152,3.160655678875701,22.401660574406918,31.980915992940496
48.08057211272234,23.336819798688946,3.447451546160167,35.703264715154546
13.92951695159793,7.709864799128652,2.1999290383193513,59.72388301677727
0.21816348251545437,23.19427746017048,7.959153546373966,46.756837057217055
28.76795865645493,44.707761072416076,11.52167557485393,22.629009100632963
4.520948889583037,0.5048730771083226,4.947547775469415,59.270438328153936
25.746667495662972,40.110976784201256,12.383003763380442,17.62214288793169
42.602420790234646,76.79321573259128,0.007934915757016547,42.19749420573175
46.93596509889315,15.402464053733866,9.094583411100151,35.583905468223044
75.695229950847,15.03440528607901,1.2789492418969424,42.00819003637936
14.325977446356147,1.5560931539695233,7.777717207570159,54.61910286799162
34.47324845686329,45.45438948162177,4.127872689674905,34.01362283064812
26.967112095782536,11.842278307267511,26.32741877753815,27.85607942525463
20.858213948785103,23.99820301458754,25.29857395370065,21.57978765590023
105.68444131345626,14.405735294448357,2.2342291031879373,35.12759095327898
32.42524100593441,21.479547252766903,4.557829354712936,41.35102409437852
6.3068829008076035,23.535641795446992,2.208575298926906,51.821540340668
67.99996166106868,5.267009933189071,0.18517000821651042,55.28010837641195
30.969498468325096,19.568392759004798,0.3047416927162283,52.044572049389274
27.20993312518511,3.1963454477173885,25.99292888817711,34.21417733688657
8.236544804053086,11.097917451163495,2.046584200384335,56.06771829985059
20.282262972361874,9.126142336902838,6.197654944124492,51.3965916603293
144.5629677748997,9.0782110711518,5.8308269589901265,35.44256804255774
46.35004839621477,21.544345994733867,13.21161725174927,21.338399680883196
32.04827640493789,66.67973181318463,1.7506774207015408,35.48347626408344
129.38359121486164,75.34028884020589,25.66083632579869,0.0
12.450436805454496,14.086761845321297,2.7903247082561675,57.27347855967119
88.81330810022493,68.57930303952118,0.5576374616538766,29.737382246437754
93.94653743584422,21.671839569979472,24.593438058932158,16.358073935884132
9.614450940433539,33.81975080821451,24.651802979432254,26.318625076284594
22.747843986386858,12.589422408464786,4.10513210597813,50.894176561770365
126.84210711172422,68.11784328835599,0.10835459139521664,27.33258540424051
46.52976073219581,39.33461138312315,4.019838981150444,30.078735485952674
102.72551499506771,14.716091742901542,3.471639361996142,36.500795398204176
131.79041768324396,71.4506006641688,0.02384104625864758,33.10094985336688
8.287408848261036,67.29022655501939,28.659268493387287,16.864525863444648
49.249482807043755,5.808388648100454,24.61747952382043,28.63851686065766
45.04804478452339,9.258004386263055,5.522316239468666,44.394427871265286
101.8937364264757,10.7470689531212,27.842557351016513,15.218171070699157
126.36104796141586,25.54337836531311,1.9989195417549341,36.08326747375748
43.11014868290944,11.610072658016149,2.431389468906131,51.03850508398149
9.931580693093455,8.559544150229708,6.4441330294645,53.51273972804078
131.9427853670365,1.319583762892279,3.3370891424830322,44.12102844989544
11.060472090980111,21.3854038657795,0.49442296063227786,55.28414333856084
46.625197654869126,14.426936065794136,28.575914504099497,19.589938008050137
52.213445102949706,2.505283726263113,6.752375722942914,44.38485112798562
134.4209585776232,7.710527220717001,0.021367946941306393,49.52508213178249
28.4615106045724,29.52905726601825,21.554336547463357,19.332455286672012
1.12346541600587,16.806312501855338,4.118826307688968,50.73014286324614
47.58512031952686,18.89274806230982,24.535557773510803,19.87932200455972
57.45104618186401,45.64981160314669,6.481987555392136,22.66311096418629
144.4984785555843,23.91501419418269,14.40774286814699,10.212227457083516
140.74631763464254,11.346331392126308,7.290257377627782,29.96142052440709
9.088943360868097,7.750046319557632,15.189589105588425,36.86254577580351
18.76606728865069,18.752101873716555,5.880110467686382,44.35600058581173
130.6016504603069,18.100219804038847,7.548862574589241,25.70632660483213
32.3860027210306,4.574334585371736,6.2771193157514595,45.36565775834057
28.587299157187434,59.57471685628911,25.160918408408826,15.51024083467134
28.074229397976186,0.18131070037861186,2.280550723778333,58.27701377032907
66.39202620469449,23.18164081578523,8.964256599777698,24.33189487418948
5.661902292037762,15.33731929629949,5.349304718493499,49.86652761494987
17.11975616479298,58.994984274074476,6.574970838966767,33.96424073532305
123.05146540263266,2.5201799284771313,6.351741808349088,40.42999097987992
1.9656069920549468,9.453870464018543,18.444227529720617,33.486072999608204
13.7027610343603,8.864195527903771,21.484845623798744,39.067615300200096
40.040904992987514,60.75979692785566,3.123154984555234,30.83395984913304
37.08207259180211,9.07972990227123,4.68200122441167,42.72319170161607
39.06453237028461,5.197146797984386,29.818624289099933,32.486927319799214
2.6011877514723447,21.87333310876622,1.1305019559532816,55.92262835776656
48.44389276428458,21.05415075153458,11.5521000868706,28.597268367495964
3.01760419952819,18.008106933160036,6.0737073216857445,51.23358001723572
17.535590772585508,20.23683024038586,1.102398176351926,51.23138419454544
72.1527151902367,2.0319776210221936,3.244107977794253,48.246291650239684
18.860089122881934,7.262040140223592,4.086252944056647,56.64845814441531
92.34388048997926,18.90829466200398,19.170587661917274,9.705211496056334
20.7412827760676,31.371902735207048,5.409197427378918,39.81987630299115
21.802348705928953,6.424648446344527,3.336281796105366,54.47644411642498
107.39615175016297,30.45930821200572,2.2530863468276543,32.676189562083884
79.84506611477605,15.934771259332484,3.0702781632983838,33.26414036832379
78.04632242046524,29.158087389207346,4.627577944022202,24.49525769779238
20.447647220713495,49.490351426048456,2.4158418156314907,39.27315599570115
5.6198513588006485,56.8208030359516,3.663214283825103,40.842823303716294
135.77655483724422,43.709402271366926,2.21192316547903,25.102557564137793
6.075068815045903,22.425962906267113,5.326582112444739,50.2742166001387
86.77085081275432,0.5127729830097794,19.96733198754952,23.16114153640044
102.01807365667597,13.970430872958037,3.6578432458589205,37.037446519660264
79.33896755829784,8.46201275919944,0.9453011082715967,50.04695543869298
5.215654367594108,12.201503906741573,2.532406395820991,58.57039545472211
36.41081743059298,23.89138563103834,16.441780831851396,22.013354031353188
92.28764684667789,9.323303311752301,3.089623396367048,39.44962317301061
47.202966984330665,48.4643955412017,3.7939320941624395,30.210044018534703
40.11368485737389,15.93262066070811,1.72518641310303,48.94359461669298
1.406075313896188,19.889506244858165,5.459596690806331,53.08381674186691
83.8801169927113,12.982002059881784,5.837883999347161,33.29626199009567
19.04759225117375,78.15306242425291,11.495964603576155,21.905461737807613
36.99520603834652,64.69122022162865,13.872944165818238,14.480567606392801
45.312729026051834,21.912140327184137,2.7913295614114686,44.298892260462445
44.777787043694254,20.681923871798478,3.088543467613806,38.504588117173114
18.33394398514907,55.02967744826363,3.459867105595537,31.332130021111883
35.25204531767964,14.764741443464624,11.717657010310305,30.810684829244572
75.70960893951117,20.667157591786285,3.4672698697078115,29.15129571944672
28.220829388987383,16.984837202810652,13.220578794058877,24.91716796886907
9.562106453806068,54.454517278845714,7.454381235727989,34.78827538554832
126.5106591633131,7.308237896065836,12.776531117975885,24.486124376456164
8.40100260963393,2.548297669514252,2.774894965178273,62.053941872930935
79.57528346203294,29.6867747795974,4.119509436698479,25.045014291560673
16.16857810577604,11.351383065238728,0.7277587874148486,62.966681509305246
35.7359416751018,64.03720061678544,7.437579989323565,27.749480517208635
17.616352712626966,4.678625786555654,3.33631967175386,60.517011720971325
103.40277303847176,2.8349581836227182,8.66822533297455,32.5863787408674
29.91126470318694,11.005474324275049,6.060042407643811,50.2788596911894
39.66306752191272,74.66371979896012,3.0874281303453115,38.8957500804829
41.568675719285494,38.217752267052674,5.239810584496208,30.8694252913289
12.642905912505558,56.780182844938764,6.438602908923835,38.41904755987252
22.32097582007911,13.901433379786537,10.95313327308873,37.1185832202357
25.373386688041812,18.668669312814856,5.271606776043574,42.878776016448725
1.878554519945369,5.750011313709996,15.494557213834986,38.25465613941314
1.850381735774631,24.384961940130648,4.43213615286095,51.13749634060488
100.40700797484243,75.85545919203278,7.027559303608635,17.472699448321634
122.96066492353425,12.037341963734857,2.951761676284298,37.01783276062669
4.677970345616778,5.288012943605685,7.469981081997855,56.509059828736156
27.73102456055725,64.86787781427367,15.974368840504125,13.068215794732318
42.87653038759618,13.441211599691979,2.0583405406643562,49.275014055145796
6.150164756187282,38.596313704085716,6.536318228873434,36.864246588035755
19.798523633122745,24.649007552883745,4.7110239771224345,43.04283319582988
5.093938206977827,71.32551543115187,3.080805431524136,43.51790277421591
27.557998095818604,20.785890482317775,16.822106534634287,26.328931546703082
115.71188390612733,11.205664552705613,15.133676015355165,15.519757264873927
77.48956582570878,22.2148123655823,1.0155402527115438,38.279628543390565
28.937823817999963,21.135480042519248,8.431278497018205,35.78474979737147
5.233022017324057,34.51332385316913,6.464845316362183,36.38225849147072
112.37533843692327,7.9080514252370175,4.067332410860135,40.49411869008715
13.29642253160594,64.20981847006607,26.099998867441634,19.334771965463624
118.7962840118709,0.8887969387263772,3.1949620348108683,47.95606935300167
117.41869488296139,24.57541076765371,7.278966992643577,21.13577223683455
40.96991154832464,21.867549608167803,3.6194150917336447,38.49701066631925
2.8921338281698183,30.757926255601,24.738520752898346,25.68703982818105
46.35553144292137,24.495079077603858,6.808827567721164,32.725377528805964
40.43997222505754,12.006673141640686,6.24630276783834,45.547631143741455
30.090336697272363,24.834187522052222,0.048341574864535275,53.07024434140998
26.62354539419487,31.678216728219436,13.807858859891205,24.180438367025722
14.76507387859164,37.39711631228401,0.03680436580707536,46.93384693929361
33.739315108370526,1.4533447756707147,6.862136742931268,48.611406500278584
43.619728167740746,45.29663660104288,6.845036929272606,21.912966735436438
23.27434862198497,4.885564665958725,4.1731055727252135,52.04652209807595
26.252467012269232,51.84459124584295,3.384843850210639,39.761686749744094
42.82859943416678,18.94144041507431,6.593195241599131,36.89268943998335
1.7655677470119535,21.041880231787218,29.12098650570236,28.555799220161557
144.0639999186114,24.05695150381158,21.389025905313694,9.602134069422826
47.613003918116185,23.996085668462964,3.3139540121680273,37.62920182759767
25.91827316676603,39.36788105600564,6.03630380920883,33.48918052156244
31.82006850917035,34.36625713386185,6.409109666390119,32.38408656334215
39.14243089933287,3.2796275980199656,6.835363275051157,48.514554743341925
61.79386748742335,20.902820123192193,3.487679913030113,37.27091525715673
88.39488942629725,18.466316264703554,4.021770471637792,33.49513920043605
39.7772195963324,1.6460541127163664,0.7145561694700984,60.256941325066
38.64607409380575,4.295863922922905,1.4087718421396724,52.39692801347843
2.889028049818332,44.4660222116417,1.5328268601482584,43.5980025349415
5.724381903295256,56.601803559181405,5.672209525600004,36.88422998436376
20.524935684868968,7.86365244008394,2.4650112608308197,56.50796807471511
126.57842927157243,21.564731033534095,1.0927115070113915,40.226126926985145
7.72461020024629,75.49421092477527,3.0935403040444456,43.8106225375209
76.26336123660737,45.434767344727376,2.403361499445058,23.969655999524996
7.5716157184981645,28.433885621540593,10.170846846544443,31.07799903701619
31.906995125813463,18.9453007973029,6.068359367172909,45.001322699364316
30.97912964135434,11.296466628356011,3.618758823997159,48.37239439018721
33.982364134653494,13.231388523768754,6.469669158565952,42.62066256056066
40.006879137603796,41.78953658840898,11.261120549195118,14.0719860941802
130.00544079513713,51.485853227754035,0.7737586684090365,27.61236359670216
26.34085830252067,14.011837054337544,0.5515248982337608,56.89185887613445
53.92530530709999,31.073890421979407,1.600084715546907,36.65269247541406
84.5949517863203,3.734613669280698,5.112921027118426,39.46760275529673
49.24292013812379,25.184930807761514,5.591626116157892,34.97909989978853
75.35010161057731,16.98885297768222,2.130498524783797,37.40439065869411
90.35486208136884,20.898101825695335,0.2491874771755178,39.78848631274529
19.106973741628465,16.43482598736658,20.232402082140947,32.43424473012767
53.121356033874754,12.70393266400369,7.8442173463783424,35.95921560334079
15.5756149506993,0.4232338106383765,2.1755264225040136,63.005091357642996
49.46399725531925,8.2077177589478,6.799876283993668,40.58841994437457
18.989289008961492,59.99664695004806,3.858528835090574,39.27207071646979
10.599702734932903,48.19249057690919,15.143242845200357,19.174303534742975
35.384046737045786,67.56893279468008,5.027259971508428,31.718050403869885
10.699733934915677,22.097545374002713,2.3302119345315635,51.8719825760308
2.9045976040174892,68.28882264981624,4.531613997608297,42.45920571794095
11.610634757340865,2.33320300674566,5.018213124772114,59.720816554539454
28.867670060983386,18.778709195564566,4.820930215477527,44.24585147064365
129.60685253969373,20.23203160928583,28.896389398967667,10.475297401235956
16.722126355905203,23.256357999626402,10.235467337426691,37.810067061351525
122.26117248344495,78.79539656236423,4.874850991423939,22.840638828158824
45.94632668197772,3.3718711602011924,5.556195974284611,48.044848625033765
44.86986591607931,6.057765159686193,28.33142290537675,29.283827461993997
62.24814168502972,0.5270165107134239,3.658776207592858,48.28382333587603
32.85152491170537,20.093873689229767,6.817878531385018,39.90517887782545
132.2760243032332,64.65491310246972,2.995489258792115,21.882529643823247
25.296290007319694,9.297399988529401,3.452763284781356,47.90141045624556
20.78138910145776,1.1482508057272494,3.522911449430384,56.64514493561666
42.8475064934694,4.995523008534103,23.77483822915778,26.47656303792341
30.853325805890066,22.16815957862473,7.196022081052371,37.711655713324994
56.56007649450295,2.2469570025159507,5.8120276752557,42.04476661751803
18.149142020193583,19.379769232347645,11.129659389357938,34.327100569072535
83.5557201696657,6.284350182260345,3.418691119280405,38.6478568183284
13.203099234685938,28.946138032414254,26.012810256129367,23.095457352271872
21.885841246677067,7.887230162055597,9.666731108267705,41.54585566657006
66.84405511319153,7.8368822483525395,3.137761828816223,43.44919802248705
12.007280938909654,19.429029905139874,0.0445600448284047,56.85721681589976
25.08495830032124,2.242482425206366,6.405531708594284,51.81921345555886
46.65566656717788,19.230780088535944,2.7701941318192675,41.79426064834579
98.70825443235779,75.76102708456827,19.949913247231873,0.0
42.57445908232733,21.403255508826145,6.3841241496356185,33.68696424494356
35.87324953059561,37.97865674156983,2.575951170614119,37.16571525346065
4.655138390294961,3.032617614129091,4.22924665741485,63.05612632531381
42.62737106229852,24.305534274175137,5.343780877354209,36.053522354681284
7.346096179188538,54.41833485071744,1.3933414473689707,45.853885931651476
37.71324866735114,13.227581691510961,6.982971824983377,42.113151791791914
40.4413161745842,18.913816501445407,0.8141263724109242,52.07807926878098
35.445000312579126,11.563373582392652,0.04287443700476867,55.145790707872344
52.57424097472162,13.162463183206032,7.135419825008447,36.098562602967085
22.912644524575832,1.38476825052348,6.539596115810405,53.352202828612455
93.82986080331659,49.42356055668385,2.8204971379398813,24.702951579639606
27.690112035618814,22.057027376134577,15.125134893883857,19.957598912677465
45.37832369630465,11.302555144107856,14.12335626019246,26.211252942463812
4.168952688437977,50.01563748412573,5.37473577443574,36.58631058812877
140.80836870598546,7.416429402951522,1.6116396214322348,46.25351168074996
34.6266215768554,22.84536995840531,7.949175743348534,35.74679710040738
127.08145216643211,16.72700042155708,0.8421844976507078,38.089414946234214
12.558463377420065,12.364656280066145,20.94411268137185,36.40574952116115
33.98101663675539,22.717319157572646,4.476069067498624,39.02339539560134
78.95827046707271,47.59299586001892,2.798811096243142,22.967659885384105
1.3255655270810907,1.3959555219118598,5.093382944011069,59.45955135666386
34.67110640281545,16.52977249329845,7.279528427138951,33.25499906802289
15.60948682845647,59.5183696732635,4.752101607264672,36.71891598547334
140.81895956965027,4.667098147857917,12.765486032256046,18.72359113410146
9.061653308283008,79.55760039417336,1.6590238434907336,51.13554360308512
8.018270305987157,20.015591410320386,7.767893215228855,46.25006819154751
37.35391335645144,59.27924366310397,6.332248569320442,27.90968897078894
42.10968654365573,20.990734689224798,26.32123291214674,22.832485106248527
44.30430544067582,73.89976208297762,26.266504291264674,14.384337587044856
15.638899460517703,48.97639699901205,6.886732824779806,32.050404044328445
93.72816482446176,9.47848289431481,2.945201859803001,37.008681725031416
10.12402800826187,77.18404563226994,12.87288675123449,23.546983206173117
59.093544991304114,15.246718374638442,5.032375948696403,37.87009150607638
40.80283785571618,43.63850374367708,0.505424399630555,37.2451477771612
7.153097636170119,21.92119995628641,22.626389940112162,28.851698320292734
35.1232485272052,0.7129623477823144,23.87509375866719,32.21624276029067
4.241885704259596,44.86873320154825,17.042536814638638,16.916514017922676
48.62306950139511,71.90988982489782,2.20947051525203,31.68165290534253
122.05864193706374,5.4609561247170095,4.59963908442285,39.03665998249497
30.767392031428713,68.16604873804494,0.3172904397941636,42.09948521305241
30.77103899104177,23.16392787854595,5.2761596373596396,39.96746276842459
49.136977045519295,18.16103395268542,4.875598067042189,42.18683011686944
35.755008064185,11.424508990700122,12.654844323700823,28.60733005117437
63.08423613488198,20.98916766188555,20.438789395662784,16.498322329309836
38.2929321942371,21.90508405562462,7.995604183935709,38.27497405985669
1.0292247147901223,19.517949892663058,2.812132999285809,58.07340317932326
40.14054674122502,18.0477393498076,0.30560635991343776,48.843516780365896
96.03861756750406,44.324745788247945,6.195293692695234,17.378509249668507
29.38992246858424,8.557682120687993,14.403919829873068,30.20902939543572
18.95470243359681,6.811161027720791,7.445937746251424,54.10874202303731
0.23160115023014294,37.11358172372545,7.567422890368606,39.94944874377056
25.02005728551006,31.539665972289637,18.990906368681628,22.834653379007158
109.92775178235918,6.813691197325728,0.26874551263605984,43.68863199907527
9.370597204879111,10.491807303931708,23.58363574896167,34.98513203566466
57.869767519539906,4.2947277369441705,5.545678223854468,42.125396914429686
42.184026483248886,2.021743645802651,29.42941073295328,27.423599410466025
127.71859094396096,62.4934158545559,21.42314699166164,0.6983632145777177
7.304828277066012,2.7124586267609607,2.6487543360028463,63.187760791925555
5.837395138439777,44.49692529303914,28.36625773013328,19.087338619371025
43.832680132917254,11.59451493402307,0.5513857707611622,50.729945212189676
11.975508495476905,7.843381471116348,17.367826811931607,35.76522773156348
34.155714286152325,14.173761890970255,5.891739099600017,44.73961797245724
118.97015348618686,24.53320727846107,1.837157423921174,32.87150012990966
3.9228190671132976,9.626030946010292,10.14403083938397,46.43505553375443
12.439589436958853,22.0366691219889,5.422956272139632,49.07494497210759
70.06163711246526,75.6405864631181,4.930373335141946,20.04165732389793
4.745896841083486,17.89184442138349,6.952927893687858,48.38515362793911
43.95591537810824,79.72671737533196,2.4800000896923606,36.92552674268876
69.89168137372246,17.366800091104988,5.4881338878396395,33.436232807404345
96.23614472477392,51.95498801678988,7.289882906065184,19.71693539573236
120.50632842053791,48.79104745976373,6.383222071153009,12.609295365789222
131.8737990454652,4.013945269079255,7.161104207692129,31.71482962710852
101.4927508860672,1.231110035207228,1.9611841591796102,47.34465061191748
2.5087675159987,4.288067344679675,26.759914312364643,41.2923281804908
32.49819653888826,13.629770727257412,0.5920366055960198,54.64618095076065
5.394571349665222,56.53280422066628,18.2393371023213,17.83050579963838
39.834069859568615,10.298991997394971,3.0275047043875967,47.64003528176494
27.52658402981128,68.02259502596678,10.686336493077475,22.913878967443697
110.09571949974972,0.8590757304215269,1.14815731313805,47.13765531146692
20.53944049998059,20.5277631935379,6.763095580739696,42.766178853856445
40.25596043773324,15.336435665781428,6.721410382584032,37.481556799096296
40.64254857683789,22.04968976915324,2.802731216931746,42.93670626646787
9.427030287462557,59.45010480869418,3.957481190532655,41.60149497307831
10.212105318421443,44.786990393319954,19.202251444074417,15.973579358530287
82.58901433936427,9.075036249564036,7.582208251739769,33.37741448416703
12.44884495806825,74.2736110387151,3.5402977262183475,41.29706328113176
57.555449376276954,25.309830310976036,17.38796715721466,12.652485978104897
31.302735449040064,14.872900522971788,4.862221699095181,46.01749058023777
70.35355224818048,20.286325760342265,2.6371719739817987,33.18832712317448
88.92663968090483,17.068923118338,0.9992315570173389,41.90551293591178
54.384685249662994,21.994173447739133,10.895322088303683,23.296540916342295
12.367405087159883,13.308265064677565,4.1969688129549985,57.157017279126116
9.859149098403314,16.965675124706298,3.881495489670794,52.4716834368603
95.32617725258596,54.390043587265865,15.453829245074903,2.731810830076892
62.63701419470051,58.61637135220064,7.979221655544273,22.850460744486877
138.0650577464578,16.422330866367115,6.783075338540529,33.851059431687794
51.152601405298526,6.16543556726685,5.339545409454998,42.87506160748255
21.561693489577895,23.525495567430855,7.241137197166136,33.016012097788426
40.38511845220285,6.268295650051361,28.639510333342102,32.75167114033617
38.545610187291096,21.218817514130876,17.642685368845996,23.957188844328854
37.911923785204564,14.752334987200195,0.9312614917185558,50.131434027457544
46.34537810729321,10.592328799991058,10.374478815779447,33.100975834380485
19.655195377970053,18.3516008755777,7.519866283126611,36.991767322999294
26.90605050199066,23.35388359482516,5.020291919563008,48.59116230691404
71.37366879819106,24.447399694653164,1.3831531591573372,39.91419362029568
46.613344196048615,5.114840357294395,25.27594145002164,27.198865718729365
15.003354145271997,14.136087489133567,3.107706729387524,52.05673724037954
133.12458050899426,46.56704808330998,3.639091592582651,20.890707938244674
99.17906326236681,5.431164312022011,6.041014314673049,34.80282244547992
41.942693095203445,14.924099142911071,17.654482919755374,24.26242650835095
2.438315940657021,0.7071232072744932,2.6522215282519754,64.35633164024904
115.11977120953463,5.055377186474333,4.625653322384147,36.40734063140232
11.732104092772676,1.9212365465308552,3.885279004852636,62.49971771628128
93.40488684781806,44.023954157011275,3.2764698633340403,25.685217972669857
22.51271230714452,23.44542413081405,5.3008040230422795,42.429020949045075
48.42686658499461,0.06318874579772371,18.453871404389947,34.12472392486015
13.597727969909934,4.023425280060461,12.286120573788503,40.05201106787595
42.2178541369808,30.245559434391513,2.5243141658388373,40.39950325575042
32.771798922033064,22.778394253252085,25.85049691893591,27.594428657177666
29.65791095197341,2.3614262817179794,0.2838672411655798,64.15776896455469
24.86242529461927,35.84632434770504,0.3210303126260463,47.71387956122227
44.73737854156505,51.369542580535324,2.9311413337184424,36.651241177598095
30.79927251300895,64.27014896879314,2.441550675519621,40.485420076342436
47.83602169446749,1.9416465444588389,5.112139431414103,50.51396145458885
106.54563660741081,8.26582387148855,2.9881970224990626,41.349498321532536
7.027648378918039,47.791074314595214,19.42483411073119,17.824683981725922
44.869285873185746,22.400709133124828,5.133691858274304,40.55321953446461
78.62590353831831,13.00224844014586,0.03420099728392767,40.73954077954099
24.391715927200625,19.742485757887867,1.7580101150725387,48.77111666421358
15.287197872364555,30.02302044009328,21.799561336411415,20.148143854627115
90.38110052474993,10.621698176700276,15.942485398950053,11.063379302376141
24.651506257940113,20.251732705730692,2.8025749768497787,49.207067949933695
128.07854833654764,13.794751589487392,4.2069482258261415,37.103467897407064
76.16713666375065,63.14593507837585,0.09015556951518633,29.234884147434624
17.73856459179921,36.25804210419847,15.112619250096383,17.682172993371143
34.00703858801502,10.030370692783222,21.190730520551057,21.926139279329455
30.387606112636128,24.540266391060822,6.131641967981589,37.44089409760675
49.64160658409877,66.48110262369428,2.074980268193568,32.626844881709076
46.130187854697894,23.549360803589757,20.751072365487907,17.541248414449075
2.2294046367071996,49.68074129661284,25.51981498945,19.072211964710775
27.93211982252127,1.9371822533937377,12.428917920495978,44.72603587529425
25.632737657252648,6.52666999738323,7.120383278991527,46.209511568501824
89.31704345642642,67.5414661858198,5.299501973890689,23.115259067498314
107.13200154331028,11.280382831959907,1.6063861145508866,40.42506222558793
4.4504867448004415,10.733569584269361,28.594772459399618,36.08179613728548
14.076059920746498,42.313109869704576,3.3509858135628194,40.04165343652206
16.66499299352625,12.600950190718931,0.7028561086507645,62.20880587273206
22.370618341172733,0.3853791519134814,1.9167009479522665,65.974272712657
6.457970757574749,10.258439858394272,27.441953342975054,37.36755392182138
10.092672606147419,19.7171607307856,15.197892735627967,34.26919437617518
19.800048319280762,1.952607600522821,1.7037236000114735,61.217262214679124
35.386067513376375,11.425057734423516,5.517393608822744,50.05328703555785
20.788755176166095,13.606242862390964,7.015634311863656,47.00103963657087
128.9040604202047,13.092358306117205,18.18252965475522,13.071169739133522
14.434686838534994,60.42979495931575,22.521279796845096,14.295995165353265
0.7697445845654238,17.14823051770549,3.1436130868711354,58.74787132263549
12.935582107772047,19.92469136897464,4.670091367023885,51.14325871551611
48.60026648157685,79.56832893765264,6.541594494780847,21.181512423072824
3.8489954914396494,76.04798714926031,4.594840562431023,39.84762319821888
28.580634473494992,15.637420927917603,6.024667677385645,45.42534941339231
110.32221356579637,77.95325798554386,13.423862353292716,3.1733910143951776
11.548965526403181,12.560069837003168,10.931801903457142,42.03015656276343
23.755017034586025,9.161416158499492,16.925632950483294,24.698284064381724
43.275356294699016,19.96872872380002,7.999207816073853,31.51343707601324
29.08111464945968,24.581035911809966,9.483121797142653,27.564907666195978
26.621034113760857,33.17432717584477,3.128551033211359,40.64922158493129
32.4116734403923,17.646551522406405,2.1775931142125238,50.13634339126956
16.636473825518955,24.90367077333346,7.9063087148312485,40.18567352805456
118.72830044131277,38.3481919150654,3.429225742818147,28.465419993580472
49.386119486801576,20.446851589761813,1.6059374653259466,45.46898550136032
16.760402368543637,8.873549112231045,8.497540079612099,46.04392040672686
145.68146705908777,24.456737149974703,5.397933819504706,19.913858661113885
49.03696717917147,7.852261380839451,1.5585282661014785,52.26227854293454
27.227766232733774,18.829992547855735,0.47043627110643804,55.15608021399507
34.64601146123943,7.369792100187733,2.651504552116906,54.05626120077073
114.1675710161496,23.472082876764176,22.086136796097797,5.735823391024871
111.21586589432292,17.78782250779546,1.6916760750950939,41.691525802758775
2.2498410617712183,11.830375747952626,7.947839474669017,53.13204974307191
106.94823881365917,2.9260370672110874,29.262596498808364,20.003752776109895
27.134804157912424,14.846359117645019,4.20872670227009,45.164640745801634
25.444527779552793,49.9741879371788,5.745936210176963,34.17544347519935
35.86309379328782,15.75017838616308,7.798462138000619,35.78919751305934
15.7813671881675,22.789922164006853,2.5588243114376805,51.150131626671126
12.232752730235653,23.54223021104873,0.8645543622491498,51.148179064825214
11.358977851175744,17.228930793112706,6.965600887187366,44.287746638047516
20.980003121389494,14.004813855855833,18.93155246265681,26.049748307315618
41.77401128710972,65.66349077428005,7.769934663042809,24.922746344830795
8.437471919911477,6.178626750757332,6.208754289746595,51.385204100437846
8.962662786964037,6.462656303695299,2.2375601068558133,61.249175443158045
34.21571244626724,13.453585752036359,4.533173746833336,43.651554209874014
100.3773443724634,73.55869186548513,7.695322411290302,13.509722212043828
74.99589812394956,24.837539009892705,0.3210804034795416,39.8249461663548
22.335726362926017,13.642575400823711,5.569775320038936,44.52466063071529
46.409104905697575,12.063460186666816,4.264661285398419,46.07228017943971
10.175555416594323,7.708876765807757,6.809968988047008,52.13413447917519
23.624667750325678,12.205249456912295,2.844934641644562,57.359639352207665
5.171705743024169,4.6236334302933,14.610353079620303,37.61968496930092
34.23625819405023,37.422419989219364,22.549537463955833,17.26976268332258
9.231622867368461,4.843473325620265,2.0197543801702365,59.515918327634736
105.06905446947945,55.249394016281926,5.299325968649268,18.569505775917428
8.857676161131279,21.635397044711095,20.291797938374373,25.66010413977526
54.22004685812985,19.674752084620632,22.174706495821084,19.817307070343322
2.7317210000486147,49.916320748066354,7.270811023058573,39.67256635736959
12.424456990723288,0.1932566835087246,6.317854106560093,56.11585925028259
45.7549227245015,30.51757245563037,4.268996701812941,30.25696164953748
29.278186439665095,11.674985488330506,4.952917562427367,49.93399410301103
36.27340842250814,21.067978088486715,4.114214596336595,39.70893541471169
123.68168318297002,13.530515700822349,0.4802905040188694,43.74743593323957
10.632218818554806,22.682239036314296,3.6180880806019244,49.07163131858808
91.20936096325391,17.0557316894146,2.014070390310029,35.95647877336215
4.769963865660531,18.46655133904563,17.24226669092642,34.674835966720856
65.06109530685191,46.6833093309204,19.904201138003195,3.0216948441484224
28.61419072710006,24.340191220017466,17.73891323997111,16.7442783703917
7.2814323352711705,45.5758155524078,6.22833452068894,37.966996455779245
46.66025438796531,58.424751131041944,9.797724654798706,20.63165532365879
16.998593189662408,11.324952520749095,13.466221303462566,33.488104697078
27.69271422006604,13.793772073488784,5.243256985716692,46.984700228837916
33.200611403380115,15.373354447928685,4.168637568832132,47.197537802500584
63.10146186504656,14.622787506795445,7.059369667895602,33.783922974733976
8.967800514462049,12.294849501566421,17.531644401162907,28.92374589597705
40.419867405823055,12.281690712250018,15.096901815291941,24.948508125725162
117.02539760443592,2.282721939454019,26.97961095315006,22.149242280676724
19.33676731502687,8.099402664038474,1.9803542961443679,57.654746608241936
121.02098483162649,10.401755888832001,1.0935065577910636,46.64620371259618
83.85540274370513,14.34568933959643,8.31677299572203,23.070488582765304
67.88410685077994,17.41347555969732,5.331973927234412,33.58389579115466
110.5759489358972,23.691291327027226,21.54429776237694,4.657110021765808
37.51328819694211,14.788219933884324,4.759519511951953,44.834381367235345
14.796601471830806,43.56518472051789,2.1803951604931635,37.97007079180971
22.336323435132027,5.661515093951372,2.193660840481958,61.086666603343545
39.871301080346406,5.987217864253247,3.4347418983972453,49.544535531703815
46.874058619955235,18.036927068350426,6.665162430899403,36.37029526152122
104.17603199410154,9.309157455715066,7.041377445126052,31.308002406179163
86.69578318169953,11.302338059759604,28.84692279508756,20.693583022769175
25.618188877289533,75.30800085895277,4.227856007676376,36.17421853323432
21.908930662417227,24.174625450700937,1.6794194182359439,53.62477868463999
20.667122993559612,41.63191859059377,6.770218979783354,30.171425969008073
113.05886973085435,43.028233803896626,5.312172853759834,14.60710171015267
25.418027345813996,60.731473990824014,4.249229847194021,39.27426118295749
137.32543566916726,34.47036901556695,4.80903527944215,19.743338922421575
41.72858951278138,21.51821398470212,22.539046684838418,21.403640805283057
136.23349164397314,13.051839278433327,0.8469860445801682,39.28528652393746
11.214674164252253,19.939983737244713,3.8204527965054407,52.019206233903624
24.20385348551008,3.417376862225907,6.9030928659958875,56.554631293097145
8.720463355574976,39.50340404980868,3.9466102143723747,41.62500814025291
113.74046122611836,10.033136098530598,2.122319021991343,45.15306791307581
100.78974160033809,10.816502692267921,7.31751856915582,33.18785711739752
47.85674162698981,20.20296887463303,1.5130346946056532,47.02788473893104
0.3091911320448337,49.645011203775596,11.522630039193167,25.551417108620083
38.204779328943964,32.04136195735922,9.192417794524731,28.01367582928729
0.4309501295890139,6.643659404666535,3.9975433485677874,61.6797639271606
50.43595799565804,48.870000912751244,6.05493361566255,22.27989927951865
27.00059573022553,35.16207436317463,5.851375578891463,32.628621480260236
43.13985387716143,18.507619768899545,22.984002874056635,22.629080930811625
21.324987362093058,60.37387981398379,7.934228574128313,26.58848502267395
62.58023363460513,3.8407880098316665,15.895200100165976,21.967106333992277
21.43510104932168,15.607260019581743,1.7062953435914476,55.87151469879674
24.30002468988015,77.16000520618141,5.18980722780303,36.98121218998051
32.460515105803175,27.668927336718117,3.5533502469824363,41.476338155376986
48.39300174225152,19.091175813080497,3.7474395239620053,43.321455488571374
43.838281838087475,52.32825654277376,7.562943798496021,20.565857943020827
71.92952825048306,7.271993306105484,1.6051712711151556,48.82249477031417
22.31631799932806,8.572302283724492,5.224698007651002,48.002911852690744
15.641709876211001,70.87038021903622,4.403065882466983,37.53366712687076
14.080802105281586,17.135165576008028,7.8146345750068145,44.67932117922237
98.01349396383732,15.011821581256852,4.14057934383357,31.81290878235137
50.02408745178665,8.671425273222239,1.3665610919342743,49.70290320536352
66.91039004206515,17.343532467458214,0.22752970063289624,37.15757715144454
34.976393520128596,57.715390910057415,11.870304445266207,12.772263509384615
84.10478728306236,23.294713576279353,24.951716034839205,7.546607124578499
6.022366999828272,62.67748466397408,1.3669634707078036,43.39620928213384
37.67378027232403,10.799689810628932,3.192815514966526,52.14752561284416
47.238286494121404,48.85944200850797,3.486728829216096,32.31499646534304
47.13621595470561,11.94726652364374,1.2271473802153698,48.232942746889144
15.645369710682411,51.37875647902459,7.661090351987483,29.179353279265783
1.0472480515456406,11.013416203084455,1.3082096688649631,62.55117713600568
12.355161700507322,4.895981047355844,2.72309367926787,61.98549463532031
112.27412763774775,30.4611340463242,5.127715167978655,22.47875944892933
76.20350045068746,16.226111681705348,4.802837484072654,32.62189721992886
24.64322922237233,23.60559186184467,5.911772255626317,41.01506409864239
17.047928571777916,17.013871191112045,7.871425613612943,45.50201402272928
93.03164280423908,58.20904224067039,2.9029106391736406,21.30355575038564
7.173472850901002,5.926932188905365,15.686034458514616,38.321562036421085
12.464611457443747,54.7059091406985,4.636011533327394,41.70018798487315
17.529377940329848,57.419377133233695,27.99149953232945,13.864133598293629
21.67361163778172,6.8497650118147515,14.67412366563211,39.17147481335208
46.64338450633166,13.823518704731303,12.248799364099836,29.152039577424272
60.37747086347407,0.41342811401677004,5.648019276537529,38.63948403970976
38.10648102251623,19.789347723250696,2.650968370288002,44.40313274233016
16.73945209453396,14.067788583555071,7.680466206118187,40.7865574461956
41.42777989530407,7.499786763842778,0.3723203165197919,58.98699405652531
33.14298938173329,17.550891712053556,2.305161988892226,46.74705145673866
45.61037856245911,14.504409244913347,20.624012720742428,21.243835655903823
131.31821472844612,13.370454123578604,7.4273656875514105,29.36820614628638
82.2978733363808,56.001742480131426,2.738254744255955,22.522899443807127
32.32036876140445,71.77786324080074,9.043844446921105,19.559074165094753
22.915032076432823,17.50765884709518,21.65325890706781,26.922585185542477
11.58358506917217,64.37282489707792,5.7107795970298145,35.74292680527994
5.15619344179663,23.115313308324296,5.874185071006932,43.7749795358148
130.74779356519088,78.44078325407213,6.585725205688395,19.850323660948927
45.7569410202448,11.10360505550299,0.6492739929977196,47.448139872931215
7.520844555176409,45.44905487445084,1.2843206928140782,48.16262179732641
25.131854655259605,10.237406958638795,2.92363327350619,49.748572773635196
14.595558674890363,40.26907247906636,29.507840162660344,14.902475780778314
69.85428588682016,22.87691913197015,6.436979532323236,31.11938609746431
148.71000859241167,23.97517716911086,5.668746460976023,25.51002414400258
63.837856254191834,18.09506941576308,2.586584796213991,38.49650584794623
2.787042679372087,23.826164653996123,17.762297149654184,26.6155075518285
43.50494369504649,49.2018234152203,5.655511783374998,28.666204971346993
40.79778947076033,14.453516844053008,4.425894969116981,43.952820629513624
34.44426510250453,6.844949785047804,2.95308726371308,48.80021931075904
78.91931519658698,0.36176603757162584,7.441349717181424,37.919369605951346
59.45563447743882,2.321127163265513,0.41212180751444105,57.31907286727204
36.71828382461092,5.404714346761885,2.250358364225959,54.13039540466558
43.43115839778054,6.809614481582238,0.7816237414651859,52.99970684708633
24.613892822401738,13.65247020008227,19.54666379996344,29.465883199689955
36.443072113497344,36.9503328321925,1.960952457378748,38.318898924664076
34.304557697174346,14.984480556527544,4.87861372353968,50.355781651577416
115.02969740735077,4.396447032904812,2.2159182542790834,47.51145631408131
39.253196052321556,51.93295231884848,7.609096371534291,25.861919989564896
63.035167971479176,68.03107012729527,10.067422376984421,11.853863963156652
63.260399074681104,59.980099219392834,3.4652657547775787,28.16033623934711
12.523394939624948,23.993170950974033,25.178641586012223,23.957607227241134
40.36308246631252,55.35339681652515,7.229699453043133,21.174737334349434
82.20805753162658,13.256188159156068,4.699089526070459,31.676922662220502
99.48284566214201,10.52978449563477,11.130577928691242,25.21334331000668
48.447219858714554,10.221091543126706,0.9520431257461004,53.738452231278906
120.4911132731336,13.877065035941277,10.259437209950164,24.534192411358386
20.597904751705098,10.003636682113978,2.6560640905375106,55.92327702621935
46.278425645338814,10.341118871134954,10.06619507437685,32.83244338838003
129.2189938275245,20.211507236928707,2.3141735497958242,34.56798213671573
64.08686039508613,61.209640070191284,2.9673892812718092,27.492631041483993
63.18103734974592,8.679170991857315,23.123696004182495,20.99113324650894
48.2804915690442,4.527017557698526,2.442099432139318,54.97036428742392
1.358371061277991,56.27201993794988,24.50947867434499,26.622147396662342
23.38406062424385,22.736927709197268,7.222008119792622,38.64851289962804
96.43317447951529,23.68807451378095,6.37734217780299,27.779285979731174
18.794414257288466,1.291044930568916,6.447559109713225,54.19680050301645
10.783757619885858,67.28010754066447,3.0024744850855303,35.965834180875234
113.40550560109833,20.217884922135994,3.3456222747417925,31.04437969570479
46.9157864325658,23.376104909768262,0.9527546414940398,43.03025488899747
29.950552210678378,6.549389106962939,6.060394857151115,46.51725005824039
59.7618760535149,1.3634915168787676,3.97949322818413,43.06274962846995
138.974899029538,21.370853780933402,6.17872780443074,29.84515907115094
11.871673418740315,48.99469241424309,17.353693205708943,17.761449020067854
1.259670697961468,17.916560453342424,3.0919679270137816,51.31191181828154
20.345398036143532,1.1674454471278266,5.817441183567833,55.73207749244842
31.631094656697407,35.23553090665828,2.7533082140144316,39.8551251908674
13.01434287830015,19.64455375984386,16.32750695619157,24.422904191713346
34.31635983430487,20.593107153424683,22.3972363818739,25.14851987494413
32.509358322282665,24.956724405101717,6.236969087483115,38.80449279764228
1.1212944581027562,51.358330627163184,25.031671471512002,20.610698950605745
10.80190912547998,21.72176988848466,7.694665330330557,44.36124870444415
121.99595393694796,13.941059833578965,26.337917463422723,16.285226053631185
32.11627629526137,62.52579169700336,7.1979287278379545,27.13526940992037
10.791051374842159,43.05109627956896,7.3644856168027975,31.183695784101868
2.1012337585702645,57.50888903062382,1.9918661298521139,44.10010359981093
36.10354691013685,14.924007171138198,6.769826584923289,42.64116185460444
115.94232468499163,30.438996199027432,3.1717449660138692,27.90678114495213
25.937392355735472,3.0396837383381725,7.696467584221105,49.69690341543866
21.74136693018731,22.572974330826344,17.17308532722503,22.44719812970707
7.7414306298859925,23.477032622175503,4.4599900774395795,51.94213955613767
105.68183602783076,11.970820395792039,0.6819939600924023,40.93125558055297
64.11261182993219,15.528335171208285,2.8284262149795225,39.382643615596024
25.898026385628945,11.789564902355815,1.1724960225149177,55.58611186932553
84.05759374211186,29.25764208239112,1.722386378571569,30.447573889138898
26.65276450473556,6.853404179798458,3.994521184649959,48.83406572195862
32.8922652301518,5.275958255215385,13.976669747026323,33.42981739789124
32.63730539259374,7.238568694842623,10.342203678928882,35.33919246535395
27.49342813881026,73.85840447283181,7.0713803356901,29.8874699410477
51.526483964602974,10.953058677021579,18.983258152716864,26.37407312522944
7.275774139367957,23.826819215553424,22.253519481812425,23.059184735316183
16.183961820212183,12.659291838628633,14.158664832403584,33.43005127920414
129.24566691392633,18.39961221892699,7.648761305002788,28.288860787633315
72.30900184453557,23.44469076146975,0.2530849377034592,36.94305695725102
48.75435848538407,10.609419175346954,6.030610093544226,41.17232892444457
25.262618622392857,1.9787155237431908,4.283591997179475,53.50382559009364
6.982562737815645,48.60446152674841,24.822261297402576,16.956367534148058
95.53184100619285,1.0709330297249604,28.96913147502323,19.01636242311042
137.81151969857012,6.5202106798194075,4.391861192198955,38.71525458073601
61.394526944454356,10.445470152656341,1.0179453819442648,50.02520289145536
27.174221429150723,43.92224337381003,1.5431499494510188,41.04020264107804
9.693153396844634,45.49718525227108,7.349473423546381,32.818151866961614
101.40806956192732,25.63559545578021,6.559203439875666,24.451146624356838
12.317412362115093,3.51514510191317,15.902126175164431,35.3814885931603
49.72821283422624,24.729604109152397,2.4899043749178773,38.986732787673354
43.680926436860766,1.823996597823871,5.879964002115373,47.494473139329536
108.77954050663722,2.9663925799063073,19.070363209069626,23.270304587657883
116.57844014688709,77.66197920616716,4.793318986937332,19.927377188348927
141.32059618141722,9.836203830590895,5.227666225643168,36.89432755680311
73.30531879848587,15.326807747067875,2.093945377464819,36.41882813640973
48.94736779273309,70.90145762790209,3.870345864436109,29.66573646138319
18.766495395980094,21.249394177739887,27.37559430838794,26.101427920436276
47.75875802390662,53.918386394455055,4.6820338099054615,30.90520954828439
41.68220052375862,72.3192684144706,20.588633059302843,6.910725127028347
111.09465257026531,13.277735563603887,7.9942122075698965,28.623869915193467
41.12673971920984,17.1136108257831,1.5194533375805772,49.498756378705686
41.990080333221336,8.120602743713867,11.30087481439929,34.051457840538696
28.254265622637813,19.768702964436905,0.704042002445612,55.00843311250724
7.840635265840285,16.148354620023454,7.3048702953563955,46.825869577031845
91.27583202773934,8.610701155429707,6.529528502074453,32.65710440255593
118.8292998427255,8.016618155571248,2.166688301565326,41.35301570510794
32.82048017503285,7.873507642031238,4.491122985234981,48.45821316817552
7.321812830140805,29.64929384114648,24.49488116871843,23.445511384843236
75.77552156281097,20.67233084563975,6.615830619872247,31.479086143994266
43.7371824828283,13.109387166383918,14.033041762554973,26.582570540811243
4.464476226278647,3.4796950689496757,2.8929625121074967,61.87112027470989
45.992780820638025,4.939523608761926,6.503204781365962,47.55120631086671
43.35157480612243,52.75435756124337,26.146805037102258,4.341147834517713
27.839245546409398,4.725426683363857,6.286626591122117,48.24246793266094
46.69375087639524,18.23088773670902,6.199925195959265,37.3612486979383
103.35897301104086,21.44879863505841,6.2330980543807994,24.43441870978036
22.114690272556764,22.330903680248667,12.193073952598034,29.604288063607026
45.74210749258273,60.35034498986674,6.283560246817915,24.20369026859889
14.764524702397164,37.51019607601064,1.17987179789814,44.64075791825746
3.689828236769943,18.02040791187289,24.910252384299643,35.42357183573054
34.582782593327074,47.64079382408973,7.419690241947414,28.01710565735088
24.640979226641228,45.6413941455216,6.476640963654879,26.71598873867017
0.6060387321946636,16.722502640465446,7.983653724018287,46.085934784591174
93.27670817081938,22.398362407297554,4.2046887415944045,32.95652960833115
19.641953824070118,2.588589298819599,5.044135881711984,55.53473397333387
29.1552878639949,38.81925399069199,10.459254580308725,22.135716050756912
41.290837528238136,47.47717883357085,1.1604051264114101,37.59311782340742
47.2508547124247,46.757955001740505,4.966432682150349,28.559383745118296
137.33914579092192,8.838705564086377,0.3067924074032584,49.03159585295635
36.00787304654701,4.668657114933172,4.813085886586691,50.702905723074736
101.14675400426174,67.35216236251678,18.182849120740425,0.0
15.901980584725994,13.717990139576235,0.7340151026067661,53.033987927062576
113.92628831813627,77.405103398097,29.52596926071518,0.0
19.604678845228634,72.09943418474298,1.9564764074503147,41.0422248928143
6.959835067284775,51.01037840381517,0.2411305417802243,49.46156833217364
135.76559882418275,22.111782839388187,20.19888463540975,9.921758589501628
40.598387119540085,23.05301089903045,0.8538934561167801,46.419918166996155
84.29665197000782,6.57201754973315,14.579783875600487,16.999277069926187
1.269317783017243,14.668869917284702,4.599300673423203,51.24211587104871
66.47177469429809,3.094016652100276,4.181491129330089,42.65701971119243
40.50805449798512,19.2255809695662,2.8727710682911285,43.12531760683544
31.179284400137984,33.936353435729686,0.5553356687211011,45.708025389726224
13.442675719109676,13.815864545729847,16.5044183772415,33.46936297640095
14.583128935465162,20.351707184667017,23.456209713178318,25.719308388330095
33.474347759909506,3.6901704789397165,2.0514295572136616,57.97275321550113
116.9953490859218,23.62971449398861,0.65219784742869,38.11880594490177
28.440636821693644,18.836242756052638,7.439953459357244,39.58151597005356
6.584345171810352,74.19559586232998,2.554973331506094,40.995647676304316
8.034068662977784,24.543180434541476,0.964174718336392,54.50738555485005
32.48164495236073,5.834886293210167,5.071070721756892,50.54508402010835
86.78471811428011,17.32272878920202,2.849623444077679,35.657014269011924
8.312766517485032,9.250088514375784,8.420245858930713,51.57302785198783
15.05230389171565,5.352906085323389,8.411975358516994,47.58296446044865
28.842869056635013,0.2788646827957625,14.133220409208871,38.676065066276045
129.43842250928563,25.195194552562423,2.460022195707441,33.21962562270194
29.76925086600219,20.747950774673967,5.565844224259185,46.99535180238169
41.22585348999646,14.99669932887618,6.393155111773309,37.84157503035132
25.043830294479957,14.303671944660007,1.5453216889741679,59.25500992655852
23.731543787490693,16.963481105359396,0.6387114508032017,57.35136696047368
104.11880558570243,3.747357383203953,16.670878672997784,17.31791495053666
15.862958717843378,15.312237677427085,5.6766335510261205,52.03046080325564
55.778819701986414,64.66897535863568,1.7901783326468275,29.057483928927056
22.888230635206707,7.304420084551122,7.150060066216372,48.1537848291115
42.93490606222869,60.51298676472461,3.828469720642821,35.33039134186471
132.80432857742522,10.392782728746209,2.521594773234793,38.821894997027044
42.72736966010902,2.116745356882235,13.844050660366978,32.077474013138385
47.54642972512742,78.98365580169617,21.46073263769803,4.051817522190093
39.368597907463645,77.8808986488612,7.721821276045525,24.419369145844
34.73204794468639,29.22460652019563,7.6257282440494905,34.50843747797081
94.0434570656046,21.372923963994275,21.99883794186364,13.024355699581424
86.5244201615372,16.983969748041165,0.8534910738126387,41.12021792969396
42.369396528568686,42.82849216291952,3.192409749369233,32.915406425348635
37.8888280187579,11.152857678129694,15.328692013353123,23.606239503635305
94.37835792823357,4.440495486380056,13.171615032409875,27.082726242726274
38.56351733429729,12.565995124388381,25.248419182966604,28.60719203069431
77.74267348009792,69.35998735433127,7.191928448416751,10.367637161739369
4.252819274462055,23.327351827746355,0.3879789511515055,58.415801249634725
27.95683282314842,64.05125023251014,4.5081281536556785,33.187662122146534
92.65919010543934,63.92099107149661,2.7222917367871755,22.650076368077126
9.95784487985335,17.587127762414166,3.1179534690157995,54.69711240381915
132.28880682935022,11.541479519035382,27.573626016468673,18.05247519598125
3.7931664054331957,19.28874838219543,22.545658803891083,34.917425365035484
61.64455240847114,13.052380922869725,2.8584757552644016,45.12643707012642
52.388419131914276,58.61647590485484,5.000105992928367,27.664193256843003
38.47244470410235,35.523961948602995,26.97382578201445,11.204992500566773
2.6177510093736203,19.931475641202688,10.404323634965266,41.78861311395733
140.11776232173557,18.413930074246114,19.345575279162027,8.050724668577526
2.265200488602226,4.39038835827916,25.76372374907996,42.52881312348193
82.69421002546949,23.62626383486509,0.02653363523921204,37.097203438265005
40.07685559414948,14.419742712430908,7.284418006572772,35.941957279568875
22.718866727998044,17.428495348644578,23.595901376942322,30.923628495449897
117.3516786817259,32.64282039082168,19.378919532557504,2.4638115736202164
48.552912258268385,15.230566569233867,2.2953995355025265,49.13152258248732
44.615124906982615,8.063980915831708,17.79412600627438,29.004283264276303
40.24533884207193,24.30122411939286,3.329203648780858,42.6921200085338
49.782258833717464,1.1431653690568173,1.3531007465797904,56.28941222297009
20.67582651449796,11.25310681588097,7.8845970392347695,42.744618533782
85.64047358496647,9.696127492146173,23.30168746726031,17.765726308145005
13.708033327990293,0.0613646610961055,16.521584095987045,40.02257358238076
20.938526244603654,59.6877953571774,7.157449394661343,27.861751973876878
48.858709211065865,50.35793317899535,0.3873858113381532,37.826194133373626
1.1635967867912933,24.55661403389241,13.980357328547905,28.55394449584979
100.51657115227326,17.688462240366842,3.9190915223181557,32.60088534491845
27.71132570660083,13.302996505117662,7.740153502441926,42.681402075626785
5.530179943658043,35.572760248988516,11.400999798761916,24.185513154702164
44.149691241488654,1.8346004163002139,13.617555595310797,33.98219960884356
20.470582609562022,10.685776779005357,5.2858317611933945,51.11899978867709
42.93821396747361,22.732603660151234,2.1456028967057534,42.99667324138672
17.020577805712982,46.130403362968906,5.306245094862546,32.091797215878024
43.147981165650926,72.9660724836165,5.0403577651308265,29.890371745624275
132.07358408157302,19.133799847991344,21.292837362042732,13.946869340666144
1.7188429175862607,18.878576252903535,19.825390212800833,36.07129208439025
42.12691146993185,24.513507600783853,17.60285319275145,16.547219028073762
14.048159479611517,22.57532597920231,20.16010115296986,30.70970623663117
13.007889548102558,4.252672050301901,17.442313377741115,36.96788630333865
11.411768174684955,12.802596386594981,8.976724301731931,45.48184318658423
93.67771693233198,9.141054067605284,18.92665598075372,20.530742700642676
7.397916705470292,14.585385881503102,0.7028494746121163,59.728427947319524
27.34577568965621,53.9527485717183,0.23711666540830034,43.21766378286947
3.0538979927431873,74.23301552535122,22.3757560894376,24.04624602338091
17.54095546675078,11.763617123780568,2.5092872734053486,50.69770350816898
39.097998857897956,75.54141087107735,20.87092505918433,14.238804097656855
23.738450302182564,10.806782194704216,6.720905313603598,48.00209851174631
103.19106968813024,17.93586127195634,11.233248502187905,17.474716669769652
20.588277079225424,16.363056725273548,4.695038334374072,44.55662158213787
46.869403324855945,7.289419239394132,6.486479171859772,43.14672154006375
82.99748952902765,12.32587803850512,1.2596106691701214,44.79671960615593
9.211241961901306,42.314045437372016,29.833863046587005,18.16299840917671
148.59915721706594,20.90774687539179,7.134707658758261,22.02904034671324
10.872646610861796,26.63745490739226,2.386109544607187,50.23778202535774
25.928084433286696,41.22093736149219,7.312000296074223,24.079057843598783
1.2599547410534817,69.83295285841814,1.6538824451325906,45.88334021460992
22.727053238388663,67.22214881705035,0.034965158288097875,45.62670068728555
95.05824928161174,0.4391363925991737,1.7622893419738608,47.508781019006285
60.69198643798214,19.03374140507231,25.09694916744694,18.599691625171094
99.4982794712461,18.597203602965475,5.663772061119059,28.922911710298326
27.06481676505352,55.97955962863413,4.8621857910192166,36.67635185482176
76.85796043329665,11.729151214184967,3.562160225452492,41.16921681538634
26.830375463188716,2.4940751009533386,26.92321885962186,34.36335321077706
63.62505650919779,9.59687383585694,4.513852502860573,42.082210391531454
6.664212904108657,4.986567170826301,12.962765439403775,39.441382288553655
57.44284184385157,22.059913369159094,20.036814993071715,14.224986047982688
2.613955163437981,24.876318811981182,8.480998157010331,41.367901626766994
33.02348606822156,11.90582033792906,4.264220038901616,47.77241514604176
18.864208155231132,1.766704757701962,5.484224120086691,54.90248411985059
91.47358025299937,5.131438243406753,20.252529713755028,14.93904669854587
32.93468158094725,15.639739586743817,16.630280068608585,22.528707444795174
17.33593806179556,79.20356462965759,13.765560383047262,19.333692498289214
34.16476883032526,63.29986968040599,0.8611393746677107,35.58181581948927
46.84112310165459,78.11289041082031,7.612337174043987,25.12716006615901
7.800932022121826,17.099508314004737,1.44509240758026,55.392095591225306
44.919323329201745,19.391365883150836,14.668283023642841,20.78281853177723
21.6248939165066,20.15524137931083,0.7238903347964216,53.89209314355403
5.068644877657958,9.546440630545813,9.360018946251222,44.20705591959444
35.969407778741015,14.411496411480847,16.708409792651707,20.559409813657616
97.11725593781418,51.48046047005617,2.8495773113514247,22.444604388894692
39.52548971374425,6.11973797573562,1.841467930672012,58.246974852675244
22.265262750133274,2.236959574560435,6.377733328771969,49.56404926592016
17.72741044143037,12.083857576472473,4.636195471311288,47.42310748030781
49.23348697622541,14.733459448763695,7.23815841137561,37.426087971004684
27.68557426790056,0.18978540434785307,4.484784565662231,58.78694221866875
24.41205685108891,38.822212729899405,13.355073505763002,20.877175879507416
107.3499584935216,1.7801679385308133,17.068277879168075,17.200305950289817
44.309088606467256,12.908495470958165,15.750157652912472,20.80268071044233
16.709635708655497,11.725360763819697,7.10914544715269,46.920416994757204
25.231864398871746,9.900608657558655,7.155750083803551,44.04210122708867
48.49560230536352,11.397898425552844,5.489532003876817,48.13075354662489
12.655076958980437,18.963880711669777,27.99390895097891,30.084414635916332
63.50381366805475,5.846209227136942,20.956719249693048,20.1814396442969
7.142514365041929,22.065140593221038,0.18358743551955747,54.967773587943725
40.797346948430864,51.640248323846194,26.215448153716835,11.67965290067667
25.604428834933195,56.25995173661766,3.4584061598735687,41.596180527568826
128.3952518097841,8.380579505339291,16.8234878062351,19.89854448859749
19.469488983343673,0.5410448652058919,24.641339799023523,37.0368023065288
30.288740967844358,10.79418845496395,4.937774873339695,47.21219369120054
45.66202762782356,10.577835774894655,0.5450741102118695,53.317096616997915
129.2003126130196,19.752737806677363,2.1893300328146132,38.479157754520855
11.873927837612875,10.32635869883495,6.371199910165168,47.53027340294671
36.562529467368755,1.1658975115397596,6.376840178672748,49.20693659414284
43.95928863006238,11.51272899770447,12.52299576203994,31.106325671278213
108.97290360764657,9.299868994729046,3.6307982163713053,41.72665404495587
25.613028193813026,54.18784775843441,6.329159724336575,35.824995649305805
48.3880732634781,79.23541824141094,5.605594568816447,27.578892077310062
42.92063759215059,10.702321915623594,10.549793823340583,29.19816562209974
8.339366759183708,21.856296917108402,3.9913927868742975,52.17138112549742
88.01949979751775,21.64252480810009,2.725914845688103,31.140416614135507
34.546886905123294,5.626009976104984,1.417209756048262,55.440342762836465
26.225569478512732,26.030166063323094,28.200589219993034,16.073673049177295
19.160768297362583,14.70231978784893,18.24845005622341,28.255322202133136
114.66211336575553,70.72569560429038,2.030100898759958,29.09112220931234
12.559600230223362,7.65015263022358,5.565021963224198,54.38582729059752
45.380550127827746,57.51516329138403,27.22217666497566,8.955952754139444
75.04829467497635,15.690496849567648,7.59024619599349,31.52470126868566
1.5250124969524714,48.798854708678704,2.976099529167759,44.761922912449435
8.311468102582936,11.713673744786806,3.5989175628913577,52.17639595387452
39.45856193036691,7.513168930962399,5.229860001009148,44.47615959451848
4.238307721316659,18.69441595680252,27.66375455852487,35.04545350045604
37.53073758204292,10.685378004692737,7.412970788575378,41.46789798373931
87.39387136037746,6.802103939449442,3.047601381881554,43.80137919490885
1.215798321572692,58.57615312445233,11.033597103269381,25.86804252013595
21.457474597916093,67.47245053621236,6.427262612717086,32.431989386248354
45.29558356173238,5.749035385025855,6.30176629836884,40.85487270661326
72.32554010693609,56.562452567945755,0.3756323138592119,29.406835629353274
93.239636018509,6.084242835159401,4.958898102640824,36.05926628795307
17.961668469988286,18.082248708570408,5.771883275492394,48.86085568296432
23.586991875921953,41.289587303088126,9.235655619986892,23.635841416856415
135.9324951070476,14.074537612881644,9.524340467986864,24.992078390113452
101.74610093842912,12.105326643994765,6.2661135903182075,28.63964764228062
43.98762011471718,14.887565014320195,25.731966000247557,24.404904349201637
19.88967204645491,16.345959745415655,5.540140074028142,44.448428124160245
18.367025763864,74.55711737537128,17.309157469622512,16.86359833346082
5.125798203323723,30.037561877945777,4.2468505391978715,45.247625416587404
20.885428348648794,3.8979627415706766,17.3168908542131,38.086907431061185
91.34657667101601,8.538702923079407,8.210700514862687,24.9035607585421
22.69949555998495,21.13337805056606,14.754922360778359,26.884354300493303
1.9503210381409064,42.48868271956418,2.256892848828781,44.69958128517265
31.737207055201477,4.672738370676932,1.5333150961264623,62.152733777379225
8.637865914054366,13.662542847447076,6.489020832511789,52.75352669061367
80.4155254485465,40.830888716583146,12.582852508127841,6.472367832133932
94.23937407481935,77.70641656892153,25.023347199717094,0.6302863900864117
14.913622711706138,17.55990356351067,2.055760621753156,53.69067940360233
13.512384606539163,15.369273828906557,6.94383817951798,52.496302644330385
27.756689337659424,9.276618370088286,18.53727205694122,31.95727701499556
48.42443887971919,19.370694166365535,26.338767014963192,23.387285169019705
83.4735326579279,17.567475820430797,2.887958070339737,40.031785609531404
28.24205666313082,15.842743585577773,3.247691650716715,49.17944376265575
39.08899129643631,11.468220605006021,8.685979010964783,37.3398303119242
41.23716186735038,3.936323929746166,2.7114175468549417,51.39108373543405
122.95214219764384,15.450938116923925,2.2371066244138147,38.291138687723695
38.0950906302435,74.59180300977613,2.3216039640524597,32.52940964568541
61.310575650171984,19.320112321543515,3.9682784752501146,39.09481461117524
97.02962226915747,64.65254207660197,2.817183112444134,26.85517671776207
48.27243173003106,56.11947488023958,15.280963913317114,9.15515220858017
66.97584982071359,15.646459926752929,6.175101160023557,38.44285664138211
73.13487132001505,17.504689020761415,6.31410397593028,32.03761263092614
35.330206449710886,17.81444858118152,8.828190904568787,36.46848309178155
31.164906341377897,23.841411274081782,7.223828233036423,35.376124690494315
49.97303405298366,5.378255660616979,7.163804846019151,37.63993158710484
96.50353247306728,1.3168332957424282,6.853550426612515,33.37600512729836
22.78247747199387,0.6116175689733355,6.97030108587733,50.38376090040963
4.108583373821367,8.18000055097323,0.04673280097208199,64.9533437877225
26.674010437239144,74.06140629664854,17.16206981789249,15.827556454368326
113.63727057095906,17.428533762309975,12.60964683569534,16.95112240126047
25.68539276076524,8.265020249250046,2.622407749136877,55.852573842139584
36.01919992932229,40.75181181351682,2.4821489494390594,34.06224076828741
38.76730752015678,19.420784236207215,9.634950104390187,27.515297943966942
49.12412903006239,30.634316392795938,3.8148903343301956,33.80480617654614
45.479334752688864,45.03253346304161,15.145491439062534,13.131608385489564
68.88701867628544,36.45637476965805,4.588846288990426,23.12394917763784
20.387405250136613,18.892044426237998,13.414884457800957,33.51293393683273
48.07461622870561,42.188724922836855,1.163930859656114,34.40150721097512
40.53417851687959,3.5854653059068737,3.4287408567613706,55.302701378576515
3.727532183988541,12.189960951239023,29.156911483371488,32.13234530539864
105.3427700787068,24.978739169466472,3.093581679579243,31.50623553291481
81.37821433057287,8.144202991084212,1.1088119847856142,37.64395066130474
28.824445156993296,14.33441970003896,2.1742301936664106,51.61919256916819
25.313302974760138,59.9278088611369,6.289745845140834,37.080774558705166
9.212432578633711,21.74398123919221,5.102753439101815,49.16859327914476
29.330423158773705,23.665968180373813,9.309793441751314,35.534774689809154
137.24628150836742,55.44167244713803,1.094266751364155,21.91746886144157
109.10953805356141,1.5420074063273863,15.852182131049599,20.481380241598977
133.09224908218505,4.426082363209935,21.022501452897266,17.416194629408206
69.47938026439267,74.69421742520359,13.78161930033906,4.148827279294548
53.859156193813384,46.093330198066774,0.24624665402818469,35.46773337388601
34.562333189299466,14.159768015777436,2.75261950008219,46.286518520250425
93.1805100785912,37.33909525044705,4.362097017974858,17.75285539042563
63.86525291133037,52.389457026512275,3.789649661514468,22.37725543933187
109.94305420276217,75.28036332734311,7.885278780465907,11.792308437174196
3.102070847827715,6.127422938215904,17.115907928620267,36.752638627624876
110.97081955367598,66.22724595422486,27.769986602801065,4.759810801339464
3.128242110972579,14.52805999822639,7.8341167842657455,44.260031829272876
32.76209903195109,73.57467838378778,6.188353477886512,33.529489724083696
64.36876251842128,54.64989528637366,4.124511557771962,29.410706059471377
5.089123631020187,16.354207799798306,4.539953595848503,56.141808327553484
1.8080190262381057,41.16541282898112,19.031621924647112,20.12515379458484
35.90615381132472,11.267949638303683,6.862188767752912,41.322949569958375
104.23865601904387,19.240003782368305,6.054794124013175,30.853879887113695
2.006942954268326,1.373836346715665,0.7572350431491133,71.37911801979284
71.68142759291084,39.77672815453052,4.922122943767784,20.67303327215068
43.96965284035977,0.8389795411812784,7.0149843479505805,49.761280624589
39.3172507207776,0.0063113622640526,7.362100783959631,46.713320917222084
40.33325265134082,12.818080026838805,3.6661238591744665,46.80863975382826
102.05205336415145,21.32390284184372,24.06938258560484,11.74905861390121
40.8389733252818,38.77758782865868,5.141070187886837,28.57708200285799
145.41316415710725,0.20874343784424154,8.223823997484537,39.789554644725264
148.26524114935694,22.990085485535914,19.604700333497387,6.5082157220061525
37.99118292141942,66.98114539074211,5.774741998041918,30.95834454856264
29.21571559615501,17.753547064063202,4.3298452700891525,44.87248763176644
120.1141131383577,9.818754588467748,3.4035929324145355,36.23065858938531
20.180050118079564,70.60332717353343,17.316727457672272,11.232539335940785
19.139938221819392,17.335646050406837,11.877122439320171,37.68440669626228
9.799009235088096,72.77449960137425,28.939042532994602,24.559167665451625
38.76220259174746,6.030169365700575,8.424564258835035,42.13208835010873
34.55279063696309,6.4660059159330405,12.226225973186565,32.81157848615946
33.34321287730522,66.43576498855026,20.024670037412,8.808417010863884
40.25871986801884,6.9102635273418676,7.1251991312367755,43.158266100125914
22.773278600318086,24.60624416228226,1.8695202851043673,54.394103073052065
64.95493185569445,8.145889871124973,1.63735158075158,47.699503820595375
35.72979613500312,14.982509725409313,5.143529696199868,42.46771022070215
6.767704113884276,19.234478661579317,2.5905482764662002,52.838442762891354
127.24978460963139,10.159996321362435,4.070024741009175,38.398278411049425
2.012900150461605,3.112472456698695,1.685132338838355,67.25733755624493
45.6520733444928,58.87095335054377,7.095902062975914,21.86377111202991
33.80465170822884,16.02428310305344,28.379041072675335,23.593349894620196
6.065149900276706,6.636830624941223,3.607069571420915,61.65488357527787
138.6831539468959,8.17196974413299,3.7227138138564078,32.43983724760198
15.813507486465339,29.10404805627895,7.794868796927109,39.84589190870794
47.25120322902844,7.744312118101226,5.070305591258335,45.09968630812094
33.176179695672616,4.578384289294246,1.2232435524018284,52.50744973696429
16.259166101337353,5.6787272209236574,14.310096671124654,35.61848662802256
34.70752867549155,6.833239578116573,3.6530319132091327,55.92406363325409
43.338517725300015,12.972238291277035,7.80510975278107,35.33090488424759
25.239779915226407,0.38537396121019196,5.4718294145632855,54.10145572876019
98.1273951827605,16.626202809564,2.244677469547926,39.47613770302459
141.59430039540524,73.50400307214477,3.496686927675408,18.422500694063594
9.496737183051001,44.986085404807305,0.5728952967161458,45.453312031443346
47.51186769104012,5.503235520894104,7.680856313348496,38.66807546430426
25.910286609126043,12.336106982068465,10.409384822731901,41.57529492738298
112.8721387025582,5.765866141535334,4.708432709765952,37.573851582225856
2.52083868011046,15.283825769378545,5.119171488666016,53.097414042327465
15.473477454430046,8.207806838561593,4.347437450068742,56.477461021353534
11.105390523536512,8.174440581068481,29.139235832467985,40.13279283761065
4.5710995908569085,11.707214191821697,1.42412757777221,59.91179273288553
49.57663879136933,14.737634604385635,5.85971130347228,44.971125130511666
39.62698838106684,67.42591037961253,0.9784345303497908,38.12028047101644
54.36609287130085,18.3611819449672,0.973876551754004,49.67054791561404
9.804885636919646,12.856787386063779,14.79574725049889,36.09621378027566
12.483447637011508,15.612950384108679,3.410557334434518,53.37507920987067
6.941358632470507,60.1290819969581,8.706459396204437,30.06626243563553
56.160798529246925,18.83091035771902,6.1530312129742395,31.532528813369897
13.113716090749245,20.148203835383967,1.5608464453826203,55.43727906732751
11.180127416183556,31.587810893595854,28.108340824804127,24.69416778466939
43.606195447207575,4.9053912792573815,5.288968061297195,47.19121002952434
30.958636768291836,18.6936455233157,4.094359954203349,44.68462223282927
83.32417405507277,12.239022655690142,2.3424479895608226,40.13636754901406
9.41160998845228,9.891747852407901,6.758628999636653,47.8858685328232
6.787292654995053,12.747248705140255,6.5394821538710755,49.98095859935506
22.956787811913067,12.817201808220286,1.0996755126830111,58.90631981598014
42.90116355036146,42.029832803961625,3.535722842491059,35.12599639828208
19.97593922934674,7.869640592923949,7.630671774999667,44.64806201842325
21.30606189761154,45.25431310265442,5.086050674940153,37.43985853804378
44.83827123132126,3.6322927991445404,6.134429321655659,42.565185436002295
13.761959051850415,63.81052649996573,19.598000399636206,20.103266699338732
26.91659716278567,38.31946676760024,12.670305392834019,19.34012446832075
137.57170365589394,23.51591377015608,1.9632847366996922,32.32653989785729
10.467466166835514,62.761951041170825,4.9703762737343125,38.15632479940462
13.25853705916778,28.544069405398076,2.696142497286301,46.4669273195464
68.86322464240749,24.44038418809383,3.9760237800825333,34.021823180341244
104.71276425689005,4.7046042291986385,6.703697398688679,33.34271724805501
74.92953500046113,1.3870985516977656,3.4742681457612132,47.22431715702523
7.215602184374076,12.145513971509978,25.793194015073276,29.167579289489872
14.046725484369038,10.597493799924957,3.7627169170078565,48.34787457626004
37.03843088771022,31.348850199093008,7.5330473560001785,31.237850699835427
47.526641047720446,23.346675996282997,2.7863953390895055,41.86768296125404
36.0724578554786,14.422738383068785,25.513885317930647,25.422043313135966
15.768187163305875,12.285343865572043,29.532559745829197,27.001926317442415
19.178369550364604,61.20085745173517,0.3799537974585778,42.806608344248225
38.37838142589591,4.255825810958264,2.3618398189730785,60.39690391990502
86.71696256950227,52.424345479645595,14.08149545741777,6.637648733557208
42.05480853080507,26.95268527952478,0.8599945679379388,45.77208222180875
38.244163077106414,9.280691193935764,22.934606180540776,29.634426196090885
103.23102633799107,2.092024706192433,18.550948863832637,21.55655842506897
98.6057541902681,15.003098498487413,2.552218146986796,38.32175556498199
29.09857009571994,16.3987177709598,6.60441903534149,42.248230937566674
12.381582153571935,13.131261620762205,13.306363604767462,40.23325502991428
17.671068965135905,4.421580302347891,4.244295176374061,53.85175820928705
128.82752081708298,22.693133578233567,3.814164164851408,32.337065728982424
36.943333856651634,27.75588664669826,27.630755041526655,20.19532330450671
41.90576448240551,4.2820659073037834,0.9531855477807518,56.40184629534432
31.066531207785363,0.3986421613327712,14.303248289793466,34.40109227774828
22.644168020775584,21.65584057147306,22.67058471050479,28.4926971162007
74.21958920131422,11.062282841700934,0.08716378420274395,47.24865961179517
97.6991915378175,5.785915761585617,4.2231710723471405,36.002736940664285
46.23293047911234,10.784136409700048,8.503314794881875,36.43303846047371
35.13147882189579,47.56127529059428,0.02598342609207105,39.25610502902703
27.668559487488594,9.110670283381278,5.35820676829891,50.23075622616661
19.217751926206745,8.058877335154408,4.487260224562968,57.10540620823265
38.5079105878548,50.06423508362556,24.02648705066492,16.647405545294347
19.021000375378115,10.865059217949796,16.429369431517543,34.7550088065997
30.855297221432814,55.51919068963652,2.787100088921708,40.29978551889419
14.052487508344457,4.879365376000155,1.9897254558309,62.760870526954456
0.7098317235861851,15.15483843560351,7.48117365000296,50.53483866776035
144.5776497246347,16.489920676470373,1.4670706679499048,39.390891995347566
1.9809412674178573,2.355259090312345,7.77458160209569,56.594629441286735
87.68106277742125,41.207949199165625,6.539568018602411,18.515205110197705
12.377988513994321,8.141119423747318,5.051002460833236,55.999223306544415
69.6688558231213,8.621844592330245,20.32562001002546,21.546334035864653
21.888252749406423,11.032195069998584,7.973825712635703,43.05353735637512
15.364498246314328,2.526912309293566,7.875851865106506,48.91587193582536
39.22027366063986,73.98522124543393,1.9397539464244602,34.45325704398519
32.915371975303096,1.2133362682417244,8.63553978998316,46.700846823817955
95.63259238223986,20.051563982770077,6.487748787760317,27.26014508318237
54.66848198992737,17.336672649100677,3.0830540261989388,42.208611225549795
36.59363686432504,54.13487207447671,0.20289421728582546,38.28373930814405
147.36921348501988,20.017320022918277,3.4009351912943773,31.23233835395478
26.630863322751157,18.770284534360975,9.622479074608513,37.139581956091405
43.73830312769967,73.07252528876404,19.21899913205751,9.352687835167579
26.12882996683726,60.10277354981113,5.635454565180763,33.65497258385546
32.999202301708955,18.459790923401435,7.398443833533176,35.92930478602998
18.16276758379051,16.335798104359053,6.420348551812453,46.357861203298185
20.869739116457396,5.76054929535843,2.432508300052022,57.67535215978168
44.53292277309212,7.21145876045321,14.574967487586155,24.93936319406229
8.6748025177511,2.6126890660681026,9.359935143154042,49.23767389489681
29.279384193630626,13.91739177052133,3.59145156346809,53.857118527439816
82.55033381261354,64.23049473102299,17.613371539946716,0.0
42.49876857403309,12.019535448727833,7.689663209782878,39.149920008295304
42.0914388379136,74.32830330064712,18.786904017192633,10.317739354785829
96.96542569516235,59.60122289142367,22.689438655818144,0.770038501732261
35.0548793682135,22.76879531845368,3.52697897196062,45.796554365350474
36.65801890683998,44.88889877050078,19.35979157866291,15.73365337959558
17.078519351578397,26.67980879823561,5.300191283069632,45.726007325280364
6.282174620615699,4.344971428380992,29.38236752676373,37.43650212838017
87.22452951860714,26.800388733232026,19.689867631087466,8.33102709658498
103.20868239380113,10.596447354231792,5.588226856653917,33.20806810131432
20.4349781135467,45.89478537400244,1.2295492501591596,40.48951580278857
34.1935062454516,43.534071734268785,12.090414817466604,12.346376868541864
89.54890761835702,1.0069540683846967,4.204041145206353,45.70708401429733
25.69947445799054,25.06838913763561,7.518613141153983,37.92762356952216
25.13917209233403,63.48320855265508,22.835998801024623,16.999521532989565
18.865902698159644,10.834521202873521,6.956557959541168,47.65342694559931
29.74236897509548,14.366051765545976,0.1174338805418822,51.664415890005394
19.827139116063506,28.617718687612953,19.585165463669888,20.824163774688405
24.124653026383147,3.5696212534891165,24.46783297906086,38.04234631033306
22.961993879847903,11.071762652647262,24.731690029335628,34.33180119841904
59.61258517321515,48.68704643153503,2.221897188434057,32.86013588327025
38.4290665456601,19.59813197854719,4.951952042312081,41.46920728839036
3.4697042952091692,29.625591912238335,5.162193837323695,44.11931317044061
138.17173063953962,19.106140521309502,8.432576979469399,25.7647970627893
68.29229259620847,64.89208165473852,4.683137688293154,21.454349422553847
47.61108928487973,37.529565987187226,1.202801007353842,37.08794177075448
137.2106063746581,65.2069667080571,22.572076094106976,2.0547033492668345
24.922109946452863,19.41920678375182,9.55702074308672,34.03324823260847
3.122879680953572,9.576641902144466,10.464619416893306,47.070090157443566
14.127513375931944,21.760129248552495,6.882826780029565,41.4650590391674
113.78221792594101,3.6789425240930846,1.8835198378086417,42.381484906975025
11.21346547302799,11.32933529734706,3.2811977591091184,55.80659828940187
22.10331065590375,48.27816928196025,6.0077860773368466,32.249100930821804
49.366807928977295,7.2878464586088345,12.617308776713363,34.232265161407256
22.139906827186874,17.565677658091303,2.110272819586192,53.53825057131387
11.990997610329512,21.77229476169515,5.225086182252601,48.50434133184891
1.5326251102903032,21.938638563986824,13.309938806635568,35.87523741971882
73.92110880342187,0.23014168476607477,7.467291436414009,40.96826032564192
144.8916218188715,22.002666680160118,1.9953270512186432,35.36280318896733
122.0333369165993,69.3071337028995,7.652678885802395,14.362154678949565
82.93535242499547,71.33898782081857,3.6651069033931174,22.157314779975422
7.502433234699213,42.125698529792814,13.113214575576292,21.93309266577988
45.422528066681416,11.422363874560698,1.2896993113469595,52.11859364738124
26.50261696061904,10.785142591744634,1.4775570359536427,59.88518175587874
26.673054598816076,22.270297357845077,5.276375960741117,42.9443207631074
26.136641469099704,38.62548902193137,6.773056426344542,31.08700451417606
42.19967359710124,55.44194617752387,4.041529830022154,34.480499401667224
37.49299656441344,10.558796817518362,3.735073773066569,48.451025675631975
35.96226002879159,11.303476378061186,22.93376156004448,28.678029294444652
12.390622145345343,5.288215646585343,1.066052046664093,66.99247070468978
38.99254944466749,7.944635214671597,7.320799260862902,42.82327420902024
121.70479387071047,1.2297247558005515,2.4718116862945374,45.6216717651472
1.5534065122228158,15.67290698284739,3.703792094998037,52.33372537986756
2.2430278813858506,19.760381257980256,7.513981783000871,47.59294931030035
27.23154355535679,12.662530025923132,6.856927538538938,46.590842165375875
32.7586857262169,20.917768014586542,2.3599435758718377,48.09502605623899
64.60169055921082,10.791294064849025,0.2629018063611186,48.97976116514681
17.971191341540855,12.730289631151065,1.1222584687974155,63.04614404972546
127.78777055368772,7.122715576044128,1.2533770747801443,42.05878041239191
141.90382770286712,12.655775902272005,4.80436991200829,30.631307489810922
93.3723702831421,10.80869345845329,4.265768018465051,37.13644588718174
101.34344971258201,0.7883657032806024,1.8482094067543438,40.61158385507618
64.47106361365199,22.887918217917417,1.6949323178584192,41.65458648886411
7.035576402437921,58.92674182017572,2.2070390377360836,48.33692812639046
70.95192243125321,12.60187367100221,7.002092861263983,33.01941053512556
35.68301415560769,56.42967111614433,11.993497935987074,18.252485540916275
46.63764695301566,72.77816421943686,10.505925742678784,19.609651946653067
52.16269924617938,31.364231476293327,0.5899533211292853,41.18688689917103
37.77755692715243,35.99231635008094,7.299012909845746,34.46505572785806
39.70986656385421,0.08447117021030681,3.122230911908418,55.56123956002734
12.881599938176457,15.354067565404971,0.05669173957905915,57.1171253117604
63.82755276778086,76.8417752541088,19.423426907967503,2.6769442391281593
40.35777686824413,2.838863596087346,3.3174710865875507,53.45697090822554
19.470246948943764,67.61453464632396,10.412674857488566,25.924902556065547
32.86767410850643,55.07411142529817,18.68496485582985,14.987083373150167
39.010632426781676,79.88438190148193,4.69090003620783,29.650011153575928
24.208651608170374,34.842899942425056,4.9453483973303305,35.85278685410773
52.91706685740745,69.96704783171347,8.596930947097455,17.90491971793612
80.55764593278258,27.99128313008648,0.5520387136032161,34.646895261853935
36.250303814955934,48.54966281041827,29.067408628823795,11.478117332272301
8.405904879886256,12.667280025157467,19.609519260554464,33.96100202040786
14.370126692274127,70.95737348911086,0.025338513107202587,46.72612345189013
9.731191835243596,56.2598650339676,23.349961418372533,20.589958964562236
33.37788692605136,17.663240807579776,4.903187495852144,42.724675222181425
25.903874902017236,17.457833098514,7.133883688462349,42.62662804831805
10.089747412622845,8.626271733051421,7.168453499983877,50.403337024183216
15.315674938910634,69.13895941748237,7.209731714086322,34.691955690342105
35.60685229403025,34.70346831313208,1.2970555622013613,45.48855609402752
69.1277371037397,18.500898624604424,6.879166882079037,31.13908404287387
4.470550115612975,65.79808319893368,2.440759849228101,45.687916414489344
13.487480575849482,74.5430100103634,18.880104182138048,17.179463017077072
75.71185039986945,7.260273053556163,4.875263335970438,41.91755314195094
113.74988029341631,19.80048019850338,4.71095512165769,26.040133911818717
100.47394753803516,11.882324414137708,4.285529365143485,35.71022518847598
21.873746101186452,16.283402645005136,4.4227200701124225,48.005973122660905
11.914483527654578,45.56836426025329,0.9469379166046528,46.488289882441904
28.13277114513712,0.7259695664943611,19.018194930847983,32.96583763159992
136.69410428305122,69.61096828885536,10.563969711937013,9.132375409229706
25.900521568804898,7.113515256801403,23.849686904526436,30.078083751807934
10.256982024100358,15.747092591779985,24.006444114561333,30.089357726560046
123.17052727231516,22.352689959948687,27.729212110587113,7.95098920761512
34.69747952550784,1.9227659683833664,14.954355212812292,35.056113283315625
9.64198044711228,9.608475698963193,2.12556245249187,53.79754852169543
26.385055454314994,47.74202103215241,18.869892951085546,13.047063339369458
34.6700426714522,77.43020149283015,4.697617039014497,33.168258673432696
51.564329530743414,26.948043530447507,20.93961042176455,14.501121599507993
50.30208713561613,19.9669526476908,0.62360055544735,44.7132035375519
39.031585871277855,1.0836404981831445,21.307326576509688,34.38929487105775
6.68478271997181,21.44893638493771,16.54722722832245,29.693665239851203
23.84194388665622,21.127682475135305,7.451037754167627,38.597366327348205
23.581318259763083,13.04539253458139,6.841566449575829,44.360664110203125
33.050712712366014,0.3401098862667068,2.0717186632016302,60.29189862533449
23.67178296875107,47.30388718018689,6.881645097653812,29.62878461428669
23.204757972675193,20.24782800765226,1.9207671702279008,51.94737266763663
147.08541978677002,24.285046215216155,6.594455270553656,24.100280077664756
17.859616699652243,17.82397038898815,23.98761309047359,30.674785237544512
40.328057393072484,54.14246999601727,5.6617732801738025,27.212418394823402
6.720733846948712,45.2574078094369,27.170883411375584,17.058872501707643
29.346825327945353,27.785492954404948,3.439940320194454,43.95161645015095
21.34473639116513,57.20085159625891,0.5048417988694274,44.871687583027786
1.7194260557609198,9.66038904576453,14.911203533313333,38.86201679001761
5.601945108402617,11.820111602818118,10.567438905320007,39.992609200765045
133.32712820358478,68.59251271080993,2.244036067019925,25.12391735551175
69.71060388236522,3.7070634473978985,4.7476897796146895,39.67259167739036
93.86716968030488,63.136836444989406,5.108558224539633,16.765200512654577
141.7348901506749,21.590575022998834,4.732081758152014,33.16671927880118
14.209214785586438,78.43123886486507,11.156499374552485,24.976009780781116
46.58702016582541,7.395334068783993,27.69774107866976,25.304063934787216
57.087170065487356,12.458797282761513,2.2713463273471124,49.80648878200604
86.38994064953324,14.52284745615696,0.04856498251049857,41.12074355103982
108.51216609271248,24.562066276527673,6.735146288005381,25.519635590556597
0.8484564657733229,0.879017832215967,5.728888284714008,59.63256716733031
31.57094606091882,2.102752482742143,5.227780183676489,51.0673874909976
32.557379244083705,17.409396246764146,12.715567664565647,30.345679783946405
104.8021497229135,20.577188225172012,19.18089943714189,12.071813469100986
68.04238220813704,72.955269381725,7.095042280968325,20.088113123710286
13.429946645729874,59.65516172004764,4.636314747949803,40.34925388447941
41.43544919090032,22.096431589998982,1.5775415389763285,47.00817523810642
12.512144908229766,31.223745362432194,1.4013293132062934,49.678478469521686
117.86600938268971,22.319833910516497,23.852622897319296,11.009726412885021
52.25685832023771,21.63573512706715,0.11493887346711684,41.38512072772072
27.111860274592413,0.11204233313822087,4.8644982824408896,55.96095745315192
9.983486902032334,3.0513441770328997,27.24496931635512,39.04713012161413
51.917291074989826,10.262327863533544,3.2375417715830164,47.39542345979619
14.568053641887225,20.209117254420416,21.3553178526037,28.48219584177477
70.37173932776666,19.665326530447548,6.62168952650726,33.205094418665965
38.232547519243674,14.467516192306059,0.7766199237892595,53.59452201340687
142.32237469852288,61.109318844665104,3.0577541409831284,22.705502216355047
29.54022667589579,55.08715289913608,5.169042946937643,30.713000516002065
90.6567807905491,24.357940930110352,1.4760959647896925,31.146694784307996
8.92723310271668,63.93406168838632,0.7729717562967462,47.753441808088546
60.59559113440477,13.168743747018691,4.216314599340791,37.44907664997566
32.16441092211766,6.369808893282605,11.450750421720148,39.66770293287077
19.10617472299866,1.0193318585342865,1.1920683472932092,66.19044608792736
110.62166422207659,58.44387462344949,0.7545927732141777,29.476350030693283
16.41165528391697,79.0369407486734,21.96308351607845,15.868220384630874
123.24546291337298,66.42532371164958,7.866572781097886,13.53416853270563
99.18568713931474,9.33154330073172,16.705683139076644,17.2814557905514
21.12742141559723,0.0876165882764568,17.773366257651084,34.648516353328475
47.18507964101104,59.423961854635515,3.793514887415303,34.83349210620608
85.06426914571469,16.073280204019,1.971940200562245,35.79260089854432
26.40946308781781,74.71868945321174,6.917252861888109,30.806965898754914
40.543929050395924,64.42105106005427,2.273197159120352,30.672377871983674
28.849080620884095,10.335414379347718,3.9696470396000647,49.24474920212716
71.10066917075261,79.43477229050933,16.608563391627513,2.7324066126786364
112.62592746624267,6.806188409261782,5.839986487919763,35.75741363573437
2.979354867657186,0.9436829241858347,13.630022121282323,47.588210855989836
20.60088694758282,78.41080296006149,27.01319573848598,14.83827198296849
2.5994675988853744,34.501505530658186,2.868177430422768,47.52004032937495
80.54442265484818,26.02055464884232,6.980943761572904,24.98066074286801
8.968234100610523,70.82760951932931,4.288199687816406,40.24625682359907
7.8601941778477125,55.89976341860698,0.8137475523170323,44.60134420710098
15.603202232601031,0.625102821264803,0.39423000023271726,64.81145982733352
34.90352732017008,58.77045864714155,0.6515269385754632,37.79249758872533
28.846806167241983,22.588982592432046,12.495754571624689,25.90938195055641
145.71070960000515,9.112524113719811,21.642508267709758,15.341608166869921
27.704964019791305,7.683129524693738,16.458858790961038,30.62361658917342
131.5180231969889,8.735627817344701,3.4821779109115303,36.93329039352269
140.34077558627928,69.23614050774128,2.5883788663732066,24.311173188988608
134.7296745535494,9.67888485134958,5.61498683563449,38.07441753099075
21.638343979963132,22.575027128787404,20.830124022552326,23.842266964039112
49.20447319832571,48.23933451867372,12.549707108209304,13.497111375304751
30.97939774489148,9.424845730261373,2.940316709217459,53.69464102748232
31.194791814581922,4.163639714845033,3.6856442153709725,56.143143505497086
15.417606083809938,0.3148153166873696,5.980624955807801,56.30280854092818
131.07206729451747,44.32235498892466,4.464867529732192,21.05700556344894
55.63332777992398,22.375818790129237,14.47636789531469,16.23057362216523
18.1814801189647,1.0583736475623025,19.50936378490659,36.74920382517861
9.039257528118977,23.046137488694622,0.3632812486696295,54.41132770860787
28.460323156471386,14.71109569101308,5.941074262940167,47.05377105367564
32.26188222766658,73.399213035846,20.136351124023186,17.25391685807606
12.615596353484355,8.346051608584645,0.0791029201353659,59.17403847153426
47.83999077421431,19.402914960337515,23.26774225370164,19.756077710911736
95.21829393601078,10.392589457123226,14.523271736007782,16.81792324914702
25.692723210338386,59.25186557871037,19.231416850057798,15.633746837810747
86.2583212594677,14.392982633280107,7.768591986126575,29.663457822686382
4.536044137391543,19.6332922784696,3.0674090665112566,54.82894462778743
128.26515628228765,13.742106396330906,4.138371967120586,37.16176477931798
48.669130958241055,14.698343325856614,0.8762928398189702,46.63891668185732
33.87821809211412,17.987236256485218,2.5247906822845962,44.62911097762028
26.091543765259466,0.8053840112593219,3.501552305797694,56.588844079043014
59.365745260747445,16.905843376011937,6.311375459312826,39.46247758179
3.5577839438954872,18.594183684338603,7.476966722831263,51.95115375972049
47.30934469956306,1.3243226511525208,9.193935021764187,38.10902065414153
31.170297907972007,32.63629034013919,5.630248040277318,32.54107386243169
67.64119104278862,4.193610153490068,22.726604421950185,19.760816248131697
13.934715796426289,68.64366955521785,4.4282316969290685,36.76334334269021
133.17853001851591,23.480462371942128,25.15624913602697,5.4920297840223835
5.66517523637321,34.44988980657023,1.7843917465761905,48.875117162172174
6.353025632594239,2.3560766601131404,20.658100447911423,43.649419597759966
5.9797122969150855,22.80161132190973,4.879017018464848,50.34249931084932
42.69714410709264,7.8629393052276315,7.301538987555326,38.94927217667225
36.59969709057025,58.371122967904185,0.6894306194242876,37.81618276012532
88.71305089711484,14.031887871405305,4.948623326924049,33.41867305877744
42.56034570243843,5.671762908287353,28.768935038187774,26.711321879391928
49.816695802837096,1.3386162723168726,28.329260937920154,21.825710747167903
59.30303747408957,16.405997331208965,2.349974413004488,47.08126292534343
28.965670139423043,55.423980381926455,25.95755965366914,15.318199198069486
115.39942214202483,50.14163158474243,5.070622295551542,19.494956327042868
33.865034316782975,4.814402433671009,7.737627646737548,45.87575453446109
13.662976349910466,8.234683049664909,3.9339748008332815,56.62293516825921
135.0317708157599,69.53087826387485,12.017451076675203,8.476393737525578
0.07825525957364521,3.2033760062631007,9.502291641981243,49.57732983298085
17.281351851807948,18.0407409001175,5.592527302170051,43.867472882396854
45.35209802075109,23.83930559587897,6.795292703594556,36.09241193593166
5.46321051548107,5.485390963922596,7.075089339630867,55.37849719364341
24.15331225966513,55.277727742361975,6.555182757644331,37.08956973916034
6.069246971121444,14.588238721647832,8.889550101333459,46.57098379926969
148.35972997387742,42.86811769046088,0.8925519390786167,28.64671548767089
5.282517272446535,52.22127783865799,15.731078104859272,25.16841831865083
45.54171134948769,14.852615956885629,2.5006420708780857,45.91291168867941
19.327025341151394,1.4420821145885943,26.277149721312213,39.33128401111608
19.314385257277262,10.456388831401197,21.234180292157397,32.53245520821128
44.541607414481675,21.992699560101332,1.5583502691008144,46.78077216694204
67.28200514564523,6.667585765930356,25.1291401491623,20.33250138846961
48.473521663768445,7.427013746949959,1.7728580539391636,54.933327330118196
38.52037089038966,0.7548003834297157,22.847978005782792,32.490074400380195
36.82010075328203,62.49547736360859,7.513273860440954,25.345264172069236
41.44577370753387,11.236479829593529,0.5359167401010394,55.187897185475464
34.62464133346126,6.842387899158722,6.798373365229251,49.14539673675766
42.71997566628401,13.597460517828688,4.8732897043163215,46.49237293075324
1.5176902766502132,18.263565787414475,6.1988821495732145,54.79106512596594
3.3329914911653047,28.294758555185005,29.99410585450479,22.7550526231515
119.82154534944728,20.751634304894484,29.840528011542926,11.817902289403541
53.42979013033117,6.623272155560151,4.585941318784046,45.12659952080683
41.606708897887096,65.66092958105403,1.7482080060381051,33.7315189028727
33.876580694184234,16.53941851435146,2.0384065958165083,44.847411019925346
99.88510237442742,23.275714906939065,7.632698824285714,23.803668943128145
35.48356717522622,22.35974634246227,7.687089033799791,33.80683645457076
9.93222884487029,40.320949239735455,24.144081515531916,17.061600458647586
28.342921664704733,14.96808352641826,17.419938838515932,28.79592692884786
81.3250740488822,10.80061999084354,17.899449110712773,16.29157955344923
101.3633383928651,14.473413985175082,5.975186681934669,27.76751842686609
38.638570983253956,6.347100274026704,7.767296562902119,46.90390263902107
144.34281072652854,39.629039665896805,8.510092259446585,12.521030253981888
54.097822224989045,17.445117462360212,24.156709275746632,18.462757324752246
105.70475861922341,38.0022177424213,4.30331760158191,18.14675984985895
32.36710671865456,19.453141532163045,14.397164068527182,19.518446316446536
97.94549781497656,51.50399873316165,11.88364028915872,8.456695245396265
111.56243966831266,6.2185816572795565,8.417260464082906,24.22047119807793
48.957577755030776,4.853817415463727,5.358440329906556,45.51277509381271
45.86340332888403,37.11765657918356,0.1870206031635533,39.47114451023614
83.20738908238204,11.402634987930316,7.441915928344429,35.01210752978607
31.808868235411637,24.670267044968895,6.420575242360226,38.58299527361255
13.058121625543013,15.87561415354024,25.920903869117513,28.146142242264172
33.09301561075028,24.410330559601405,4.3417789355060386,40.60451156682445
99.27813458649557,8.134760589030988,6.741017590901064,37.00371616902856
24.48122310251224,45.289386893632646,0.24938465854184688,38.42895173655744
72.642960508765,13.059331599170026,4.677613636287885,35.585517752768595
41.199882593998915,62.05098819302338,0.42219666079425444,32.156081663508424
3.89282598043848,78.6414746257434,4.767074706048248,38.460624835854354
43.386157640254616,20.144095813575174,6.707555089377714,38.04176102443359
43.737353674448734,4.6092059504923455,23.63617393113728,26.88847806987063
112.67838170518446,21.528256076119533,17.4856222628434,6.581864361751442
74.89435247968729,55.03037133434731,18.276863140796625,7.395939007100137
20.015641808649704,3.9430079270812435,16.09429053308215,37.02298009575027
26.17006854610041,31.775553842355663,1.1226909343400475,43.308494880964766
144.0965787842794,23.737385793479042,14.080836439397041,8.98767859360453
34.075136111196464,65.17399618945302,5.924753595809495,31.698252319614927
26.80481831720602,10.610847221439476,14.436553035851427,32.51187579544881
146.1499679237147,7.470505870285438,12.678881448887278,21.340281137213953
101.82183156359275,36.16092371360935,14.958992414234693,0.13297305010544402
11.301449890799987,16.893669008679428,6.950472573051596,44.04133807285933
123.85390394759077,65.35042358944116,6.816760144376364,19.140527199063378
33.25183372731277,67.22574454189899,22.108161649693002,15.397269224815414
102.73108956423934,14.501088882452459,10.229093160341499,23.483748964894215
8.146721354071484,18.757810959492993,1.4385245598481902,55.5541799970882
66.39317209532027,22.216066734073877,15.362098578198406,12.242933909172256
16.70249828343846,2.281121032606384,7.09757413377725,52.1317844908977
71.28500860383573,1.3146715053594271,9.626840478667038,30.590707929360203
7.353674046451896,10.788857248827682,14.218340007129186,42.36081617301999
84.03848376775491,3.0685013668655117,6.197719824089529,40.018229122738745
113.5156988863935,17.920930168347564,28.952693829406936,11.76051478809797
12.966744865854723,10.272497624795163,0.6590500161702266,63.25866121493698
21.883066407410173,1.3087191702400607,6.748514337130472,52.650668849581685
50.91655501838165,56.6459936985468,3.669866617093936,34.41806265406756
45.976551232802485,73.19683163167366,10.750560976237658,13.872319969235964
10.585718607398542,10.116385447616663,24.159369034022927,40.92205905623793
66.85146434591843,32.04431799416836,6.279039275994258,22.9221490044237
5.474118303449699,23.561445963332407,4.94184973083704,47.1731286789635
29.086832371059334,7.623365942441521,2.2346481482427247,54.826772111362686
71.0528488440613,71.42309830329246,6.5631468239919055,18.487166762228576
8.27498873318278,23.67168493739912,1.8732731604508661,57.82033532661544
26.027191865242923,16.090844702990516,7.290465305300566,43.20310986427186
49.05962645820579,20.575707719894112,9.36136464741638,27.020766273895198
49.11893084543032,0.8766237254679676,3.816617372473708,54.93267592406093
24.199468408987357,13.390791321180798,7.905981859167274,40.26800711146357
37.6363568912988,19.622284866596253,6.794286657244174,40.122429393870206
34.5963681633296,2.4984226642154885,17.64817439274288,30.24890883952957
86.93826475825851,16.33901813862982,16.41357186957123,12.850122052941192
20.519841349483077,38.62075541610326,1.5883216226231518,44.15124401495109
14.123937198851333,43.47567048931485,9.10383178545044,30.12449780661713
4.96188324598405,9.437442728438064,11.506763494793478,47.025307923498325
124.72246450885869,23.28061897947245,6.2564517509505855,28.438491683056522
92.08965287592261,5.371779346228364,5.303967171191206,37.8221448749973
59.575419866335764,9.100686730364158,1.9728541094418848,46.953009904123846
4.69503578947092,32.12721515054914,7.018449522496461,39.4716014490504
4.957305613881196,5.342824371314475,26.546773622046782,42.28884059122311
13.177573974838891,17.71447812662498,3.8003016701630923,51.13424234829888
35.76611552645678,10.979804142066673,7.860482895411761,42.07629897853205
78.60600516592855,0.30343645788001306,3.0019312551219883,41.075799810547586
60.57245604311349,12.626445006760218,7.635968227638237,32.348733657850005
34.42025092460684,20.516884585026762,3.46574908142276,43.01094458429821
60.796244811083554,21.75263645860261,3.0457670498838016,35.72430782568661
11.846199694836173,21.373141412776782,1.2708166092772482,55.59193784965499
1.8764328765901561,0.9532903522868175,5.66208244660323,57.449132651723744
42.34436122144764,32.44601238202008,6.843826721282508,26.590149779520154
44.04475802723763,23.28395918016148,29.132379435764854,19.881730747218214
76.25502300200003,12.261488128937199,28.268990810012063,18.24826195957227
33.77280226682128,62.237237683124455,5.423263517878756,33.810693968557935
28.538915233445593,15.082696959723577,21.643017519135118,27.48859397207941
98.09416080843036,63.014742951758265,25.28500579907268,0.0
140.58493899993056,21.4761582426664,6.596606962635557,24.210819823607444
33.191223742636254,21.496286797891578,6.789107183624474,38.06263673792166
55.05074708322822,4.94636624194161,6.7232532445097135,42.44091141018178
42.89674569986644,14.683865778449734,1.9913097237381283,48.84270475222195
21.729798042935588,25.531989636580555,2.1480643357433475,45.94709698888641
14.830624107854657,5.417106099725066,14.652360413894879,36.82848990390084
75.62549238890725,0.23964100360986396,4.4174859133651845,43.91173281927422
42.53080289205689,24.834319704004372,19.220664593671604,17.162948437772158
30.7534877007349,1.5579431262296413,0.7176390163357427,62.655375230090065
10.8945689813372,13.197745698598107,10.73324472600519,38.39653363535947
43.54845618730428,9.39121838732502,6.0716532096927835,45.49793794547435
3.6332793790578357,22.543541901016052,0.4972154170605396,58.92495023629928
16.91337529972492,5.53053785455748,21.846352731571905,37.539952814173304
41.95498493998058,24.485496828446305,2.3835236698323126,43.941306736223304
24.27948498296989,9.295074781863393,6.635680751849774,49.129415175604215
40.77307142274171,18.86706302170353,17.47531061059587,19.02647943579407
123.57179867781099,6.570356863823543,2.495101473719582,41.507468894886195
17.048098682149426,33.07714317521113,3.8287630287676677,42.198257370952795
103.55219160859636,21.5232620644674,5.406518931328736,28.744563757122492
42.52900986532997,32.64101139520746,22.196855915789538,14.875749341414458
3.6748373665006326,13.838272133929582,4.116159986306746,52.27332324592632
35.27304151417432,4.944190690437961,6.7356854498703544,47.449098454151226
41.377652613702345,56.8181485825195,26.166422609881437,10.402407268575026
2.810695272993924,46.95815433180485,18.73578815266236,21.278620149690873
2.728270414134948,45.290290534449106,10.292486951907984,30.423355250053024
44.79078657800974,58.18052756978236,16.126812565657232,11.845837889842937
38.829842639587085,9.310592404375177,10.693400568223982,37.98480607677549
110.6719579782232,52.68722598644539,1.7868826618739222,26.162060188303382
4.270424140413265,19.997282606720425,5.770284388782606,47.57148401670792
149.5604201803506,57.74974623081131,2.5030633007674625,21.37765369593293
38.46115739190668,17.146811380786005,19.01797494806448,24.636214704549477
15.396497079559545,21.40610104229051,21.342512642401527,30.498693792769107
15.943340916056941,4.4633226134928705,1.9628964478914872,63.36151888888748
38.7316890318894,11.008794347331307,16.97704128055974,28.90731009485664
70.16552112668923,64.97158315690297,3.3742518774834354,27.92166901008176
31.94815109866423,4.338422990972088,5.485949858643869,47.957599247767234
31.700285154980566,9.539359695637945,1.487475155858137,55.33803805294535
148.1029489115076,5.430836864810868,26.782786090746775,20.624997749612902
44.42996402185762,30.4014888976875,12.333298267966283,18.320449929980526
44.839420495300594,13.410759919737302,5.365101970611565,43.19664473947585
14.97115624015533,13.35474729521548,4.4149090866759915,49.86662114974151
8.554298342858102,53.04327101182236,5.421892796646266,39.24726976850469
31.211899795699605,23.3976396329954,26.748593276839507,21.932161142888184
74.72060737388767,20.7232472798253,1.4351228207169502,39.057395532774784
12.651317046012661,20.754574165442346,10.170363717959745,40.62905960968961
104.88417555934738,16.481113426271797,2.4146503829958688,36.764988328543545
39.62974066045673,18.96985356760782,3.5901111074146774,43.83076616447553
17.500343423658936,71.1671839141978,0.02182995610412597,47.598899435509196
129.1906538422237,10.185891319153594,7.0341490086917435,31.279824713807628
46.646243128483604,19.463645535567224,7.2997998857547906,32.137909683212555
142.7900629862027,63.53697896653879,4.823170715571256,18.639091121892363
15.245156219253175,16.978220783371547,3.4201772364820284,54.26365495808914
22.07652506866885,24.23816308310017,5.184884702327776,41.147185955392935
61.453286832634824,10.138028880088399,5.013840693510282,41.83918572650384
114.2833390815738,54.55206424519858,1.6881846107107226,28.03311699122864
3.756889086790438,62.46474028387902,2.492875322393103,38.18744017449928
69.73139705760599,23.155352634964217,6.847050475703523,26.061390233530474
28.169767535632005,19.031785740634007,5.750717985645334,43.77999426584397
123.27234154133066,13.129394748355603,5.669858660518918,35.61390855676519
16.311025349046577,22.67793547950331,3.438198675530929,49.48503581140768
104.91440152414512,73.70795021674095,4.850128508258973,20.71069932843603
8.854112769864491,78.65150958462687,5.706940428512564,34.98085603955422
41.70820541042207,5.7787841890669265,28.251505507333874,26.939993478708683
24.11126151686633,16.949950381064614,3.9919157327725836,44.30872048520257
6.165924553764612,1.6284309667723984,0.8320679124713575,69.3379960504192
25.916482618186837,45.94310540256603,23.253806697780398,15.613142040054818
3.5054069820628477,63.18524143938015,1.7949794489404463,45.33861078500166
130.81570490242126,11.840768887115239,7.7002296526924425,30.85663057942813
46.54743477534889,52.77850812989978,7.413195264516557,21.682140720881613
74.4953508365956,7.412539275598476,2.834018428017912,42.94070120553734
6.0283442888639405,15.238007782748106,5.3231138973441405,49.68083509539771
50.07168587065798,31.730065582131335,5.155430597138194,26.83995851955993
4.574341869887744,17.87764034045223,3.527041865078912,53.399484297101104
66.07133491909858,15.98884565943278,5.733374946263501,31.763729888794618
11.909139052336325,12.846433981728062,3.553062806064214,52.15867462998459
9.007932386630962,21.406691338102032,5.931359126903999,44.86297629524946
12.823153050838298,7.464718907207316,1.4799975800158354,64.79096335254087
143.68534300910153,46.33642916233781,21.20455086703877,1.7428736450500002
94.12011022129323,9.097009840672083,5.806994747962278,37.681956445505556
22.564705651462745,53.39741089136435,24.23332376173175,12.382414629991446
18.38796754386448,11.432494949922448,1.2058486742075019,55.43350036927692
26.166481559737065,66.29827770829695,6.879993750254406,30.15885513444442
139.20743510936205,58.56692798470527,4.775401085837234,19.231638252732207
87.63118169549976,17.539983747489924,19.923225323374226,13.617973965770348
9.325925519992712,23.697926973362428,7.375421365042958,44.34769507344647
64.45152239069503,38.18086731588522,2.7326644183166824,27.801689304324043
13.120418824465096,10.130644573233349,26.808039588772914,32.618687773445394
57.22717090113515,9.823432625695167,2.0863310841956393,46.95902660490012
11.324788759896897,73.12824302929185,28.548963438244854,15.18468199423905
74.85357439270929,3.7409180377231674,0.3231119272999665,46.19147337616518
42.15724325148727,6.484790185521397,0.7369808651685883,55.53723209901831
78.99873926441418,9.020170656143781,5.393922245314702,35.045661386526625
18.96827991020933,36.95792588403912,6.342919896819769,34.6485599595939
148.5524133255218,73.57341425045075,0.32192686734704257,31.843696798378037
36.761425905079804,19.73449083654811,12.684439822419996,28.32990683750246
139.67465499077446,27.803463785038947,15.008281680137836,8.109494253111727
119.60314069891137,14.611748291115326,0.874774586385513,40.5244195630751
41.530970389386454,53.621572429612925,1.7346737415439248,40.48831126416576
126.576332104754,0.17393968258228032,26.278618223984395,19.057141901088293
22.76974526239704,16.06854751003563,7.365507529357564,43.49349142362597
29.804097761915298,43.34797694632525,4.50711144477465,36.387794092861405
1.2709563372047594,6.316990693483726,7.56360440094231,50.46855100763462
34.62180756621848,70.93193898387622,1.849326557231362,40.00267451139344
136.11135200614257,24.074398559112144,3.052164417514562,29.927358795035158
78.35071902709394,25.903983186277994,3.985347325498762,26.43109526201245
30.511257473882065,6.074939821520744,4.5561691730642675,50.10297609061795
132.32263592464994,9.540526104415099,2.8288422098918877,36.288269891764614
26.85532709092739,12.90127055854482,29.99330340580473,31.282706341374528
47.02292921764572,20.691778389229853,0.43642491903606384,49.00982309890811
25.980583790150373,50.78130832389277,0.44758357278896455,43.26398246264292
46.04239239078434,69.07867102147549,17.003770219394895,8.201070345824446
45.20793472468742,10.23676854721943,16.93011554880327,23.37843580527038
51.13896680885528,20.713464398176235,22.552385223309123,15.152957767084487
70.13991027938874,55.84108928305707,25.640752984593277,3.7481409364598406
96.18064815620187,12.692095615877111,13.800599487534782,16.037183140728057
67.11024784134018,66.33913029646476,3.474334155442377,24.909063706005576
0.3920795385958409,22.646514094813178,23.430640858293593,30.623633426767356
10.745631851819793,21.097124141640805,23.14885435596537,27.38190551554521
40.27161646499932,22.124840334875646,4.008944938648692,44.64051486770233
35.66034416413088,20.063707584864492,4.044755213526765,43.78759200375812
30.792504902610823,73.1876881576204,25.57383143704104,14.94153053980531
41.868353988507536,4.733905692016627,25.095561809103252,32.04818024123031
47.084599332901526,2.8572821459214137,3.4117184018164393,51.135728579209626
101.15361942347917,18.11773718660944,1.1157172367922792,39.963354217795576
43.52892125230034,3.9946390528392604,7.886410805988174,42.557611766754945
21.065044081668233,41.83571780866893,5.497907314702412,38.322245974772166
34.40673530432711,67.56784399027656,4.3588420569544155,31.331574124735482
49.059308901371175,58.98550412608951,24.025268556743107,2.9416991638855468
46.46879945637929,23.604359087641548,10.380849318482918,27.86961083005483
137.92043375853825,68.31806305539044,7.7122263266595175,11.204428871310514
12.98768918801631,37.61254226692097,3.0155992893311163,43.71584378475602
32.23726242884093,22.539640655246572,1.0989492365992222,49.151441434417755
8.660093495500758,66.44719474497222,2.2029657929733677,46.324933974077204
8.626193847318103,57.715670754744266,6.07136830325013,37.27252989449465
11.993705637797236,5.891058299992174,1.2759250706496799,64.42404672481834
32.71710027463598,9.002942887225096,23.700788114208716,28.18923158801316
82.93212774825042,16.967830905383845,6.948713132488014,28.99614106041818
19.85917648092274,1.5968945965472103,11.49541874951547,42.15733703943518
21.08563087629582,15.21718819707002,4.040216708018352,55.276279386510595
123.33615147320936,25.063027284554096,28.9890947184142,10.054907012058239
26.605674263265783,4.566576221425342,13.287061016437317,37.00663930486756
28.29443025508795,66.22916355600037,3.9709984637828333,33.978504331033484
117.42196324473969,77.55144921294564,24.736028035222766,0.1335206840205973
4.9747334436482324,16.331789145818593,0.6224009065767904,56.71252632429218
10.21282339681982,5.012738088772187,5.894050762651386,58.91441214000397
40.59731173189417,18.925296693684007,14.920475459179412,22.12998497516967
38.89924857854684,4.3054580551758175,10.878570290205726,36.62856355508838
10.340894656669814,7.315318185586634,7.8657485183696885,53.45691667469627
20.682133745931765,0.6193531733595936,10.418349412581708,50.32538226813176
46.72053972856074,29.261293628005177,5.051986261498306,34.25131770697562
40.296270005881055,72.65468293488453,14.866870708247315,9.603033424497559
4.173204249469165,14.650409436957416,6.431011017153595,52.20193361783774
28.98857208812398,19.8336206965244,5.257412042187828,45.6840493005198
15.490343766123448,17.867186235873852,5.895216092727693,48.278291510492416
9.331996989884129,44.955579859978045,0.5892034768427354,47.358964239021816
39.970793948448964,0.3707540607926968,7.704512902104162,49.43217091474074
31.705201568816566,22.55385471632279,3.1362164486318163,46.73710785339521
85.56219992575654,3.5066803364792234,19.36434918267509,23.127436117258654
20.859670928228823,21.500418822738634,2.539242633271753,50.653635270083285
24.91665141471186,20.881138693450062,4.669572662427324,49.54997379991905
104.99789863838643,33.162556786045045,11.096812811382843,12.184649156207383
57.99824827967548,4.231189936072363,3.8485011627680397,47.96437641830341
20.35532445628138,79.64159369384372,5.448875989154076,30.560717162063074
76.97960578923642,24.363313841559364,1.2787479040018432,32.31553646266998
132.4094490484374,78.1306652870183,7.795999066102264,14.100294062437543
48.55754536841429,1.792763022123317,20.2574412316452,26.871938400422692
47.88949004941019,2.830516248336232,22.03906677731403,30.595230355914495
27.443640077129988,58.99122532748318,7.7509851094608395,27.14525437711486
85.3905667211817,6.827036258032959,3.68559210493202,36.913990448945526
16.873852285648596,20.43619126267383,26.296071771882154,29.34358449597541
116.94120642536434,6.196889308098768,4.701803141530298,36.11102158638768
30.831098908263755,37.098739435971076,1.7762872509636827,36.06115797447161
44.04353795994642,11.649168704653418,28.41499201261919,26.222626384205903
115.53831994634533,64.3376109376964,0.7229579880998251,25.378213771840677
48.65052773762228,30.83795590517655,1.9263944795051078,39.0368461622377
148.0470797783071,70.27654681993496,0.35199224446648447,27.186368649672175
7.4958713674386885,78.78768708249774,4.950450458643389,33.48214401704499
24.210656967382082,16.259139012386143,25.552463165131563,25.377459297420888
28.38636589655273,75.70333363531421,6.710540577654701,32.41693315895335
12.477309992475305,20.13757778149658,2.838041369038062,52.07570730747965
34.75176144292766,70.58744152421534,5.176384731093742,31.815949128747658
41.08184488552358,9.277791594414703,6.035416233279424,42.05477125479859
47.23660111457051,0.9671239564297884,8.00275305264466,42.61710092233014
145.02112058654302,15.786839178318754,5.145260824472137,28.18219160762752
27.088048213378162,30.988488881714115,6.84871477112166,35.380754688207915
30.62867341724096,59.65287111822956,19.07306770339853,10.683224235425177
141.8193158461703,71.48884876664498,3.2811038857715316,25.11098519138047
1.1282255852673617,0.33512035629977566,24.85965520428323,46.69589816917128
7.818107082243753,3.8101730009470343,3.092338001382405,61.91370418564645
104.76119841428094,24.654507790217377,6.600930967280706,25.011496820610144
2.7550767579415547,17.6404951045036,14.726394274630815,36.77711059018337
45.4971571927196,4.490845659303519,22.929724848286124,26.452693443546814
17.26709761224439,51.86825019976642,20.171702117562457,19.433671796936526
17.66761140130264,79.88501269846574,4.8840745219039565,36.87828587608069
33.71467868500123,16.560749335533796,3.4416007739412606,49.929605599089896
42.71925466847895,9.011575728731389,13.296597125991756,28.37098222891804
8.068140052769184,1.4210142678097115,14.9039562811773,34.15954819501357
7.439798470255782,4.537178121467466,4.00595686562023,61.16703690236201
120.9804713272372,0.41348623224691516,0.47122012169582383,52.040780359481424
38.47464665959684,24.60045375490901,20.858939807530678,19.435263846674893
134.57448783257632,9.467658939134433,4.742496522811998,37.71840878759667
37.6980951798392,22.76531268431513,0.1522580287419073,47.43949822735188
7.139281833394234,2.9907609879017585,1.9427544240035814,66.19145859977338
27.212698305684885,8.616828525313695,0.6912732780811117,56.32511710244375
24.106604945992093,56.95589299365482,20.625122771958527,16.9782468972056
144.6707915033888,1.6218409458776812,1.7294826590293422,47.18152057707641
40.41176050046111,13.619490384252492,13.328788160599034,27.50627490373656
60.613001930901945,35.355419189352716,1.266476251071281,33.41822804044816
29.763842055202726,16.091034321968156,28.67522482143008,23.982623288435143
24.72985263818794,9.792369387770986,4.8259305711584926,50.1378306647353
23.707897293953984,37.227501506782446,27.559560360739606,19.852401920688315
66.26522181899006,21.46623947256577,1.7821270113355991,39.62280798338043
44.704715126662535,22.242343133189,8.66049819758312,36.338718790122634
15.56087475316968,23.64344898505735,2.3043520782788045,48.235658418476476
48.18099885446264,21.19028435539123,3.3175016771954526,40.20730306517792
8.698185295166933,61.25124368918511,2.519021807341998,45.711436775483065
90.19519246152196,5.531749965647023,23.456915244143666,23.69520150041594
19.216332357984083,77.60798104291098,7.725086629664916,28.33652605329032
60.46606339078963,24.230899931677722,10.961820562865661,24.22144364165766
11.659377721080816,1.915090407842751,2.258488462833654,64.02800869514076
1.8170374158121227,20.32717410284549,4.203296567632051,51.486348022409516
49.363806465747224,51.6343236195637,5.88387524662972,22.366993914643555
85.51317640257163,16.848611226825586,4.113976914262869,32.56189371189054
94.01207709849362,20.515639826679866,7.851282562943246,23.87816818112048
48.17496204437941,8.366625249613621,12.492379377041074,28.593142534945915
3.9254934226804927,19.748706744175962,0.9281480902331163,57.67500172669173
65.22282139168668,0.8685536480581735,5.644545616604534,45.07450925241579
23.30907955637785,10.726199849302892,0.05028436694872962,59.03463830616684
45.91195433377185,71.52776509826569,6.2285861276632986,26.96182713408791
6.760865685642736,24.051884450930576,2.65815774997236,46.014002160755126
140.39530651898895,7.314911090598569,1.8898519624791028,41.61466591848268
18.935167779057966,3.90653349528389,24.69229960088209,38.0584331366298
12.094691412941948,3.8187607916904147,11.622848251374458,45.35076267038458
19.762965771557887,7.913443283373975,5.644919702005812,50.69199869767319
25.30223462059183,41.588196146344046,15.963317615786405,13.119506263058708
11.422737066564936,57.9176877728424,3.356816167473032,36.27953646620963
89.72912929459056,2.790079986297295,2.3507433500773223,47.43779047265884
103.19329775527915,21.305355168074485,4.2557516862334674,30.390642500931257
23.92455350535946,2.3373090395997442,5.36212275771028,52.7797032069492
82.07121649842938,37.30213666302164,7.760814114652492,15.29985478370538
26.958063833762726,10.802929390397361,6.21531439403605,47.300129017157396
62.18892120803589,71.58492298664976,14.639225378276693,7.359272047231053
5.450680782046435,19.167445595837062,3.1308107096046394,57.13447214324894
2.465449355491234,0.14509422107352732,13.368891744529353,50.55398985638224
20.318320263873073,24.74307226165766,2.3518290460645463,51.66211952283332
21.6038441472098,44.40433050962481,2.589793847895267,37.83288380026189
56.98619206846617,8.316824663258096,18.857354999082396,22.241089823711167
4.389411852907998,18.478116678413656,4.659649043756577,52.07961779022344
40.18467259386512,10.990430750221622,24.426633800870007,27.005006329796267
130.16425898313673,12.84916281306614,5.342516582559451,25.714726151565692
41.747838752605844,22.418784115326616,3.146189261271913,49.3475085265357
116.81806619579052,16.8699107400389,6.379715922980986,30.428566525284747
48.046007346441236,60.41159615463508,20.646772884550153,11.274641796318532
32.83155368539381,15.42210179915987,3.933109728912398,45.968155101315105
21.373326408334453,2.9476577955071055,1.372078583841942,64.38422828292217
120.27382992895869,18.22255339476875,10.418560541250617,15.923769066813126
66.0309039515569,11.674185229094947,4.408003886091554,40.89680104022525
23.25047587632138,13.554247761142872,5.367955856226528,49.84921257709329
26.15489220850744,5.4796086413082925,7.835403166655511,50.04229146707258
13.581659063718481,16.823760006159215,0.4794434649511343,59.231224519374685
20.803533520434307,1.0805787854444748,0.252476392490669,67.33240944206041
34.13355762313797,36.16331777903008,11.723709532489007,20.283080617989803
11.687039601837213,7.742014108786396,6.1609776613581415,55.88313405460852
71.42718093102596,2.799324262174832,21.264593486661838,20.644864433067227
82.01811674284386,8.819211646423893,1.0908303608860601,45.14864887493303
25.5546910736199,63.950776588489504,3.989914646498705,39.398859195654005
42.786862945289315,20.70137432423182,5.907137322289143,37.60887851416879
20.042570838181994,18.60588146093097,4.445782952999133,48.8052297625224
135.83733797610626,6.81327922600517,3.624276546845855,41.065789950759736
11.032552981087424,34.57352755740196,8.6352779238462,33.184178008023366
137.1276988121157,9.027361075183391,19.878092530963098,14.26734797019849
39.92267525255953,15.760023150899988,1.6680483851217254,50.97042843211359
12.838828386025398,39.09879505909918,7.297618304199459,36.729514297178454
26.258169183353008,64.87022285687888,12.79156833988242,21.888376494360784
77.81436404489108,10.206669348160647,5.062634504436893,37.88118296566965
1.5793072412821019,20.95844551483463,26.515898105036605,31.026269504422768
126.0704806043895,23.62903642944742,5.400040708658857,24.462045162381173
36.35283808076951,18.720979711546278,12.797487982582503,25.21744698347598
21.521370516049508,77.0867268307885,4.869521033602838,40.34384511773307
113.79304895796655,21.825890038153418,25.133172086295446,8.46858195426455
37.08420644959116,11.412793918044756,1.6363516603594803,49.72058604962027
42.57685859489628,5.778508550246192,0.2946865368264264,51.2575892625883
6.967803703641207,0.5586233441572802,14.031903672835561,39.42084515790721
12.99066043725171,3.2942722149259,18.800274726522407,36.76696668204652
40.35354519333515,24.934528170345327,5.339992956991886,33.38871385038363
39.11927420291367,56.565459417776836,7.081541535641231,28.172901822836188
30.53900355378841,34.340119024265405,20.565007608149926,14.490350312769195
64.04990097955174,13.892588518007532,15.88360119080289,18.37822227665741
38.83552784775906,62.74298154637,10.43785526240598,18.087771749465418
6.41749633073474,65.19684752520067,4.1233795840553045,43.53936336823038
13.682020893038583,6.512189476433727,2.810511366574846,58.26964029206087
45.4660201039391,5.854860640420323,27.571518294437556,32.12074765412921
44.89595934788329,2.284286014035369,6.08802102208019,49.26301496938141
38.581345548930386,6.105986702204399,20.185654545152282,30.45832787146672
61.30997394238224,18.937058118502975,7.237387500253893,33.33558144203704
97.03240479372064,64.38742847344633,11.518664807670408,6.916285991680046
98.42661981097254,51.04297232575855,18.63575916512061,0.0
32.475446485372366,16.22973211591233,7.833880740289387,38.523524186513484
79.02836773147604,57.800890798630114,3.35225133667302,21.646304324799583
33.58503422029283,15.254464405916046,11.547639645549669,28.75075365484692
12.033525737857653,68.03416752243811,3.1983019803379875,42.64075843737627
12.828139185068189,16.166818828997627,1.0193241504124275,56.56810536614069
141.08242203303962,50.9372886552534,5.293014892259123,17.604736843230324
38.30323882676513,5.9866194883616695,10.767984294126414,42.175137986215354
12.058260715388098,46.36550034360481,9.30964310945994,28.41755940808095
21.960530062485866,15.30117699144389,5.685003619045647,44.683908283026454
41.805885160362436,40.7348278012733,4.862796231923209,27.034999965118057
22.23563884291679,60.88804960327142,12.596254909291934,18.441004132005357
148.60279281964296,0.5730393287409236,23.487304069695917,24.91859037771939
2.844069888882328,8.29225629183464,0.924502371786688,65.0556423394316
38.67365628433003,24.78769220696255,2.148893119283687,41.3819943425321
18.7791476319972,6.50289957538498,0.7810259168681952,57.25640764957907
19.305131890038712,20.285187567516406,7.156962152544537,42.861229030540976
103.4800976919168,22.63671730343539,7.651848777849816,22.52094316410605
104.13353827012672,15.76887495101919,4.788047745924997,27.89468061156297
36.82365873095364,12.787988936571843,4.876012771124649,50.37827959238737
148.9216683420586,77.06474602809357,2.8380074875702137,21.27384270703933
20.5365771745506,55.9284980065478,11.201648157724883,18.890570509862822
114.9863921702575,5.463711538014074,12.195760888907262,26.05875542382699
72.77783416178013,62.567744391625986,8.246642511440166,15.36221463802389
24.130061783076034,47.74342699082294,4.12513493920626,34.830872200693264
40.299627488757906,24.918344257359536,9.76821343359759,26.330408567485627
15.847131088364069,38.130614494942996,6.594658701881987,37.926885869075676
149.55164485903248,4.799387646480946,6.952606520541619,31.572157979113186
24.102052905604125,21.772264250666666,1.5656785146885435,48.63947797016971
33.856031986750466,18.643783249606923,20.65372551866655,23.81289251751212
72.68371023254952,0.46164762233089907,0.12592488893374387,53.21800846474022
88.3534512433977,25.442894189390465,8.469943624725463,12.228275098566442
43.35058034553002,14.495818531671596,7.739411456664111,39.24920271716195
5.549904939565742,62.53477311047201,15.307812331346685,22.781024058908528
97.66204563105404,24.829269739958317,28.13729483850737,8.600346635728641
15.961264889309422,18.24685031606602,3.0956886361418983,53.85506709509467
36.10330321018927,15.161444388588642,1.5253486481693859,51.62744373453144
49.77187580956549,6.788337072712563,1.8639364203675175,49.65193085739285
35.438282761457714,7.426923944911818,15.627188294643538,32.598023252327465
0.48854237095918296,29.954062462079012,4.416613570249982,50.98844101823617
110.33255656445984,5.775903448676487,12.922808448969365,22.827081661311215
49.02841135303618,79.76615248827413,7.694763236214675,24.808379058678092
60.33949366300415,3.152567399685233,5.188816981098232,44.32529885739585
123.5953560515178,57.89101006601502,8.61429713925008,12.475533276392092
38.82237232498623,15.739184879219293,2.775914549188885,50.7329394450128
15.383954473897427,24.933015290994263,2.0154029628531394,49.91909079079301
18.56354602526969,79.09790808829847,5.642681734490409,32.53247758603172
147.60705860319044,21.779676158757944,6.439083983932229,25.314293759319337
33.06713394723622,20.86844886942419,4.318748180341618,41.42428313006793
43.429956409473014,28.360662606763196,2.4311005437665747,39.40824079042349
62.56611455795827,22.26666689729768,27.11212152647564,10.070118503469644
18.58620332011716,23.82777713204826,1.393612069411863,52.60833714893602
53.09706034225101,22.351365317553615,4.8632329943771815,35.64011894049671
28.99147880238625,71.01945510110426,0.5315330545432024,41.14045897247783
40.119801527681624,41.03143699185041,5.935733642514344,27.526072669008734
37.48259158714624,5.897521667457209,26.06995943872147,26.093505568298
28.270796987626902,54.103970552561435,6.635941091880184,29.43748515478031
29.543313369755726,15.754639226364311,5.950101394023122,45.44374926364833
30.15760547331941,24.12579057274797,5.038408861775453,36.48477818296328
0.05560470980937038,50.937706975223655,17.170264947008988,19.487231894542038
39.50152181535307,45.55334433549227,3.2173634163392846,36.12585324715259
33.18355826813241,38.015395133504576,5.582424679242229,28.526137173806198
62.25191425370939,9.799527822674003,7.210541321308674,28.802493292747354
35.107304809091474,22.760277239452904,15.231611186523931,21.093881868944987
29.817324874838796,15.686140245423555,9.131513768824405,36.35932532024921
128.2395808644459,23.103698728417474,8.424902609165926,17.959240364781884
42.239161405844385,8.986125654555979,4.269602987321373,52.15944179389486
9.263842516677002,24.95494698219644,22.190924269297437,29.5924693319283
114.81021272610714,1.232005036193623,7.210038376823453,33.59324493033782
7.127827751655779,58.5046183658812,3.557155314602893,43.09754561793117
22.338607941980342,7.4200051262959725,29.881453310015424,30.8365953836255
59.50565368325644,21.51511225874274,6.925660844200286,30.424250578756034
87.91608639799435,10.646714022078593,7.980571042932284,32.235229633585575
72.99183708616326,21.907416012287122,4.380304536393865,33.51305734977353
28.474862925928797,6.793462912112042,3.7571913866529902,51.12017782473981
43.873600676352645,12.06128675952794,5.747139214270768,38.89319336607324
78.06355798765158,56.392283812224576,28.186821248656507,3.23346321831951
44.75588703532682,5.052107874435971,1.44109621705765,55.44235282010761
16.90422046831307,19.356514210811284,1.9017442081663383,59.66434319226011
45.420505363428475,60.44367714330402,12.074035638225162,15.118232490306376
25.61964103660533,71.85099423190454,1.1851297417790052,41.00732309608299
80.18346608928951,19.378651943214866,1.4718279808872703,34.860955201402845
46.18656979383881,24.754794731291792,24.580284211074773,21.276606754287386
32.32293708189653,1.259074974834895,1.40672564302586,63.853507987049454
83.33678381165628,1.3602531937544486,1.8433653228529971,45.067711051854836
15.116662467574688,12.396000777600602,5.422809474454678,54.16986506587144
29.421562022672614,21.356692316438266,0.9997489452146677,50.75112381645657
58.9825752572084,23.716403942664122,2.2971541661450514,34.833352485913316
32.28625216755268,53.81205838735524,2.7160472581747506,36.035937660559235
14.752035382707811,16.239523615445975,5.376469531083912,50.89774646511229
70.8651913158431,23.85646103788275,28.5775747904687,10.889025825271435
41.46973324294235,64.55404099783891,0.8394737481152346,37.00112505762523
49.29670843124589,28.42224824583635,0.5555826084352073,40.98390753023071
44.371226768518014,19.121197330499587,25.995435565705783,18.133426925569463
17.030208329064582,47.4324629884114,0.6280897456859513,45.88927301853022
36.80177002130328,4.299260046088574,7.213163386040708,45.9735695954193
27.332411009389425,63.77415511626694,7.100640388716543,25.652762216674716
42.784823405314285,63.443977143591496,1.0726621756398655,37.05536619211601
37.11461157434736,6.132762449649498,3.0623247033430667,51.01554649611261
51.90434092742918,7.454932453773236,5.391115191571047,47.017664293560934
18.984620408363345,66.44920343213974,7.421101744425493,29.44812652544685
46.84789115155314,9.946964686934212,5.8485309863876624,44.21220173991382
70.11729671139008,14.627497463624653,28.46651069598144,19.118189020288135
17.103471732877768,18.276897043363714,8.660230731031106,42.46546625207503
77.18607267259158,23.380445254271876,3.189272736540871,34.32479629261757
4.919782485669866,11.88116316468001,7.763222405463255,47.06714625760344
144.8704918239181,21.308886509687127,5.178774867645627,23.089279788623152
86.82954676557095,1.334387354431521,4.478694422828718,37.70219143131733
27.442933253867796,46.545430295681655,6.8523297655103566,31.28391155633562
35.9165587686002,8.14166830695235,6.783604597819326,43.24711664494528
20.519146151781488,17.02444823029409,5.5790681927011745,45.50575580327707
26.236781883071608,0.2741479014111814,7.71032571571264,52.184847937320875
34.85818460689902,24.321415117758573,20.60373095703512,17.806658764734827
64.81007986271274,44.932585299731585,3.3509577578177643,26.659127707104766
0.9055091910420254,41.85517522427479,15.03803928435576,18.816034440564792
28.543870841973813,1.5806084812658412,17.25553354865037,35.58589479714567
38.26581497626931,5.495017799048093,7.533141901899156,43.54966971684895
62.613578629576516,16.493288306518927,16.701756713385194,16.906516804735396
39.18265063705715,60.93096346177159,27.367540311444955,10.826087045132962
42.26649878443634,19.57461623940073,13.287915962749949,24.36414892081102
34.747554445123086,15.85569997034037,19.29484807716367,22.392604431464733
14.990026378261796,10.986205582323008,26.865873352322723,33.22693400500058
7.301050964848127,19.005140613229006,20.96594314391364,34.6229927237198
7.572276096767866,0.09116756961690675,5.369824622853361,59.35882630229604
21.544376183090296,10.743634526891668,27.737750991130927,27.53543156074578
99.04544085197847,14.781072643765352,7.656802567041937,24.37573110069973
40.918032069760834,14.499049513377777,3.8253229062135325,45.281188522761525
8.084727663699343,12.369858873546836,5.806917686611782,53.34315985509882
42.25604257480174,39.91114690644863,4.0908703098668076,32.71005346989104
6.544056927678799,19.777143038200748,6.593433482751548,48.182733179545764
16.816169713516675,62.31981163849174,0.093621014487141,45.18507399191674
4.834727989378357,14.20520851968727,6.910961181049963,50.406126110021006
25.136019504623956,20.594940385875855,11.85720857580584,31.46736062205483
25.537365128878285,14.129331405598435,16.704841419092094,30.1016884244632
11.97809453334862,73.20246687187151,13.110329136183505,20.433981253742672
30.15750600614735,26.399249562284165,4.500182748836641,40.15747297241396
7.563214223133796,19.0631419273494,6.992808504132528,45.892424332362225
81.31820507036352,8.838721355108428,1.7372283986814994,45.636833900833906
26.00817505559967,75.6965384764791,3.5192835512977148,33.5821296743823
46.30297799091328,11.146240854967942,16.21568574966341,23.223358523675987
42.24376554847273,23.459125379756486,1.330075426411172,41.9908873545815
20.368276210641618,60.44888246186981,2.9862288925817566,41.83594704022923
34.28563844123404,8.904463358210526,1.3518509537774266,48.48285137190696
60.64817632847064,29.923363488718703,1.2968748434416115,31.746256211460732
43.576840307618816,13.377669500015084,6.079714066441988,39.496286760300144
21.355622320966706,14.26610456362612,7.494145066976819,39.73102202887551
28.2115908342268,23.508709441754792,5.396030230129901,42.73161407930999
47.67014396910475,37.32726988130433,2.465888407439535,35.71779164855944
14.188795289936223,29.11635518092728,19.74819601429109,22.69043524461958
126.32851902031591,10.319076818719841,3.911147064969918,35.243970175030796
56.43192231935835,23.26778055831359,5.172733470322078,30.772890654537893
105.78101257354345,1.6757019759380682,27.73615448654092,24.503181256337857
35.453025972545824,18.063852415403904,0.8855647655655323,51.37516043218696
3.668203372980133,55.86631092043781,2.3616720070268995,46.63634332777097
60.314676087836105,12.775119088614673,5.912323099987643,36.675582148956174
17.093608301934303,4.238949859253388,4.261061952230256,61.092868219821256
8.16833791992101,3.5202965523249863,21.996969083495863,42.393781758210764
61.00177211275436,16.769000542788348,5.620612559713761,36.115127969084696
33.8088781037717,16.929752349419637,6.084681365420291,45.28972110045916
81.66843560169261,18.220554502318638,6.71952653717531,26.469880141744454
7.868579167495521,11.243135264802653,3.8327353683938323,60.97244134584034
33.95511595722448,21.693684752043264,15.109188777578364,20.925178551128585
130.59701286709537,0.914245309073955,1.1326508153044337,46.225110560307606
20.259857128766484,40.632421785064835,3.8278591660229715,40.04409298812643
3.9857536593642493,10.089259811240034,28.816404663488157,35.39472022077747
40.45118201458382,6.666404803312612,16.93336125115289,23.859502700422208
141.43404426664836,24.22254292785095,6.380298084655013,24.5818872773204
25.750282985486155,10.15031340470548,18.85065167058376,30.353115299779656
15.965681879520744,2.277110372001287,24.28380248520766,43.44983390840757
95.41674701677638,70.69359975614907,29.1627452751602,0.0
35.127025076740345,20.596012879279847,2.6102039292099093,48.126473220341495
125.24024537194673,20.200368726569586,20.32827784940565,10.017301988439346
14.37555996918795,39.63482547279223,5.0649516422802945,39.46490479823703
8.871438473485343,3.268368486446249,3.097261649067483,62.2161014150334
2.7366353462492943,15.041750544089846,1.40158283390529,60.497667715324646
114.48560434297268,16.04438511102528,27.032657692576233,13.439004709434329
25.52162445021161,1.8529793596489514,5.314412802079429,55.828645377941385
14.001866477524471,14.105449425834138,5.376299029742858,50.4981330944702
4.848283548271237,67.89134195606243,6.7210092792980065,33.22491118251463
20.814246427217736,17.385178714732643,1.7359819684825348,50.523532688525215
27.527265030999775,8.193173917051775,0.09692216087681871,61.297284737711
40.13216548978552,11.710238625608968,3.6967745935421554,47.59752128668344
46.427776644706796,11.13236930938026,8.536979929037381,38.726185614200595
77.72584163491861,13.877131261820495,4.548577225121713,35.01071591574726
34.221768053465375,68.88707239908324,4.603735110823896,36.17710908064104
18.376721114576572,23.03493970000491,4.52518050700318,44.73266193381285
44.99166728436362,49.15020418645315,18.423319262421153,6.080111721979188
26.219513466379002,13.130055005769927,2.1496529602936016,57.62909510093
17.34794751887929,4.1744470557252615,20.746427843410956,39.56936135500069
25.90393831194077,21.022224417787125,26.911032607442475,25.674577982201885
21.517158684453623,2.392155182647657,3.0799355818868674,59.857608032934635
30.215649112015992,5.904299562071932,7.048755171067566,50.92215331054432
15.729381670703324,74.40483072986143,6.0920584774121895,29.88371409272628
12.267455484066048,33.73607324601086,6.6269520578415815,35.35950028534609
27.699662775156547,27.574767647882513,7.51369994631967,30.890043006164902
16.993748188403305,17.63756651657843,12.96698977934427,35.603471835734915
44.4095674830652,54.98660933495701,16.534077868516828,8.644206556740485
54.60691696754676,16.317225983523144,4.916149437398799,37.20692474752949
22.610755005085903,28.78238310841313,0.3923991061591021,54.58458064562272
41.81892887051997,32.50481150487522,6.776569101529095,29.50135826313733
33.360616859709054,66.75393646398597,9.754935550504266,24.726315836553297
4.009000704095173,16.95150941969188,4.790739004579749,56.09710080106634
6.277489494923855,33.17846250636515,7.553182403395836,38.977337475333606
81.09730213830332,5.710461420798396,5.562445420818372,38.677286336497055
25.2944339442233,1.8340189879229891,1.6145568655821032,62.07629855889355
14.05022494543568,40.166044332177,2.475208803424283,39.63595025251904
12.426991046371299,10.387052167490083,25.251755109969377,39.28093376779304
12.348058349594627,19.041872634854588,1.45863010044057,51.28764549902876
2.7166017411451913,17.04762916151929,18.194726225331998,33.722807127260666
99.81296741839805,17.853038185057642,6.904591988724588,25.69247890504326
19.399337997343473,10.742520176078996,22.829493668389624,30.830926231204554
20.899204275345678,52.83406441566906,7.086594328372988,34.22640235834736
16.918393296260792,4.13838231734665,0.06944967381046929,64.69140725357055
4.136841780909495,73.74437614913973,7.019872330540268,36.794739379064154
55.81677587209247,70.87232473596687,1.4270000154887237,33.96502625572703
4.175035834933438,14.730022669096327,18.91810849926285,33.79252816813331
88.77643285297498,64.68082458293179,5.0909264813331365,17.37957992496127
23.95909388148655,25.96991559787905,28.646258908415284,23.539805125580436
29.54464715941209,6.786516575524773,3.7631708227517784,50.859494424622916
33.334282594625655,14.296742234293303,0.5674485469680741,53.808978619350036
47.44903335235007,50.72527491129588,3.185194271474642,28.758922330091835
124.67433077981597,68.58682500535392,18.902842631832055,2.1353207692814804
96.06849734821338,63.01822261251357,6.1694535689458245,17.947453253011673
17.281008445039475,16.525676455859177,2.7450844281117286,49.0307477687991
10.076418900315643,21.178936425077694,11.896653105380308,36.66421083409375
27.708900125789672,1.304624799159071,19.676762903410506,34.75263466429163
53.34379855610977,33.8262061974373,21.204535880931303,9.026021931120164
29.91787421488794,3.76842482577921,3.6172860176732575,52.77941852841655
18.86742386151558,76.545425188172,3.902423910950519,38.19314218133402
45.72059729624799,77.86184210184445,27.28544135205354,9.290637686949282
54.758319254611244,21.80074337107167,7.296274936266421,29.683214078145333
3.1197034299138613,21.488192631187246,7.755668534565661,43.315931800793535
18.023725257077693,6.520777000625219,2.853890151136863,58.63884872798725
32.31549668286907,17.603058855810865,0.07250478549315531,57.81427437812692
15.900173748593193,9.878727712440918,11.90360925401515,37.87636242689801
22.615914225915006,6.22549905266927,1.799851324590497,61.133609751750555
13.260118384086272,20.3605891769788,22.150796676061276,26.888194308583348
11.938857288415116,18.689365901352758,20.34231796665851,30.20610238667787
43.83253809141003,1.3354167983627652,2.3212290796797967,56.35315563845945
12.732032738188192,9.468786211016845,19.0015675148236,37.433206066122544
39.282580904011596,21.56010880732723,3.808341175551522,40.131687422298256
15.146545282021462,7.32089056150651,1.065748752320986,62.60080187921951
71.17167784619657,21.45890137897742,1.0384444693270352,41.67292341398834
8.03799480241541,12.252786915911384,3.636028807860816,54.21311171312046
79.59263489802883,27.437039618107942,8.953770710629618,16.21261780633141
29.803196555029754,12.295283058061399,2.370019598821356,53.41066691714135
7.059953176859246,10.1281518334215,9.141274331933817,46.985096446921
120.41043607716368,22.00870489629975,4.358828462688307,29.196976423610053
0.0996067609535134,10.513442251721914,0.9629180942418376,64.58562366922457
22.697941652392988,9.125632600970576,2.7521096661695132,50.46831140036773
46.67065635117274,10.047467698899165,6.140952982612773,41.545737946504964
32.02236369966264,58.52038723059204,5.584602949852692,31.28742816560488
3.3617090045280573,17.46495716817598,6.856943604991214,51.284067600747235
15.048178347340812,7.2662582341342095,5.162447432140842,51.781995314650295
145.06117747428902,8.552375143985644,25.24873119602885,14.14403346379155
10.028232979403494,64.95590126992437,6.252185208494849,38.42540776961177
17.485161487292476,20.36921703367562,2.5743752687008703,54.274341993287294
78.6660581287023,6.735962268702292,20.291983941378124,16.445373946960135
7.684552142210227,9.311673695641831,14.793067079963944,36.58012757098926
103.83841868964332,67.91119232712188,3.7315767180711292,16.660895585871526
27.320353710606604,8.61095721071275,19.467857248373765,29.397901780361455
79.40397100399991,20.847915011525924,5.586295413044733,26.224564061612945
9.731125591038253,1.2037697293300231,5.014429041963784,59.24635973487367
17.61874733048272,19.045327421896594,24.05226058526682,28.584772308858064
139.08241315106275,44.25888425824179,1.8558706965389824,27.959181519518904
28.676447572778663,5.794756940414492,7.201732019044852,42.571352376311545
65.63314383928386,0.2757021067225085,7.889998851775075,42.27101301025741
37.54698991816591,15.407294756361525,1.535374464726523,51.308299462987144
7.694795316992753,44.80115158199769,24.39514476725376,18.887129221607942
147.37425820384937,9.682279341883248,5.853280154048176,31.93542570612073
70.69863030001196,5.675795857056717,17.406776213407042,19.09491248408716
4.43512668785278,2.5633634528161005,6.546984430959157,56.671223555661484
39.158001451395144,22.9261397538619,4.028972248709854,42.635255343787115
35.51757503561661,2.7036485584299665,2.4265849619012796,54.60768520374146
137.94626935118924,27.428582701145217,1.635196951007515,28.404519827003572
30.189772647469386,6.898063826702577,26.848334612959675,34.884618552699315
2.078642952519605,17.36519029066821,19.30469435744476,30.309656827997284
14.459372314797491,0.7445196830230233,13.798961979213708,39.76851704099895
35.96008891361319,50.728437375989785,8.248791106962212,23.298060276527238
32.72556071405676,17.68176814861138,6.86530141745886,44.09361423991187
10.441546774729499,34.53468616162605,0.20866629347777454,48.60020427522916
53.60373774991874,21.619755549997386,3.348828939071746,40.02765154661418
33.46577081817508,23.87746390414215,5.805243709150931,39.622849546694894
32.51275355468308,13.749937137183945,8.31875109550435,38.345162294358154
26.237821581611893,9.156325149961855,0.3354201357160642,61.719658346242035
113.9386421454098,3.5894365862148807,3.8489921869577195,40.15240081281216
40.33467598473696,19.882176119930563,16.94259740693027,22.480419065888174
30.51815039090785,33.363285027791775,0.29569880176448304,47.08004733183536
71.71404040376719,2.055039737048342,3.1748741293585736,40.29808442267675
1.9898563667826275,14.954846962947338,0.5221759885479162,59.401263268956946
45.88236389522167,15.657527369346646,0.5564894678913177,51.155776401702525
20.9466488991973,79.47187878505807,7.846532659962429,26.291207133085774
5.116608976703158,52.417910658825576,0.7562301120039647,40.983275759893786
21.515294744973133,1.1463004593675385,12.005780531505607,39.74063363196532
52.899674433594804,10.907233982342357,12.713452676725614,26.153925013413694
75.41472801278144,17.03023144553872,28.061370205304105,14.472849062239252
14.313993105597046,22.738464247834717,7.300462175029279,42.13475099798715
26.5677315784074,11.489675146986098,9.418395982659725,38.27887568781195
10.894627712749505,62.383974610350236,7.746348466183611,30.798665424789757
60.92794453681599,24.53442760815487,0.9814202336207414,44.57281377429041
52.43909931100967,8.208944628325481,20.99476717020172,25.337370912439354
28.940337725597026,18.85939888812274,5.359312150371489,43.34310611310861
6.010452768530422,5.1628291232446,27.659196011004244,37.54176935590924
25.988697427800883,7.568884265448831,15.41763028285162,34.24313580571814
116.33626109564929,45.74143852944241,0.41282034487184127,29.87533270593465
34.58217009866591,43.81777245133715,6.681975591084012,26.082749207376768
20.120312964965585,18.93774557046265,3.617383644723528,47.66954427920267
58.77176417199643,13.100941746689672,1.3832864239241776,45.57158997802049
48.493941335381955,1.3147867810169633,15.923425170226992,25.95850024902859
42.377381652736815,1.9025263958340588,6.544492482178069,49.070413247952075
7.620800666520871,19.480078419127697,9.618183742812807,41.20794632320473
128.81189399452188,5.100215912769176,12.84197850591217,23.79089416097956
80.37238516318259,9.566028876639287,7.510306113704607,31.569828921806042
49.03805871944258,8.530051809803837,6.626609968741966,36.56091746858266
20.320826828700934,19.175313249519235,1.3907679825852224,55.532129216036616
32.19997716195079,4.1415791869103185,5.000428583762932,50.354644916696856
60.73611184506677,74.79429962798703,24.566813162920106,6.720947208668915
36.35814048700692,10.790387934308729,29.37089136967311,30.079584110562205
4.330988042734702,34.411123333558635,6.798253589921844,39.4786463859011
16.567610936815854,9.497738620603007,15.615980359013445,34.45455760282417
78.19368843417584,52.5296822422669,1.8947202949552757,24.293480372962943
23.211925986961248,11.034001967140536,17.61884280848043,32.37991407714025
125.7469050723103,0.8350751644358612,4.342945119825708,41.454697522171784
25.361740434419623,49.7190226419425,6.398948836228353,27.99606726370128
48.00678022027236,65.36596979978675,11.396216807296252,21.456397735455397
13.26142612513373,23.85864879058252,7.941237978021728,38.08399033844925
36.574317985155794,67.53279539872422,5.314869533237155,27.83031097168584
34.431581465393776,11.664821835890487,2.578574658162183,46.737058068234155
42.423588720313234,8.702388687696851,1.6666628599082882,50.47661902473084
5.677879609981451,24.913051798116808,4.598640214845525,51.18124358361335
25.486303764408984,7.116384837339801,3.050911801452531,58.818142387931864
19.75688716321593,7.453574278703506,4.7666791752057796,52.33037570172171
40.029334955454146,33.077953170826405,9.293806534079001,26.917271447115045
23.69049141989733,19.29524440674989,17.472405908708627,24.558051919325976
83.30076330522442,8.91044637894469,22.254219037523008,17.131403874929145
5.853220649093132,16.403742862579136,6.630333642401566,48.739423569747416
49.607900741165636,9.965724041101875,1.6017279766760142,46.23294355654886
13.408718387245667,5.85190509960288,5.542685873140732,54.07055438995417
149.20921870288203,52.412414849226266,2.9370327154953593,20.807453026270565
37.3226064428557,17.202846906526386,14.278327386595869,22.453974624813473
7.587145647652621,14.228539261356707,6.537811352744737,53.00650556572808
40.54675963363053,13.675703660611195,6.666189473704947,43.866102944722755
12.297886419225406,37.00368578813642,16.726207728812888,19.93935903054364
26.901135268195148,20.243842935891596,4.990458111367,48.1809096251363
19.622909311474,22.9381181807587,2.965617444917595,53.40281823929645
47.418477639445946,0.4042384988629938,5.43907972083947,47.6166462231214
133.9998223243943,31.99156105213767,3.853777632106408,22.469444858118166
147.60796862214676,58.11272489521429,9.631738873251566,8.870856043400025
91.59136542975095,17.209917623172707,3.5048055103283913,32.06550810075561
8.619318105258312,8.113797650812494,21.055938261752328,36.53024296617696
50.02429344345127,18.568271594082983,12.740855790901328,25.411078397115336
23.217512494107083,61.08080187753285,7.541962028005063,29.898465485827476
38.31756402786951,21.288777926234182,3.1550967979331253,43.19500618740948
22.916179729378772,52.959090280750004,7.79442992402875,27.380689419139266
89.10922441482205,30.91682864926245,1.4817257452044883,31.755792841711195
33.61919216458518,12.981585362196107,5.908185972571149,45.66190009876706
12.809575721967747,60.2403347619095,0.5219236334038655,48.085174206024774
38.011392994484325,7.698592691548301,1.4811723339156124,51.248734691633715
46.978429451258286,0.5191971677597801,1.5704623991632642,56.045282054835354
35.46944109121931,3.238165247508809,1.9384399575720597,56.61905109698029
4.029040614325679,62.54966477544166,1.7907391085071866,38.35841026358375
18.77344642332502,66.82130601992769,21.57868551697409,14.426960342609638
82.43136638755806,54.191754745220365,3.50483831718061,23.130211430610238
99.79763025873933,2.0194803468585905,6.101342531101136,39.49653980324942
12.332822342238892,3.229597945218737,5.858792557183183,60.2845154971029
31.17526556236686,2.5016167891633327,29.941029597558412,34.719312335706654
34.465520605134515,11.595743295415803,23.96419414217468,32.409988309486046
35.3185998404998,24.701698549028748,19.75491723527871,18.14922659814566
6.402291947888622,51.92752463805802,1.4031226797889005,46.675395010893915
48.34227498996427,6.464605538819345,0.21493217756658556,55.254262634018566
47.88126422526901,4.8945951715101215,3.535139935733204,53.45973574889475
31.614107681881993,52.53880747716369,10.391658264093616,24.34421953731679
36.86785386938998,49.572963966725794,6.106223079415817,26.549815154302998
67.56264655680023,7.9533132833372715,7.608523521153308,39.68824031667465
21.166757207659874,24.13471759158574,4.610964878844354,44.070013225312856
49.64823980596502,12.881384102814422,14.253911245880147,19.479533808416257
18.31431931032611,22.349459797077706,25.615665302806665,33.002989660274324
95.63168205509623,63.061688233421236,0.17445650012085423,22.085620946700953
89.80871782362308,10.760547702199172,4.472541820873899,37.01678371346262
69.39939562233972,17.080207738689662,5.671607394673256,33.97292027114229
18.125099226575657,8.92221655701003,2.8553192117721213,57.11539111955041
20.70648762644635,4.467653023315221,7.8395219085795675,46.188664919683234
108.88102701562232,66.91211548639913,6.194400942241207,15.815735377690423
36.32308575565024,21.23555673637225,12.79364741216179,26.110977395797804
7.726041499525948,11.81150822134869,23.61739182539074,38.17378987054175
37.23753658149611,8.489121139088219,11.647698358184762,34.7212821964602
34.87357308346418,58.82967315682259,7.08721902146051,27.961135433328877
5.757308919760057,16.372632552945777,6.43756628031866,47.39469681248893
3.763935832583681,19.821113345928048,15.739758855623032,35.98100883241756
9.320990242698729,25.437479970319735,21.496287212145845,27.845851928384143
3.7802520308375387,67.72845476670692,19.51112047635094,18.684937032739036
12.435713629381496,23.383557034922635,16.33157399245411,24.790059681074368
32.548673357547706,15.717108335615121,12.565321755505066,31.47674422430306
65.8286256059098,5.398455100503377,6.837465664742948,38.1027957565759
146.61780248345366,1.2361859169836813,5.272917935198093,39.5133247179136
41.61817698304975,6.893240924518898,4.034979945113218,47.30809116019172
36.4586743774724,70.34612754344761,11.29870909006836,17.7209877165082
75.66616898959144,20.95398003502717,3.0277741185092273,32.5530068000242
91.62170310323145,70.06533998638972,16.652969844611512,0.0
19.191944152248976,21.646036885498553,3.742658714973939,50.74007670031655
41.049050864957046,13.23707205948485,6.809551761414138,41.984335375465584
118.80305189519814,32.2194216101079,1.110323778807758,29.38281978327103
41.32323047460915,70.18469235091086,7.826721862372667,23.6505174797412
15.511764187235238,69.73784778764778,3.0753456538381467,37.389993388624525
45.359751535291494,14.302495424290626,0.4108885842617189,49.13784876580219
16.763952503914787,12.491756093226336,7.79007445794411,48.08957014427585
30.05370834001165,15.256224457245121,0.738966714207173,57.427597762818266
3.3508268875604985,23.15203366967297,29.03928639788669,30.130231677943268
96.94348621540439,14.07995231120403,3.505100570956534,37.912724980112074
99.53176469339087,64.45302828724783,5.266407027235226,18.867995445995458
90.465374164855,20.92519489507793,6.470408849083637,26.46673586780779
2.869592184413677,16.971955809764914,0.8166397357934976,58.359328359906876
11.603928893308252,1.400728331222842,6.312086744438643,51.85643375658459
22.517548945270633,9.841904597225534,5.210719526956083,52.302710253697434
2.6166428650331417,59.16174316014956,21.620429628995286,17.436105436924308
28.652110030950784,22.240034878109867,23.544981295857692,26.394000690613794
15.215379591043215,5.675032483460515,7.292392386441385,55.06280184203614
118.91433569803377,38.31219960268256,26.693238372825732,4.3278336712171015
12.076842085084088,32.53844827857987,4.992167519955711,38.822854138382006
92.45726071859556,23.60665399138877,4.858472327585143,26.57342625110194
46.53361277811992,7.682341081057328,4.491592138488037,48.17941367143949
12.040190803658662,9.990962062348393,12.751740255586611,39.634072462955885
11.643957307590751,12.721906285233366,6.855103633642855,48.66144848087745
39.87795503185941,20.87435183412226,10.851392300991623,26.61592530456937
77.40117803855475,6.892147422567508,1.003723112544482,43.18579566674041
0.27610585618011996,44.509873237114014,29.185397766339765,19.19739730881341
42.421268954526234,66.3176603899445,2.94955529396218,30.831221010666294
144.7427998059793,21.013396998729846,4.419283734944069,32.1400399116532
18.426317186188058,3.836420802704052,1.6770391036107695,62.11939096329886
45.77081007333517,15.212808563133667,4.579785823509671,46.34466615412622
7.98747301169721,22.018714426854736,15.375453820486953,31.966218248128456
41.7912963955258,78.49452577680304,5.395690267554988,28.182035766524336
80.93242243582229,48.22726328208177,13.139194956306946,1.601577356167701
93.80336566976467,7.586967450345475,26.046150334759787,16.083966686649134
8.76856393117248,29.86506573770451,0.2335267239557446,52.16579079327099
121.9022820433601,10.226900864152388,4.250483495114362,36.87199366415331
21.315914699535064,22.89228375129094,7.510957391274515,42.015151439681375
21.889073864980997,11.59663053572119,0.6376379155636727,59.96505759260475
44.01573810744635,59.008717450396766,6.754537931250588,22.699486189059282
27.884434559272638,30.129017838195395,23.16651509037652,16.976907259441226
10.249214770791049,9.610718326684573,4.465141827525242,57.55102610411007
48.329538511165836,24.414683480009607,5.165174338069861,38.31325053637561
24.25473299897701,4.983096473764345,2.2889672625902975,60.85579406600412
26.999268985792774,46.104344222517966,3.927538752823665,39.73088321873942
91.31944788027977,23.019120353057996,14.263384492189095,8.740950521787893
31.29205974911879,25.830909507323742,6.116132488289055,36.279422585156745
52.04016106882064,7.669318783820808,3.1225057004118826,47.6319852436728
12.414373981542298,24.657921056800323,15.382058849138804,29.891356910653265
103.8326372009912,10.158075796139482,6.345917598724547,33.09899777899571
89.80548406789377,17.105241764709262,23.79256516791215,17.534717457994027
11.68452244126818,23.31126052701608,7.469035552264512,39.536979625185886
26.16431246501249,19.100315641643018,4.104980502443663,48.798756663206206
121.89069446047903,8.272714576950651,5.175413583725484,34.36987971031652
59.185033722920096,64.72282909029568,20.144956051193194,7.531380843124951
1.624329834508248,10.474842132755777,7.633910906546349,49.89467416237753
3.268307878219262,73.40421898861143,0.24419372748025747,48.61011231576416
19.408285306349775,7.743964081465515,5.579976082308598,55.10882172576415
22.610897044490358,28.472158817844917,1.6602410833024175,44.853414405267834
108.54859383150355,2.0895555500088925,1.0478552301432993,47.52570781443873
17.66257042510321,10.934032289065367,27.007323646283332,30.130779296276458
29.8904006700757,31.350837634783836,1.7852260083339262,40.80040476901916
34.80780725689626,21.272658053774993,1.6180870214721033,47.06579642221166
138.75630718161915,24.395797244567678,0.6944365897170819,38.98425877546498
31.657568779701116,11.594686393883826,16.113310477686554,31.073950081378225
41.379060874035105,4.040401518257436,20.762022624771603,31.19137681957508
72.80618169000199,8.115431057786934,8.472019070314952,31.6844300274217
1.9469008343832805,19.60154449571197,0.33548532479094995,66.08268236946546
63.82320867853372,5.587357856395999,18.966512573233025,23.89032392900777
28.292528015662334,12.598225193106105,26.927314314245862,32.92890620895503
118.60242239358911,72.77165976205995,1.8198051731703302,28.726162623225335
69.18731844045016,0.7964190632065021,22.119298549505707,26.671467207791473
49.38340039983235,39.41943534578885,5.705231871143929,25.153831315216024
41.27674207602078,4.983753223617157,0.18555312341474206,56.62066773130145
14.7350684942764,15.217219013232949,5.918530675105681,48.29733491872701
84.98954636473987,74.13386240423054,12.160002975895859,10.11070894711099
23.71275104884768,12.214029014621039,22.50090848450654,30.05306577280336
23.190491233718813,24.092179148916276,0.11445991835387748,56.258786242994304
45.304353024063026,8.562499825203435,4.903398804181912,45.63861352180074
30.281894466170574,62.24297155310397,2.5141607857673804,38.81391946930478
48.86419115884647,39.80931740590377,0.9545528311136868,31.82963648763135
11.34892697357605,4.055739277412424,23.60392997178841,40.95669649247228
5.68230193483597,20.439863673788654,18.14344516261156,31.126172876011715
49.16703842071133,11.979233684886045,0.537403450126849,53.68041478067031
12.074824262843393,16.44446018095446,1.163329200740919,61.162713254222254
4.078746280568296,23.264050675889315,6.86344522934827,45.58900857925256
41.32755370957321,45.32823636875705,10.833132620504191,14.905937102780705
49.242059948116726,6.000960469103744,2.455485950338818,44.752097453041046
35.87988828290881,15.922474304137008,7.203656581983859,41.098972614963095
55.38982903937888,17.747385834536338,15.347039839577809,22.319186094868936
3.126314787142287,2.7635341104183837,22.934797764349376,40.08043829236599
13.383421859714877,9.387431033040524,0.9447340655770669,64.51215348164659
18.843344017359424,33.10607971785417,3.288216894954492,47.741216768357084
65.99132450241275,20.840188967206007,5.495096948739188,34.03277219710522
19.95013519350651,3.735797553550477,0.17465501081938495,62.44320210010912
117.85473414181607,0.6202332510641451,18.032833025918,18.753506968094637
16.468963465103787,11.451673476822283,8.699762075714741,45.10944900294916
47.46405858779919,28.722133977408,4.72759168121281,29.53515448751557
21.72654816522477,0.8771902804074999,0.3484606428380115,63.96887571973684
6.562243884119379,2.479863252821965,6.56115254361496,59.03356762999788
114.82091774485559,16.843766156471467,5.656394439383907,29.451694836307453
48.30237525643386,54.40667151910853,0.6842828743956959,36.250072523706706
19.610889671677008,16.345749095691943,2.3299940358533577,52.52640109470096
24.45242002246416,15.342804546355701,22.187699026635443,32.39510934684564
142.73664094615535,27.350953358853495,11.271230736985274,19.592427413210004
120.39359073278308,73.61551180388531,5.882762574513618,19.973194957483372
9.824348347810558,10.682651080862248,27.721510347200763,34.90006593667175
60.74532164418866,58.992061430897586,0.3866571183119287,33.34258765221999
24.1519848779445,8.712644995789775,5.815730755688318,51.4173840782971
36.13688761194023,14.139108139198859,6.268741259338643,42.130043892506905
8.213289896549647,73.51299223533226,0.19536082115145081,44.35079429354623
0.5651268294511236,1.429491363256663,27.410402856929434,40.48183886452707
10.114697457910182,16.802109765151577,0.43738457582043644,56.87404310125655
50.97003549230422,13.967036098430844,6.281448165786216,41.99692840704582
124.4419253813326,17.386890104726934,2.062605567487518,35.74422985838146
69.14896149081194,24.303912738368748,6.568165370172858,22.867253947813246
40.889266492847256,12.9253680971679,10.734782583527993,33.17184771722883
21.701048635437942,9.090693719278924,0.9965403820369243,60.86513898684911
44.54869423453519,15.613965897934861,16.89862919435106,25.828634998549937
144.90693936454213,14.135084798762607,20.03151180063476,15.838677048699587
60.29461447002862,9.856455887393631,22.084810656208376,21.66534867689384
0.7272332833940964,1.4607747713643788,3.816049010861833,62.976165806925316
13.066650894269188,71.89477280243469,1.1755039675681012,43.78166997250544
5.916809546169366,24.844327569198292,16.162184515425395,32.090954465829824
101.74012898249661,69.80838153660085,0.7290573858703979,26.74354318308649
69.84101011935627,1.5195292157350853,6.706765394368839,41.00471353925082
45.39493968898097,17.074110467217178,3.0616502815200217,45.661040841003604
99.22161832874669,7.686554325838152,4.750600791785302,39.80852883402702
32.94509032874286,24.022935788951536,1.2239662934253959,48.546440885128476
17.506262958336507,27.759286392427875,3.7196401889418436,43.4441959829383
17.317299718298063,45.09365949858852,3.63274835683466,39.886940654270106
1.091169838774475,11.438635184335302,14.390667464808855,38.62824399046585
18.369536434853522,6.825719891896484,1.740395440114864,59.50789847270748
90.45195244582351,19.167791860517937,0.8381108614489508,37.87863456498302
133.9408037609272,47.16915484851255,9.831296453331046,10.200006963583741
112.37721906508528,17.18862263820827,5.489800025487949,31.926328278599556
42.571247887254785,3.5922901815433477,3.091586995634759,51.84116621377793
109.08719229742584,44.72183796588014,0.31244943053151264,26.186805483344124
8.739064243746691,1.4537780141600287,10.347698214663065,46.727944696599046
30.646979124726276,49.18138428038248,7.273791436397073,25.177582776604382
41.91152105409003,1.0003282633781085,5.902618618750298,50.67042547403306
28.105544131161476,65.45014884214817,17.088959469289687,13.017674066419064
11.338631265982285,13.985052897456022,7.47652459765711,46.11113246650607
68.79035887984165,52.35762587202844,6.253449663676958,19.756437564895347
85.93389905157872,53.09873045235652,4.201648555656708,19.075557273871485
5.310691379422811,9.728075240375755,3.3824277795905475,58.22992537560556
17.93107909767957,15.214293107650413,10.394125844280438,34.89199206428843
0.4527080790185489,22.61184818203219,4.381485784233153,52.85545496889932
44.4136098255753,18.727889475646766,6.075160734375732,39.14287871144572
110.9467763366622,1.8736003174624205,23.737778017893486,15.805932336561352
2.480295417474138,47.44905656958552,2.8703828572588206,39.5193367529157
49.96036494717204,45.41561426566884,0.694691363520092,34.51385499065661
102.77722090688769,6.234394699897303,7.251570547790598,36.52604565953615
89.68879782249189,1.6298200546172759,26.34334328857012,19.58064219266153
31.033023991229204,18.70797002806227,1.620925605569414,45.61487502435284
144.40947859303645,69.04877237635486,5.705350104002265,17.53020310338968
3.437695321124373,13.634071303341042,4.656861465441779,53.36141741948253
34.54419882754114,8.73317589939778,2.761656806682659,53.91779858926193
48.1405178537013,53.16431496657235,7.103882392373334,21.55700277953759
42.186439635512876,74.24121477859863,26.201699195705572,14.194704819994687
37.673605532979835,74.42887562661362,7.649476539812043,26.837930359123316
136.88010958178202,45.791692178087075,4.824434143459854,21.36372337873503
32.58198802386383,12.604420508451074,9.295187851974518,37.036211467716264
39.64272095169197,64.99010010733298,0.5015651110910726,38.29710041837604
83.9203431271918,5.322932140107642,22.184735734995932,14.15379764697451
11.836023792691647,20.911829791649282,0.53234252086542,55.07895599674718
31.821512477181834,8.581678926810103,1.111465835523636,54.62003895972056
8.125553264872815,16.972575521492672,13.001110951968574,34.44261629365214
127.39361288236722,2.2766545520545245,1.6913041262072328,46.00503568819222
48.59226506627423,2.098791537494596,20.667895500659974,31.032736903470195
15.667395879257157,1.8699161999234826,2.2675379156299975,62.087341157525756
39.4017574787511,23.962906875065144,0.5038232638930644,45.906194326844044
79.49311358038644,31.424677424666747,1.708090944968201,31.297476395637144
53.92919451506925,20.64633585847412,12.459375983704632,25.634227995706617
102.7624456838708,16.672381771758555,3.43172780549411,38.119769774267404
126.97723073855856,6.733922954512353,3.2501656131782743,45.87700721745776
33.08336298145945,31.06344676743116,19.321360825180157,19.944323594614417
14.471976080974397,20.463564497637577,0.0719543425394491,61.35624684568779
3.323166288813606,70.21796837637052,6.439908471808977,35.950101801365285
98.30141128439504,62.65973954717326,5.215464475806004,19.439574330079576
80.97653141429035,3.681845212458168,3.363513434236295,41.034418872942624
60.10282464912585,38.91964217717848,1.4985489576152826,32.906897010305045
47.79900294130361,16.27208712809674,2.4042363977371757,44.29388496727182
100.97570669008715,52.903894277721896,1.9309651040320315,20.551147395389638
34.871013362342,11.817672465907227,3.1297453203313683,51.39819367854042
25.156812929004385,21.009037634632968,1.808895285074068,48.67895982225193
125.0669014281655,41.53174094297122,13.355480350215661,5.6165065116565405
34.23655862769397,7.236229857609233,7.495869718687699,45.393743980327976
20.088940032716213,20.565623191964004,1.24626438351493,52.77018150843244
134.6534493123405,36.4989206915192,5.0424358204815665,23.718770956727305
1.267430213196924,43.87765962321534,6.412066981867807,39.00376862538295
30.395260704535186,50.40254524500933,6.380188379532845,26.61212932462819
62.66558728471939,2.949474985925643,3.602389009949974,46.06963315057041
11.823745611934728,24.239301295913958,4.731839088595265,43.15047284390056
42.099927644503076,7.799288560810519,7.076251517024019,42.75324104540115
124.92171650908982,52.71434590609204,4.407697771349794,19.19305179193777
36.19865277330469,10.106567876628828,4.135005945559409,47.085621910091874
41.92459169215124,67.91860361938365,1.4363509663533351,39.46810622484197
24.91278411317268,8.297657122437418,6.902239290420005,46.971414352139426
44.432954013269935,13.352542252146637,2.018457126069104,46.62398654775368
104.76161006537471,3.4520914150502264,7.9088819390957035,35.61445648816717
49.049368908134255,12.786070847940575,5.312578941470845,40.460481925477225
134.9600174982458,16.80678769085481,5.18669056122019,28.722807351039727
40.89817471745768,22.781128893857495,0.6166562108853952,44.659652765955016
9.266508976435722,1.6313797281251485,13.169846451880833,36.303821122667834
43.67671321226073,20.990612396539017,2.4462945119168813,46.13815677419876
43.63651252423009,11.868194631762085,6.5383540927092385,37.899016296270844
33.46095149624333,2.1189868318830465,6.878998000562148,48.38661091567221
79.79797946622696,1.7486002534657819,5.159858096425134,40.80168360683277
23.610746258097464,78.9246894250016,3.575153280452609,32.61530214097541
47.90590044597169,55.559911646273335,26.527852519978037,4.620106831354593
34.6080670847066,36.84820469840048,9.302914737794925,27.665513537159775
21.992781985691746,14.012718351949328,16.369587663623605,31.05199316802227
5.358600566988803,0.5951510814585753,17.362855923109716,42.40052818630131
14.543842711579124,10.79332059607123,6.612887730815733,49.92784509743287
95.61272089466333,18.214130290831772,0.2232784351638708,43.92032732195338
38.30579663977931,6.0861408507186185,4.5508863788894205,49.208785231641386
0.6077237344908171,4.613376268416102,3.8118610733977176,65.03963163264459
22.343709760021945,50.06500703741355,1.0288028498015347,48.68171761721118
4.30580552531869,34.291925029837174,5.523313127161703,41.8729292402199
15.98604246699271,14.719863229505739,18.40404082714317,31.375450988423466
46.91702284105189,5.4110770852917875,24.333113836217063,29.150231974047735
12.007579801100709,13.278615814116595,28.100081909381224,32.45512513305396
104.28781323608052,14.423053464991087,3.398713584874163,37.82660179834882
1.9778753281306571,55.61332439991614,2.9500017160449623,42.32264314892123
109.37057829514346,12.353143528531765,17.409622584313333,13.753662478190536
46.00190820545263,18.627004279055452,0.2688739217031735,51.4463081445739
22.451888018498085,0.667328964671357,3.4489031025467973,53.98295281335514
91.05048213483565,24.983378070777885,1.6003890652290584,32.82614975184148
34.27219416109508,12.042194216538448,6.82330336211828,43.827742194297876
124.40494512285778,2.6002574432035184,12.645440305894969,23.661330343896964
7.193807769489008,21.270148949186225,9.646317972584272,41.298026756220864
42.47232031128678,22.208145367565553,10.278728132357475,32.40092104970491
9.832679247647935,30.63272177197392,0.9620141878926143,50.74037059020079
26.23361533428111,7.535622794963961,7.140670211116962,46.52441155651989
22.983243520133062,56.46757609409444,11.16766958672579,25.694729327107037
32.09097584007176,21.05096959013803,5.603807210572325,41.985880122118424
14.946307504916662,61.71408500232933,26.0608374640093,23.614222851561628
14.996469873653313,10.86256734298261,2.7828585691207204,56.228934221443936
57.869857670750946,37.03776707812508,4.337264860186791,30.37609856042814
41.584852183788676,0.5539883886130387,6.652437505452621,51.582968239660104
27.987784181919128,1.8329113030191357,0.46424449506896437,61.30495668893029
35.18289296900118,4.185573693656281,5.050948232805095,50.008283207596804
87.9900522322704,8.797626393966521,1.74253215428166,43.0199506122922
133.28935948872294,14.06755013427669,3.9370719391787192,34.42382893453313
89.7634985732753,16.54573224195259,4.376148918213616,33.93508587419133
21.81230131785787,12.744421117587812,19.617147023581268,28.954149911733868
34.68090287368976,30.785355668343442,3.3009574004722797,35.86297700132491
45.86567877311214,18.330120123824415,14.53968803188113,20.479886126923766
47.03450938616159,13.96808520531381,7.086258863357027,38.021692661559264
27.0852406205002,63.60696535160235,2.735441740787378,38.59426066251454
56.40435238647885,14.718986589125238,3.569024075353491,43.42024763863346
62.740807169542904,53.7453888222132,4.014560926882403,27.096369832989247
131.38291315928433,4.4449584641312185,2.3348157273327175,42.04838970171143
22.981637717823013,4.810275947178483,7.914133961747341,46.10204943492086
23.044916910329093,11.265526198256893,5.049681094790251,46.50428422059854
44.06290338815058,23.181621755174657,7.660315512134808,31.809499525465466
4.560305152434518,9.374113726863232,6.340248471251764,54.16992953576776
8.732359294816478,5.6921656482399605,15.9120465986316,40.10591223541378
1.8009409145713196,78.92538993104068,13.729274507762005,24.206690171938266
8.68807965678719,74.84461859151773,1.7439864351074768,47.20948281046618
29.97305698293583,3.646728173847402,6.289524752521268,45.6457480164647
18.50793501277222,22.135969109057644,3.887907956527247,50.81932786037443
143.85782395860332,1.883872405722295,4.687057959916737,46.701678168715105
57.15030243316353,0.5451698281098899,0.3045458491990374,54.60176435120221
35.9349632986398,24.547944612535353,8.202831072639858,30.3839992426284
7.936838168715477,21.512787164686127,1.8965032087814446,59.41116032194577
3.284742947718289,9.332885159148525,4.527175706840003,53.80148039849668
4.8588246885384265,14.652763397453377,12.376059406579195,38.449386471603866
57.58716412240476,0.7903752817810528,2.05586929989986,46.97753621281917
1.5591567530642336,19.403485092288054,6.811768111095019,47.39427987562907
11.916860531399848,4.21422860980282,0.4402217117789391,64.01425799391413
90.93449208823927,30.764219424677396,5.920044308872366,25.466729598812982
146.23653164545283,70.3659952434567,8.04525445602837,11.451347837679048
6.018907475276691,17.239110276299126,16.49305086426083,29.316104090380737
12.995248962141643,16.034170480632557,10.983565607946357,42.120028434325775
20.15193789535661,8.636159645137836,6.468834017390678,45.90871982662838
17.09245209586291,11.508174619445821,3.378074087896616,53.26039115825404
24.890625401714512,3.791674008940507,23.93520281790847,32.313165823789994
54.91585236214276,11.679353333811163,14.405048484546125,25.639089028747765
26.79675394260591,62.98975918259328,0.2819555925612507,46.48740375518396
100.35700744035549,10.843197072399443,5.877907806120695,33.62763811001155
26.666177392980252,7.406393832919603,1.133559338081854,57.65038299305022
3.200317330431046,32.13077202701207,6.5810684425293156,40.547423951984705
32.93916833553587,1.1369487826509235,1.204948480905899,59.956341605955195
137.07971723381132,2.5173400275950772,5.3613815364714785,35.9469136190651
77.2467184033096,16.302849465593706,10.767628424001618,19.128621324922793
23.318729725227428,22.2526368360676,23.625310939940295,30.862275515271456
27.407260136401103,9.604004577312041,0.10995067752765753,63.79107733103841
4.270151508136083,12.119451502261175,5.488607714097359,54.119288405590325
102.51408517696296,20.923471120248905,21.166544331967813,10.938500965468023
109.09160928272269,17.391005392973398,7.5920382933821875,28.35018423822871
56.64053534604974,16.163377469518313,3.2098334478448463,45.95825890004943
98.13827117484274,39.39845006064891,7.494176557496685,13.98633658756828
8.347508951723459,63.35291736748537,5.1364259812471165,36.75900742012098
93.15081198476423,15.334760701590122,8.860253577529352,23.771655565522572
46.95338492564481,21.468781479772296,0.7020917958310875,47.86181633889517
38.54835899772805,3.982075933736462,1.0053003968920464,59.31332339858735
62.027096312860685,14.259652489405669,19.412201587357874,17.40895962066686
38.69975436470045,4.041808388842788,3.33932316261156,54.19166279513062
0.6872777005672626,70.57822182342011,3.3988964641082298,44.23088959512915
75.68315745670586,13.413866775269984,4.689202593304211,35.20951716607176
77.99373296919066,57.85693901529341,17.777583415039853,4.109340608194338
7.807629868309518,3.3844649002775284,5.547057953555819,57.689708063189244
6.475746064140209,23.744983836550077,1.2360144919624272,52.42286273089457
8.3269256748635,48.9711801414004,15.886645209485298,19.400635856417463
36.26631953679391,19.922789143565744,7.77592078864581,36.085456180095555
28.309034561253544,11.241541577823064,4.006650130292816,51.65331553067896
149.54836107332198,38.513780086657164,3.275032654161846,24.072777508875205
37.83757528443175,31.114313301461266,0.37782911732374025,44.49002270949094
16.650095652909897,1.0511199018986173,21.71277668066257,39.85800842099912
5.994554673635605,20.735005504973394,3.282524411791117,53.409885757436264
4.9589049793607956,16.99187827851587,23.89278347561449,31.225650152222265
42.353041349194974,11.397064710602573,11.163390468496125,31.410463560766274
53.37891509482486,28.904405513326257,6.8757262237645245,24.394212578825915
35.464806357038405,5.626458637866802,5.431066935114419,47.84861217078823
130.13715354636366,22.18518684922409,0.678109281796508,33.58466179487293
146.28704940018096,10.759815450401886,21.710025150806445,14.070510081616707
138.28364906780791,8.05483626619907,23.958259093140647,15.851247723177705
92.58931550366819,1.0567248558983637,3.025783244048375,44.85033424689129
144.8425155541493,1.7974854664374011,1.2352808627381213,42.06379644340422
2.2871016906256427,65.26658902258467,1.9337098567305437,43.254961930403645
96.91774960927717,14.774667124203372,4.792572082681924,30.600111008638045
18.006820373575955,9.44970290524904,4.699115795649704,54.297123440199236
91.44298124670365,4.190539096014612,1.908564191565545,41.44202613287434
23.133780253269677,66.01576251032715,14.255592242788621,16.826276084547146
5.071041422460826,40.84863222039597,6.188138018170354,40.8081126884826
32.10158230771439,74.74550672037807,5.1651177581038255,28.53868945496905
149.8421233923774,4.00984687515363,29.78949736224707,20.127057189354364
36.12260576307526,7.75054615540256,9.636064653293124,39.00106624972129
16.176230686851895,20.923483957276254,0.16501305611011485,58.50911866008671
85.02366143270768,6.687796433846666,3.0519600803756175,40.73617765251817
145.44476948529885,19.288661432809437,4.925870667857161,33.80259350074091
54.74156361400849,2.0997375347289737,5.546899493609008,48.19893389098543
71.00473372920696,7.923632215889636,3.9884611222542077,43.598282282055266
12.733188294498094,18.119732529885884,1.5539449714700622,51.65812205308965
23.33465604422042,43.2001537123106,4.461917922648895,35.75527474719587
41.70722985003379,4.685282199594424,29.290987562456664,27.691543747050552
17.750763306812335,23.363951813582045,3.085269518208661,45.3677514514498
33.095681631850574,15.860998529208809,3.4668096554451147,45.60235924404896
24.834771140897328,21.0552520052565,4.353956967868917,44.81792612162609
23.19927087201904,14.637851062026991,1.7858394423515032,56.483161433428094
16.598575236792275,49.69096900978919,5.343861102635156,36.83904774619747
112.72584006359783,32.617872780383756,20.558665480672715,7.125434635627942
2.4989514329839366,21.53406797391417,1.342576752983394,56.772286755493994
17.441026698473966,8.37810666740562,2.1109190083193594,58.546021858047176
11.44377312417495,12.960188618364397,3.6367688556377606,56.82932009707414
12.361553720158852,18.93238930177982,6.330278631403208,47.49019224418027
30.21522099107394,52.41893682805188,7.677889795379099,25.234235296611335
4.067439032094988,19.368040565233542,0.5983053160229215,60.19922995786668
42.78480469187697,24.596148071188644,7.6844118624380835,33.13563330923242
48.45513150704057,13.12193045013956,4.088834452114276,45.70022171084153
27.01086333893093,56.649250959186595,7.152043317850529,25.443207278989163
31.655072863663396,0.9733426822342794,6.046139207594338,51.91455145166782
39.76336559299451,63.64014443045773,7.034408372714871,25.978697230888383
29.410113347419525,2.166964028770768,5.67789754020417,53.069706165524494
4.868836455400211,14.263821373749305,22.587564462112965,30.387392603018778
1.6601554395683282,10.337428426584294,2.401990775329108,57.02211608703285
13.541612563103712,10.959522428523288,14.720752618807694,32.851114954941664
27.034923832245518,25.757058133447,5.242038646712796,39.9380318861247
8.962780595389502,7.94848324267057,1.4290537050150824,62.7745103785338
37.712412984104034,5.266139940888418,5.1571360528507935,50.3841234636226
22.89501475635357,24.215345383648238,5.066029772391913,42.079355932556275
39.919017025917626,52.78368552454917,26.709362363727905,10.679878073329993
30.1896378643059,74.78236311643022,6.59270089736595,31.11278956133692
47.525178079456744,11.859315999365474,2.060552260189577,46.62878661945125
80.14561864106679,18.418755522830686,7.877932857093391,27.862250709637678
5.531586847760361,23.05328313823526,3.6798265080901267,51.68582561865727
45.45162603328205,2.43135539638831,0.3909596696565245,56.08157484726786
66.62005368087455,31.92683289938875,0.5044682046099496,34.943406131847496
31.43670075299965,4.744088953650271,7.601796844747459,45.87993756378753
36.51245947647856,66.89464901023533,1.1780356953491156,40.00717571589892
28.919345850320454,40.76502690665434,5.517509445298328,30.808483755657154
58.427055918076555,19.81254204653665,5.037005746113347,35.68312666251452
37.131799484084524,6.1866932375334365,6.364871398555786,44.48725806860149
38.0944947188742,16.0700877195719,4.884299418453859,41.284765101768265
24.837171400299223,78.4267946844224,24.157040452755144,16.920879045580577
45.42172759396876,8.959190808309959,0.23425107814516988,54.02794282325102
99.62194794899244,24.682888729965715,2.1885725884421934,31.466961110001627
134.1808709028819,5.042613934661045,22.27117526009755,17.89169892909213
17.798633932563078,2.7610781735287775,1.5761270369201545,62.889755150996265
3.3538238694213742,18.594523253621404,3.695584384998096,54.83813332816645
33.121700585053404,19.713796050206415,3.7838996880517906,45.869864460816615
95.53287498086021,13.588505943264273,4.342538896625405,37.07218297640232
25.951614006477435,29.696873067429458,1.6902515079899993,46.26404317720178
12.341193460095113,4.241527031417972,4.272074538457514,62.03779329426134
47.102910974429776,11.697313203300624,3.8385614512595208,45.093070420531646
74.47155970237009,72.57327076867642,0.18875771090561422,28.071522185319893
31.884412344796775,20.77711018391488,6.530705495233951,39.46102087552044
26.99785651402798,17.417840008825706,19.20964782587821,28.65448621798826
36.00556667574729,11.283400818482217,5.261419470341043,51.439058040207414
29.781937030392214,8.371423774974529,2.5586873863357367,54.83488166066625
11.009160097490566,11.190596816638124,0.21830120520452478,65.10765367917165
46.30964932073133,19.35996342543139,7.972432865407048,35.11540290375415
36.730415035526754,67.60978860713308,3.4539499385994095,28.025506183325742
17.304986326889278,4.586606349221212,4.3093799998529825,59.93982006076328
8.049221584368738,77.4078236196946,6.54475916036704,35.988461761590315
17.460478730633046,6.9898592630808,22.552846449114988,36.038644366882785
37.86551035672194,24.195303424788076,6.923336282368963,35.56494380041086
37.419217483811565,5.127343843090248,7.070754433474742,45.313194018383335
17.290304920521248,59.321564044504754,23.467064704737304,16.970972780780254
84.77700976044378,15.101802514976589,13.480042798047704,16.971490178519907
14.815406022799504,5.2131885074796935,7.666474901623479,52.83284135495219
0.700725876302849,5.171025953589031,1.9453405882058323,70.58348289817606
37.56875430145229,47.440779184904784,5.238100228050004,29.6176169533321
123.59353919374455,24.964006212126716,1.1722924063125868,34.1769017991715
54.75177572071104,35.272262894850485,1.3441419063762092,37.13582179206406
11.042639148150446,49.81552043046118,20.95760055896231,22.214914141646908
40.864888498124685,20.64178614948695,1.5167114487817361,47.61671479497524
33.76154187810187,78.75261678121372,4.348484717555758,34.423519940471365
24.226149259551065,47.85808067755673,8.237346917774829,28.515869044795547
103.08590342884759,23.17937094339972,1.7252865072292218,34.3742484664298
45.509806207234824,38.550426924539,5.441763230869114,28.320902944647926
1.0574911674708143,65.35548064494958,1.5284198916758935,47.27373747846435
28.917988155827,23.391378235238612,7.949584241017266,34.354454714907526
31.329625554660513,9.29650288332736,2.4405730998347925,53.92527275010278
145.3124612507965,74.61645197532528,23.350455992978738,2.93158671705707
14.808838277949926,61.48944165014313,10.690517859909674,25.26929886586632
21.134330982871287,0.9847540722421666,14.948474803542902,33.77582856625712
16.51075324357488,7.776042626424598,5.255573913690815,49.21172018055677
86.41210568415053,9.083344547906608,3.783360934894235,37.46800126096125
12.589114791268209,66.6066117004954,0.16382768899519462,47.27518845322071
62.74997266719858,17.97929807105313,15.034656682872795,13.970854815597953
32.375989778508156,49.1360205946272,6.036850925090829,31.66673088763438
49.59813736193217,39.97203404618766,7.771511040292736,21.27333847793695
32.0985750221633,4.2470718790206226,7.163133280640842,48.166106101430245
31.375273160918503,19.908644386991227,4.5354396174374765,42.66107406359231
49.91737556964748,42.55660697379999,2.8024244417037947,34.42476304415067
114.07102247272215,1.304626444919027,2.6065430328454653,44.05097239757325
36.39696534868826,24.86884220154929,4.696826840504299,39.485640548670254
125.67049101114695,10.703201267753542,1.1151293898428056,40.45021234269462
44.557155684903556,58.69636859335995,7.348587839076877,26.498085705339605
11.363481363157574,0.29412735917494215,1.01229506735055,64.73455500818565
125.4940200158329,78.00949332915498,27.567125378270088,2.2323204391448237
30.549049442549585,14.066669516408329,5.405909317228335,47.07698493311211
19.23055379893841,12.208453599882969,3.667310654337582,52.65509871156567
143.3413320449555,12.188189260124997,3.876302001712453,42.82436739390762
2.5712906742125172,27.93319344112239,7.922608756214925,39.26589748328354
135.18879824703833,23.872242750231447,5.047303411726586,28.221505379010747
14.016737627570624,19.463825637963552,4.680978600457235,50.4280257699283
40.197925377626014,7.293097179509022,25.027077755227985,28.049042581334888
62.71824536325109,8.356159353928284,12.695374947305043,28.214690530133137
49.71651513428574,47.866491322158105,1.0628939874201997,30.35351118172233
123.87780289185977,7.448935723958977,21.237494262422537,18.40119961785009
43.482484240608564,56.25952752926413,2.9409277316106612,32.229893437995145
4.419848357337919,18.14397188633189,17.565670498670496,30.17664781277989
76.50349181405474,30.85002731649411,5.6010364996476225,19.9993454229977
40.33539038725307,11.609258004551027,3.97007982433471,39.16475181338041
11.843527948724104,24.080066024285415,17.120090169255167,25.65633565070515
9.329504843658377,42.40609924008221,6.01449661062133,37.689385689866526
88.54704346997354,9.853331070707794,2.8289442336199624,44.603301459813096
14.356897904228777,23.82540440101107,26.202027166501416,32.49948525938547
127.85158800616635,17.98171264871537,6.445593482682256,27.52891075013592
73.54072488415267,21.3900656763507,7.191086030897162,27.45694575717503
35.0749550732583,13.337714653362836,5.81682262170925,43.6330152432104
30.077693964991205,2.09889257677254,7.019587869207808,50.96312451870992
116.69053866842103,60.42127691495513,6.046205913058655,14.342164102023718
52.64469025976675,19.472316127564294,8.225236056671898,33.68347777350276
43.53442277287197,0.15321618284201977,1.5723471642871232,56.69100089157785
48.73965810733915,79.80688763972512,6.543001257481019,26.526624479531705
119.29717937736673,2.76253378069225,5.944609078261408,35.13342783586461
4.073694885647095,5.499778172423267,29.53611510955371,40.16824223221406
87.79683556412841,24.500010389983284,4.612280006145271,25.533478601215805
49.53213685860895,38.11158432039554,7.314908161958093,27.689158320760953
0.5357648847679475,13.430204484872215,0.700582538129841,66.81026785837811
127.54095145924947,73.66563323301193,4.681778300064369,24.112054904830494
2.5631729587999086,8.795672427170286,3.390988048725574,60.567242080323076
31.469931906763126,1.6918384164495843,10.7443477190159,38.57206460078016
11.611234545067155,79.92818391667439,8.53047191005217,29.558332523833112
123.17760950376724,0.8293539438943454,0.6987839078514337,48.68053263512913
135.9665547666475,17.002742460831932,7.3493853806237155,30.336391418839334
41.303381512626416,11.83552826583614,4.107270222205384,44.928127455644784
14.90751781382778,2.5702140433963487,3.7405628929063752,57.35048882126967
48.3367113767554,14.821300122305539,27.88232288480521,20.272390768679863
31.4471423389942,18.094880754369637,9.914144915233328,33.03882274922254
98.2423601594729,20.485952044831706,4.695564519307614,26.409108258245844
118.73899126857145,1.858271808839504,7.767130072464949,33.81523618739703
48.20392082450541,4.426773047898494,2.431615253293665,50.79457160624822
40.87217808692205,15.366070473372151,27.2764669029126,23.777467131602975
40.68975098534743,52.81958759358433,5.141206664644545,29.55019002145203
34.78090732484034,62.31914149903183,5.9432707683904225,27.0788056840564
17.259610424710527,11.629342416415959,9.6050735737204,45.81774297913033
41.149190252088374,2.657645532823785,17.96382860967904,31.94882604216054
42.6642399283601,17.816530641168647,3.802039220864229,43.27579372920532
22.489232441066125,69.07217456705101,6.123667577974912,35.6056609408364
26.863783683401905,24.350780624301596,0.5542792115538067,49.963423978390956
21.684716566019002,12.859581162775505,6.379002998161443,49.57257328299153
3.1215663638890168,9.126266352638272,13.373607573191151,37.84019677577386
41.37594610531515,3.8163245000151753,0.4497993265935456,57.62573307609342
7.974613127067914,9.966482187960302,2.288896185822904,58.27845092159601
22.42227609891599,23.138608146555587,1.2467118784329472,51.60075404749803
0.367652227721349,24.862627605513968,0.2525399712790506,59.720566311382974
76.7209895486074,66.30887633664058,4.626453195581833,21.110607559274957
39.696756672592564,68.56581786782269,2.9945132662694274,34.214411605706374
0.9062020522864866,24.671921173543012,3.9554576066319065,49.645279634359845
48.16972171067752,3.4432075379285276,5.391358992676292,46.464108075615854
13.487123293688352,15.684387610884054,24.6517312963954,27.587852972748387
49.88746945051003,19.63236666806683,1.0312404310530994,43.25387905949819
47.287485111296505,56.163094464726925,15.508877420696608,6.477488506028319
16.57823495335969,16.79107303637363,23.535681543569538,30.50949493324173
46.476457212391296,23.774204661309984,2.486052865628462,43.43491934175687
37.74662698925252,10.215124268081002,18.44760872810052,31.233530343980792
21.30906511179865,22.96809373334576,4.943644168346005,41.16719620248081
12.012250923215195,10.22519341840683,11.535827022185224,41.02693593468455
105.8231750279661,0.1885273178999669,1.4965729216045682,48.74593272525141
41.06297101864227,9.54679380586251,3.8163995017350576,47.33231618300059
45.441324885843116,15.082287765300434,1.287226864420588,48.84303704662815
10.100783420124499,12.85816197274647,1.3714651294255065,62.766682334674435
81.95894262599984,45.555343425730705,0.3178332269175268,29.147936696341155
44.512902650890105,10.068309246674154,6.725969237494521,44.1986514213168
32.88064461501717,23.464721454432414,7.752014993137224,35.24741801342478
78.8211968448106,68.07796453828792,2.2736846953525074,24.392084541943944
99.76495545052182,74.23309374344504,3.750229906248177,21.07935241133263
6.999368836088143,61.53198847533853,20.98057137539498,21.29224259005616
110.30138633645882,20.80564451260947,6.340389930345771,26.267912533127827
15.209935981814043,8.892184747359359,6.351605496841218,55.22630049357785
102.023048910309,38.72370216723838,5.127952929009247,17.496099336752305
2.4071417989176727,4.899468062291692,5.700328444348921,60.741232138631084
88.34811225750425,11.781267915588204,0.6504645864265477,43.29019018180836
47.68518132458539,28.90652119007046,2.127843131147146,41.08040599858338
45.83780015593734,75.28272569892894,1.197485336805106,32.42825470824765
2.121114910344585,24.6599644121325,2.8790240986706745,46.69785645154095
29.807132477494847,48.46129525913448,3.44834732169468,36.220757814138764
29.00444173347273,69.45795194068604,2.5998992764566893,39.60488230085961
138.45719870582627,19.630071697820625,0.2828065683255536,40.08392596248586
8.30924998048746,16.33349811047027,7.016095671542828,47.33357530266437
5.246508920908743,60.62656687073023,7.383849061873182,34.38797433224346
132.6727648396282,1.679629913097533,26.832069648234665,22.742996167214105
15.590806654262979,4.427914216959325,1.1599436625580273,67.3543553042054
54.70611978769474,3.7870528257489546,11.316973149844221,31.22415751617969
48.80069116396068,55.169644563915384,3.958712542558999,30.185721975410853
39.69090519540198,6.060397813621596,0.2980576855023971,55.56689846301013
28.103639720128555,15.70698647663034,3.6769279669755983,53.77929322541209
24.19301094321557,2.061451949598847,1.8383716414288003,64.72330176600005
32.48940233821498,29.289055814449082,7.9800200278495765,29.327578589524496
19.460083936708156,65.24569854720829,5.544702070156584,36.37207271766972
31.117163230862303,13.169222681737299,5.645001761954012,45.350028757325155
19.864364528018363,16.961588726929016,2.081792168282787,53.82443024343898
12.61573680675765,79.83427954899739,23.634753178907964,17.150895704033836
48.512855486302854,35.10138463300372,0.13493745387886946,37.5600947100675
23.926418495976126,14.441449901650175,4.320747368781716,57.29901454715031
6.608982887693587,35.675199660928286,3.1527491885765384,42.25755679439752
30.045600282954304,2.3733002391404523,3.728955354142072,58.786127788686045
9.140669426961296,45.87945565269912,24.035632275294486,19.535430435543823
29.086076373673837,39.49158574285967,1.3596805004493957,42.281160595849
139.00189011487646,7.399815628599174,1.04130875102135,40.59304618481099
22.15168531688097,31.318570009333392,2.0318995936401736,42.5025384710981
22.169000718959385,21.438828177497832,16.565938508179414,23.965510586093252
99.63227712843789,23.761055852252582,7.713807647014005,20.58302807506952
53.971120757224725,10.588102307525565,5.450228242518399,42.636895123142686
8.220276453943937,45.239981379645286,26.176701662913498,17.901876979896368
38.45305665798621,56.666903604392715,5.929084122963763,33.19022326843164
41.13071592568392,27.148004012690585,7.215451672743452,33.17729559969384
66.68297049502628,4.426036026497659,6.02123200969024,45.339715070452705
87.36502963729842,17.061976655921548,7.206988740297414,29.689116402412772
48.74521364051175,6.380780422964135,3.5616969765268696,51.16567260055061
9.367339566339444,5.797528044222871,0.9268163064109407,66.35488308691745
51.835838399922395,0.25584641021893784,15.06642967124743,24.52358254841331
63.42024263263502,8.810775638818516,1.4812134987466647,50.76026332092704
11.55373982940357,11.374007934825276,3.124381173795679,54.697196999981095
91.09329049627583,9.575958760456546,7.668425482501013,33.129520871595446
41.19481908123321,13.025054323708924,5.176280196536697,48.05714522189796
45.3177192547368,19.165566629362154,2.002627550416258,43.271628712886425
4.052310795382397,11.037668582229276,6.461169023972577,55.21011345334988
1.9708792560181487,52.254645706981066,21.121974385564258,23.679883361645995
23.614090208149086,49.955796750186586,5.835359946034054,32.7124331128758
26.727960957815434,55.18357718034365,22.32988491112652,16.647094217397886
58.812656950055775,20.3552724595717,8.652081598337903,27.67715665138394
91.74482838964624,75.7008980481909,0.6333360038028966,25.64091876044749
96.0868735269652,14.731794030927167,28.136978238064653,15.623851828584998
30.956070002334812,65.33928215958619,5.606419850415551,32.93858331448543
21.880156202769598,9.92881249857301,2.992041594986314,56.241022342470124
137.53632399007608,15.799783603286722,6.697404669115902,28.570693534696193
26.57860763433656,23.055771745968244,3.364082864612258,44.083822867683764
12.320101661955341,66.04683932181851,17.683761072369407,19.24425792931793
36.63063496201994,5.315579740482826,18.109710006571845,28.993224179381535
113.74453787179021,4.658336908610183,5.857636356954798,32.28477475561871
31.120682078299833,70.2459402477703,26.202610936827114,10.325050710224211
9.600804237001837,7.500762014887416,1.0205483777234505,64.71770359341679
45.546359224692125,6.965708327243925,2.3466200263260664,49.074909676862326
59.695212359898775,19.523329494762358,9.694076835136752,27.387076785382412
2.9881137089192213,17.982195003807007,7.234130467886948,47.823691708875835
48.62841178248684,9.498903128685212,4.638297268669809,43.408861550416496
45.53850808219576,1.9371449362622861,3.0822794082718614,55.578636776295774
6.404787318310001,17.001525707670915,7.327652763725424,45.76488361602343
23.31497064699094,9.371306819920115,5.829137513472492,51.50887294903692
5.559874115307567,30.758783627433186,3.395500832007148,44.40236965376402
24.201028625470205,51.6290336065601,7.364911183602786,29.376780437435848
29.68903159717261,7.222182484355669,29.93450828843439,32.18973955500881
19.32312821639676,15.218958128238825,6.145097036918968,50.92535741718102
115.71976616400622,9.95641022892529,9.930176572566689,31.56155071514518
27.528531727068213,3.6384882830661573,0.045505788235016276,65.53199502853283
101.30772183680499,21.73647791344719,11.50664838616043,16.70421797115393
44.21032316742039,30.787016077800335,2.8518492692844086,42.764214325411004
73.66331314700088,59.21327301051594,1.2299522286716478,26.79657536926786
50.37196608180592,18.99696760096975,7.372738480106544,34.457072656662156
124.80347393415887,68.3479207682351,2.6578927619748756,21.26102268930199
46.909058626236124,4.455827472789586,5.511144864259578,45.79508847287667
70.62027159017788,6.587786266222623,6.109464803597819,35.43725697519643
64.74530092661796,12.727842312221979,27.97170145184268,17.664234463992976
57.5093645805314,5.619005941470487,10.946607375199935,32.79143856855112
19.391304495846562,2.8101177819487204,4.131556372730432,56.043140130503346
124.33329135656567,4.730940063631206,1.6390978295342036,40.854596309387
48.35633076295852,20.623461995434937,0.8969540013015909,47.808406067479126
83.63127275049555,7.235128267610317,5.483161967276309,34.37650703134834
12.5483330670149,76.31197694282793,6.88476179772761,29.65218500372055
126.92505592415867,1.5111730746317553,3.763307808358479,43.63860122185103
27.960906588422908,46.74086535882854,0.1415452890941662,44.381265704825175
22.490199535221432,21.16957567922073,4.943989827975915,44.91195386434587
33.5546578542988,79.87358479946883,7.2331259912344,24.427679827947102
14.123621318500184,52.668765491335705,15.768927653155073,18.910891687783305
40.00017408818407,14.040403994786374,1.149178920576957,48.945033125729104
31.385402653570893,6.37204891027959,7.3626684933781394,45.16659647812468
15.138756413598358,2.528776447960715,1.9189924722884122,60.18207975463289
34.74765596715238,22.24284300310994,0.5825237566273778,49.137249987766864
34.82149035180536,31.928782345054255,9.110170671131034,27.802709519056513
121.66319367020314,8.122165162030468,0.7981442708064508,45.33089453306679
11.636417445777592,39.52607145984917,7.211345891034767,31.564309677525184
20.273583816520922,6.557896254138365,13.848199176023186,34.46024724903532
19.812100945132936,13.480763183412078,7.340971759653271,43.38891412525798
4.902226905546991,56.82164762607731,0.1404217404664969,48.61938445793808
2.5917899559864512,15.422144581520403,17.116950824751708,31.698629143969775
90.89272357566719,18.13530307982426,16.328470704161006,11.030702104082405
5.0735771433016055,16.69834338639356,4.912123319156682,48.45050590317618
37.75686278368095,39.79780802942671,13.483203979633968,12.815300607081348
78.94978651197196,28.697574956394575,19.520885701690496,5.579025135393091
52.0909512335235,1.8836029393287683,6.200200445035947,45.26571512055083
31.045775888373857,1.2915543957247422,2.736904631135606,53.88627772809555
59.966392207677586,1.363063971956993,4.150095566412063,43.89707410581415
14.898861774792188,17.917840240048168,18.178264076527185,29.19701030195873
9.960984291853825,9.368275563393997,16.094649456907483,34.99713171326984
47.57453550883936,28.66145710163393,5.741822938036821,31.525501868996646
12.419180437160376,21.57567370374059,5.248064867767344,43.706719633971936
91.83833377132714,37.953294835616454,2.985467678909454,28.290674400338084
14.657386513050664,9.070500761783288,18.663460690892357,32.33740834317985
10.977696161490098,11.714495109378475,24.826855080310906,34.18652334533003
25.24557256250696,38.3009247224956,5.9192696927110635,32.388418817512026
96.86516369963852,8.42317187410096,7.277103378453248,29.461335765704924
2.92289936184385,0.10934955707523342,6.886409626657703,59.89729400027208
29.121753844414794,76.21369501108423,6.464716691235185,34.03701439375837
113.42430909775426,8.5056310380598,0.11553683388116376,44.48164199401549
3.7037453605223867,18.41235521791948,15.315623914600556,31.262419065729087
27.511327107813088,1.604887149945358,10.652459687276677,42.73979961158327
143.63525578249852,22.070141979712123,7.160354302379871,24.52341956016436
105.43225980836553,4.932207717926712,3.014141921635293,38.915840507046546
47.5386353865669,42.21440503716319,5.060270150435517,30.165619496011747
7.601242656432405,5.218647059965731,0.3592022177613803,62.315128423672434
105.67092565528539,8.979835059729538,15.735210312673278,16.34470795890574
33.64833111972162,21.790421158221253,5.327724946456266,39.90222253604646
49.20065816052321,8.114466479131979,7.666804504011142,36.56417310634664
41.042450463156435,19.44478951049226,5.872607325549029,39.93045381049838
24.5509881334455,21.875863281131462,0.65852238629863,51.38367352354186
145.6019710486567,12.032759463957332,4.305915585977071,35.52919669818709
17.97455756098776,66.31554000482622,2.0475116614130098,44.90653182463009
94.84852280026338,5.658270993426864,1.7656281644072456,39.7567497731517
120.21643286483125,46.26803220513334,3.5076582443313082,25.113652669931096
28.58861760241611,14.141122059619715,24.03071539877787,23.69651800908135
24.600086471604136,22.886824689337878,4.78035499621776,45.59807174168989
30.53100212208163,1.7703675346441128,25.96421052889136,35.627300334114445
9.057467476734015,53.23645404404996,11.031454242046395,28.895813106697748
1.2905953474743492,22.157393618784994,2.733392319610264,53.80955855777748
51.21798354165414,51.46224959551058,24.642572759484377,8.338385539883019
40.85640710077926,6.1307489557919705,4.819482044723523,42.53394592038341
46.82851090354196,24.730163144952325,2.1327806146433383,42.82937089051718
148.49291084414915,17.825705057227417,1.7552126370990502,31.061515188734795
37.17969580882799,4.432781338066122,1.5005852625500538,53.6506262356086
14.095917779862582,0.724673252343952,2.574164561987976,60.24129716880506
17.475318604340938,72.66613082158986,5.355874886464577,36.01596047158573
48.10292494706758,4.116756562682627,0.6673947376892286,53.25410510907516
77.88719262609649,64.45145334281439,5.910993816370984,22.054180218469735
43.9314993177579,13.573664614296032,7.7335809343545705,35.03446770585427
54.15959562564695,5.254627590538593,5.6466151622568805,45.19919128156088
96.90603402211536,34.71428843135253,29.210748504441842,5.291755009833009
25.093476551225187,24.551115569659597,0.8293530838578942,46.40824017759392
32.0238021087922,6.439193141237923,3.274181829169473,52.08393429842685
17.326208397635913,8.220826172029758,27.776860082782974,32.424263866851774
103.75231002030485,24.937843641547396,19.977970739829257,10.632400567692747
11.215927942676313,60.32797905729391,26.987056955709257,17.303289855497326
59.14829579296471,38.73729570726234,4.777701553487946,26.79314646635131
3.7052711287433535,15.833464546064736,1.87455286438421,63.740050139770766
24.17037179865733,13.501642882104296,18.52198542617139,35.39121830524467
45.205683023975254,70.09351721926961,29.15819794674661,6.969058469139281
37.902021050560826,19.049243614928837,7.30643771967021,39.233860011354224
6.30550708393125,11.618048904968736,1.7809032989884823,60.37597845505003
98.64423871418745,8.65006032430691,0.7744964527611451,40.25777263079666
29.10350655621118,13.031693845601644,4.689131465938942,52.840569248518214
22.670811531213403,38.39284434062271,1.5622972081280766,39.89250119197598
0.8014078227561561,23.569300027631915,13.692752397938257,36.42445457384291
30.832515726036902,0.8745622077015708,6.074155357307135,49.88525297166491
23.53504997455308,19.11409295142755,3.1529166094836842,49.620770904954455
34.45438268741148,15.036777522030183,1.4653252359510969,55.99702433349914
27.618306890861717,6.435280754917636,6.299269027447215,49.605199611076706
20.554780130035326,24.00630813003594,9.727609215019232,38.62278275661312
42.005403921959996,20.07480044667882,2.728353081521673,46.49370994900421
31.47788484458683,15.692510340018497,2.1731290459533925,49.0397760465949
112.92191930082922,24.919064624660226,5.850323088527106,23.364686276462436
43.18948114825017,7.876399232966361,2.3657912396133973,50.09710032935756
21.549261025664812,15.581437741828283,4.673557082676495,50.54210750599162
35.40362888980228,65.07900866614439,1.1122732705470204,35.894909792213575
28.93377042861967,49.1872677138479,20.53159528688672,14.920185224406753
15.230688458668535,49.38260035634941,4.637044561892907,35.27078924642108
37.72846806028683,16.547263867522506,0.18324693277747084,48.477617005169876
23.849169630882688,48.01840126589761,16.19393615708509,11.380649981859413
36.262883020756824,21.149532311150328,11.70843287349578,30.11545621943135
8.072891703212004,21.660378238120607,0.3559554145471928,58.29354005510037
17.77648985760038,10.663821356040993,4.624734710149477,53.343483969370865
102.70709385134583,1.3206161121034177,5.689924734423516,36.63919036952777
43.278119158610174,21.874737375610536,29.937014337993524,20.157800573127563
31.888707092279578,23.11868689660904,25.943187611377038,24.102017987791555
37.14407468339695,20.911147406490322,2.1833507792346714,45.31241838295929
13.403182041143813,3.7096344554369414,18.270117976961032,38.29075648269702
104.15062821224879,72.91226665951925,23.14405319156466,0.0
29.03842918072108,28.108304341343427,2.7099903651155373,42.261496656453026
66.88336066525702,13.057236832779298,0.5602818026493201,46.63502187115978
18.987576145965875,69.18829630039895,7.750128316545546,31.936128904122377
87.72519857156954,19.054277637091946,8.651592880791032,24.451184449143838
41.44416829413047,0.5875605704581011,3.7495205378331278,53.6079966605545
36.446960005257864,11.373376794936116,1.6096107747552528,54.24134057666109
4.0307702584800875,71.11194986676807,2.7499326631042944,43.349267238413844
20.888339108366687,11.6033796799683,5.005385699110069,54.153039382207616
96.3675805773178,72.79496743734916,7.467519913922076,11.570551110155243
82.90057296622328,19.96718427325906,10.910501544549017,15.849131609870287
119.06153123866363,13.542170600843209,4.011102144039072,35.3583327115792
26.064802382706947,16.69650555599201,1.0051278168767714,54.35467828101648
0.9596138411528343,14.12122927498936,0.7849953055956815,62.548007086879075
127.12248152904037,33.07809821328548,14.599387932720024,6.554696120984052
134.8767585281314,45.569965186407785,5.452432585147629,13.920902485225866
78.6866874982794,9.533395428057107,1.3147248098261421,43.64917729841119
11.024310453508768,6.477455134552781,19.93991257150949,38.6335536791948
20.248429368809422,26.825797328605898,2.995735113044427,47.755291474037
17.837666334679465,8.532731012247336,7.555751622492325,52.176930089342484
65.04954980725856,48.48315168050551,24.09548202489406,9.774032768217573
34.798710304684896,19.725122114017367,28.71389100120102,30.206507930489472
35.799234677086204,8.000274731176585,8.895189617325155,40.07939598496223
21.56508531705073,5.491866949867685,6.572068135184735,53.361857445811914
28.88158771722113,24.302399830307774,5.573335295207413,40.346895631892906
3.8867318482492417,6.337654723125366,5.668492548655603,56.44168653329637
35.058493079512985,0.04312055274601767,7.593021447331251,47.02573393242236
43.39591472600111,51.96108022059468,12.581834147763505,11.706493209567022
24.44232901284601,9.559114947917772,4.621644008123621,47.344718018055254
15.770344787400637,12.463621958282332,5.3415820936517715,51.63192130088742
60.239446279317654,18.857058325880402,0.27548775717217744,43.330583997083096
48.26513618151999,21.744214200348146,7.098368084033664,34.20603324258704
10.045566984276121,13.309967180672825,1.071419945325239,59.13791438400369
31.76616733541605,3.6224664826836506,4.094047100457396,50.31146601750113
48.1680160223019,61.37366196137204,3.7278542563052106,27.117907988693158
65.29431864754261,23.30705360176952,7.499194204622889,26.1111614465091
82.06627547364323,31.166250658600788,22.678555210474087,7.0414011676725625
71.38012106627329,76.13090827848058,3.5058199563927994,22.685865993039915
10.505888797010726,17.170530399807397,6.767213339496903,45.307342362311005
116.13381138362126,65.28023450810235,2.9604965029598045,19.10179696672653
17.655144446919476,22.286346828618733,11.481710315827033,31.84739153866389
14.03861812204279,0.5062344947523029,4.9383506116646965,57.08535333157705
7.318699608112455,76.29393594436836,10.720008881436305,29.55921119712677
4.487975028007857,23.90647995068453,29.07675943317142,27.35833682791908
3.0452771617591354,15.99041831080155,16.50187048663971,34.06138041790079
3.874181327774134,58.71422241350287,5.9085683090791505,36.66161171359172
57.222934827247784,13.101811162667609,0.49443391660869285,46.61032103041989
33.288262013268366,2.782858036938754,2.1085111134841394,58.29120744902474
34.729771362664266,14.5846558081937,12.1225316021145,30.610721873218086
1.1797482322764563,64.41334515607775,9.43230323510809,27.261211232058045
45.71494032802495,5.110094369138404,6.079866954390009,45.1752657438673
27.17764305569943,4.7149732817898,7.291156294458271,46.277254993443
4.393324957241668,1.0125171620479878,7.97764115179441,52.768393292607804
48.031348775659986,8.942919123560689,21.56800701930404,30.235836111283543
11.573760688264906,58.66021435322951,2.00389473280978,40.89247759436885
127.132314321685,15.547049097259839,4.931832960303952,28.53695126817855
16.000805654369586,9.87134186009196,10.734783697920186,38.7395063567066
3.551744452200106,10.958319390358845,7.969282369733393,47.64191113378806
109.92935663104787,13.693436108106848,5.064169756304148,33.3603859707792
21.605811840096468,20.708074216046064,2.869094942996603,50.58485743278266
30.335752319142795,44.221097277699315,5.442817537215132,37.57248433507701
2.9041806084099733,0.6386850280401035,5.862373757529224,57.15289153547331
7.124777145075662,22.726813159032364,24.607262029096745,31.38975680817122
122.8470945558592,46.820808419450685,1.723551896894313,22.016790739985375
132.53084024229824,4.563288775216848,2.2462032580819455,44.701144210845705
15.54911608578311,13.625210393098513,29.897530965394107,34.30344117548542
16.412754463866854,12.195337045189975,7.221369362200295,42.84920903969647
14.254758434692356,67.85023906971477,6.703200406887903,34.258086075162915
36.05273304489359,6.425155805560806,23.438697676136748,27.05650132471538
9.493766454795999,11.109559057526623,7.229839809709101,48.93527032691781
34.61771530772071,23.85578393691054,1.0872590583415915,43.94785849122753
49.62573100809857,16.75800164576954,5.874602507959993,38.58462487502625
133.78413809055183,15.03419067475166,17.683291889611088,14.710126451065104
6.91857973602783,18.244315933403936,20.150059956769066,31.486893540844623
10.763452289291713,41.29661248156062,7.411769636477264,31.49162109839235
43.89150390760204,7.0656401487873275,3.6473861896030018,45.660778663114876
20.17404845134998,9.738729112038062,5.774557897684353,49.90595253358693
10.589907494075135,37.16794413548462,3.407067715720234,40.544563566579285
43.47705844296092,3.7273919667858477,5.150095599622573,49.849812068189436
25.900767445425988,75.45738093510116,4.858469943370203,27.401450104244834
18.38915663596266,29.524953987191353,5.781202677292442,38.36257893783472
38.776380834750526,2.2579640074768257,0.7330118759943298,53.98055059351861
98.53448971344181,11.562356850310954,4.029949562997829,37.383820632637494
31.68557998827645,16.33912881702755,21.44539878497861,25.631743430417416
26.515106662457917,28.574464318632263,0.04817632294725094,50.28878413670286
36.62860486051252,46.909542708125,0.4370103101318765,35.179820833912515
92.55558776967175,64.52824629311465,12.867366777065076,6.94272918747814
25.097270256592086,1.5758413124940391,15.241909162424669,37.20228844231691
20.93475716638421,19.84293564463031,0.6306239768816093,54.750261250955695
40.52766653909165,11.32840828696249,0.9936263517101906,54.51947763157223
2.3425954263801563,57.755288567786714,1.2195430752632284,49.173378313997205
145.6835667543063,1.099291040536371,29.04656577638493,21.688187377120165
30.35470180443904,9.366327291331524,3.9960141599916383,50.81486416367155
100.38887967912734,76.38815045193195,12.372554497708721,4.884538921548606
5.052290550532335,10.436401777343537,4.332726226186195,50.990518470453594
40.25466883997631,50.478428001609444,11.673699764734831,15.223112441329802
31.011742448056022,16.861026784171713,21.299761773858922,26.126679690523254
145.39208038467223,2.2724725368636953,6.934262296925256,37.04143042830981
21.242542143404346,18.16851413073299,2.2097453480875986,52.91524844970226
39.12129061063939,69.52685935032417,2.8884775862255614,33.77125248903362
14.109353734660008,5.222222317871078,2.8704310445509353,61.0200924797061
117.85170694844143,64.9433423679054,1.1776018252812461,26.189116347795977
6.331856275918718,64.95894064854576,4.624320893030402,39.06570608242747
35.12420419935546,16.63511981595635,7.604995754162533,39.0576364059017
127.0437802792337,4.386374254923525,4.086263924123838,38.26339038887835
67.07682600033368,15.87487675552309,5.56498242286598,31.50210325417284
37.727143704234116,9.273085627726624,5.540701117373055,45.7821239836009
38.115131225047996,21.364129223531013,25.788161517003267,18.981293927054256
57.424685933054576,1.0174948813451907,2.8757726103147325,47.817008517078555
144.60756180688315,46.81002928354883,2.4819713975008844,23.082455579916104
78.48526766106136,33.039094459651054,6.453088973802078,24.208167948353577
11.439908274581123,23.223668389315584,7.255568025189311,43.08640173802639
106.84722021568196,23.006779940038466,6.51184538538239,21.36264451900097
19.156926412474874,61.768224980730196,5.286650388216418,39.19754484317174
108.47568083373048,0.4347185731358477,12.136377378178713,28.171303682642197
75.20698868501715,9.757227520983344,25.81031611648866,16.131134995947978
31.86007384041402,3.1024219027420585,7.904445748992871,41.658613308814004
40.091294993775755,14.35675950642718,3.0528737438618023,47.78839759216589
42.940838558407734,57.597293625256,6.039513318447123,25.75298744916519
105.41812554487989,17.903191011918437,1.1212513736170422,38.780336012487226
133.32743050287576,40.92083287698949,23.774600516797783,0.0
122.04337022257779,1.7397961849077244,22.122934559894702,19.11962625073002
33.25279945033156,68.412765569864,5.049965766092953,35.11834368145158
1.3304183038842066,36.33906645471639,1.4354621770838571,48.935985112559756
59.44624258010869,59.457681899635304,10.865014819887799,12.671798333780343
5.817924258224794,7.345050720387686,28.78465192874602,40.48589222673
45.00415915082404,73.78136613400619,3.2608656257431274,30.512138676252697
147.06680277938705,53.44357837689269,1.86054832858665,23.815139687863766
38.61223846483287,1.5492751744852566,18.2271937662262,34.50861904735654
39.17347800246338,39.89576771869776,7.026069531513172,26.67283724352397
33.557873668984435,21.011239540970138,0.5107310319128056,52.226451188868324
5.698294355962058,12.331610852627662,14.491544988497122,34.0774696977237
18.0029950965363,6.465469282761904,1.6805996543206243,59.22819046440344
15.168214110708522,9.570605199087595,5.128894211757436,52.18244964124517
37.538482460552785,63.52118232288114,12.976526847680226,15.033657633178022
100.42634607930316,66.0254315899206,5.342468575244256,15.731538532808067
22.97233842029933,44.46975632495667,1.6482189753675414,39.41084392984632
31.243704980349946,5.7735089805183435,0.6126474509409103,59.67104048615635
117.33914790298353,22.627203084706608,6.8273861560731435,24.680095106330423
32.39087229952642,3.2547337300200594,1.9685931382146276,63.85811085180137
48.50584432092161,10.296586634661292,7.145214550820731,38.585631264542606
60.609204994795206,4.177502194140848,28.19107755220413,27.457967426310482
24.90946495869896,65.53642481846947,1.7118106851125185,40.99882447271423
24.62845353766488,39.573942510428566,26.318136723372955,18.24506945369062
70.00089211127477,52.604399922146555,5.297322837557661,24.570197116524728
9.496806822878046,0.03334098726980039,5.378189232197894,57.377459062211905
2.848936349868414,69.66574963752494,1.5160158026110562,43.29414174926429
6.469030848335045,3.8518933118270873,1.5395648428899262,63.70285099824244
75.82643578871635,8.724873382547774,2.229696829975566,44.766890105920254
128.81597881357064,51.12592163463803,0.2671245666318054,31.13143659723869
149.51594102001212,3.998520059173216,5.783200803562553,32.223626978541795
1.827483392404744,32.80174020555832,24.411369437769604,28.229131292301073
16.03667911557856,2.7763111094527337,7.447783313942755,50.84660016361001
9.788899284177305,24.649042110035435,5.4582592368168825,47.93949921206392
17.6894579368218,3.4979744306748524,0.7617446325552661,68.30460376380323
33.21096924944841,73.51782728242236,4.982401107818478,34.46958180284767
1.2002522422444428,2.2312437909145997,7.216154395916346,57.58732445099114
30.910903165813053,17.07403983855162,4.777067881739418,48.43237644837963
51.49985003771367,57.436406999265806,27.178687655585428,6.264823172303962
140.09077302669908,49.520198013942355,0.0288339191062974,28.795137226161778
33.70651477680315,39.26589973716493,14.158316691982844,16.387642696640384
14.82677906438276,14.68416948643715,9.278126387784178,44.59143668635278
8.583964292415175,10.39152503751123,6.691811044931278,46.6306364607867
135.94345828335508,3.7790489547056634,27.022000205143097,17.762325694114864
90.66365268849705,12.921463138432934,4.130527910792943,34.70576565822933
8.061064362700222,14.430055903148936,23.005689997125142,32.359098711160705
134.13567713051987,56.10096723526377,16.73723185543706,0.5789183942675493
16.014937124837125,10.129552595024027,7.5018997591633765,45.92533799460169
38.61337784187529,20.939068366908096,12.43734623534062,27.656219532550082
43.304781680584576,36.60239955890144,2.260726660300259,35.534518398946005
36.574824517018115,18.8375975276827,5.102982664587811,41.28251112358888
23.100290182206635,4.244423493953054,4.0264802470475916,52.67846058635067
40.17404651924243,68.93677531103489,25.902248333834407,10.32631774324945
59.328738472196854,19.822556958240895,12.2892072107216,21.580662507383288
10.31260569180763,17.804699549487307,7.582300118303628,45.67443339863616
80.62392452284004,5.724679632507793,4.235718815771733,43.91618872622571
100.73940938449606,24.22148338669471,5.117314134318735,30.17734757127154
18.415476525342417,50.063845643116366,23.087939528678888,17.44052288915183
19.461523584589425,21.857414005554357,17.373329236540496,30.53443394049975
1.5477895459671764,15.690617523076329,4.844629416246092,54.73230489855651
98.52556041472411,43.81422377840889,27.60798045443808,0.0
30.415975000388585,16.929768091816385,6.939484818568532,42.805572226840994
5.9354547754555735,68.71566438823797,4.784366579736187,41.25104578578599
128.92906546771047,2.214204345627002,4.128140347341039,41.68693919476118
0.8293914463928076,23.449696636487424,1.3185750639218101,54.84727559405072
3.550383226662773,15.673696381043875,3.885079265049872,53.38235982530862
136.90990687247285,2.042598990055719,4.625297604795709,38.144837530008836
31.538521008631033,21.350020587409226,0.36420399839794815,51.20788776427596
6.531719077867987,7.1636849638454265,1.3369988921503948,58.253667859435524
3.4518468455687454,19.099926232988576,7.128825153341622,45.273774274332894
39.48090713972769,3.761213769330407,2.801721041052076,56.34130014312215
29.67482079109257,2.5222200526464733,5.222984743761279,48.52802169913824
15.879339763055834,55.456570998584425,9.615214129861817,28.399528043046683
21.37448439603076,17.87139935501023,4.9931052662248145,47.014828416190525
9.424992639778058,2.697642930574404,0.36715094300039386,67.74108931677122
7.838021432581965,4.825374635142465,5.830091666659069,53.76862052424288
15.23395695490204,10.85177704539951,0.7479440932354464,60.22960631112719
23.99378101519544,9.529375024129502,10.95693479153136,40.56206733777404
4.267483403932193,40.88552790170928,4.988396395341086,42.23132533060076
6.691418149984657,76.600073362448,7.56633017553363,32.36151140682855
132.85302595815085,30.823346181059122,0.764602988308245,32.708706625641746
13.937993620727651,7.816407858880487,6.985472736005058,51.016929446270375
12.550069163115014,4.769806636895968,0.3598491019640644,66.24716662471286
28.033914746947495,2.141604851174322,18.670455569171118,36.24995219201303
47.537235660633584,13.639358668636131,1.4929719325346138,49.339230546477765
21.975584431645505,13.519205820683409,0.0019623240959445454,61.46796992520848
2.457419517258852,11.06177317483796,3.738869817817447,58.49277682300812
22.963259858660695,13.535861915246123,25.566818952167196,28.96246399662516
130.59058425334413,60.296054337558154,0.02774767394796296,29.65756944344576
103.71693216040288,46.68307548711155,4.019534340597774,19.1589781920115
3.654254551307512,1.8068003063809235,25.608800468244233,38.89203913995381
48.76222676419793,14.129938029443778,7.140922672712253,39.304037742056146
18.99895394826973,35.515067150352394,21.83467899258011,17.092709761979552
34.59475988463466,45.88097087277703,2.7966771991163233,35.927087870681554
111.41688503188927,14.791720514837598,28.883294029117074,15.253455513467106
45.16368111194571,3.134472102704691,4.162548865950706,48.675448959799624
86.50836732844007,1.059048298819551,4.887614155490219,36.3278808163683
38.60062381549952,19.788525158330007,2.3347001876837226,47.30280804636611
1.2821032903217844,75.38609641283007,3.0161780045324136,37.38078503488796
32.823930366575134,4.896804626978435,25.088442056045597,31.506141594484426
13.769058712770926,4.722846410842385,0.6025603403564332,61.294024267754686
47.70255136293612,49.78284210069799,5.211065369248116,29.638991472093377
51.88808785762347,21.68363761755281,4.466077049988795,35.61903362614632
17.983778061153387,23.23201629214523,4.463010526950804,44.89318796369233
7.562341436746728,43.802595456518176,4.743242731242107,38.176022009257906
2.83402160829177,2.946502716994254,0.43109478741731166,67.286821209255
33.351842856267695,4.818858047175989,26.111201662643612,32.56177552207995
37.40919560244232,15.704565112758878,23.382375860659128,27.10898325085905
93.29730498397063,29.551112713942928,6.454804809110123,24.42112965547276
73.0638640214264,31.76983193717988,20.225206278530052,9.009441681137934
36.475411432619836,19.7601868970747,0.853520564394171,48.88295310408345
24.918388636973987,3.227408746490834,22.206011947611266,33.242838286530656
69.10518687086828,8.368588294984056,20.238684952321602,19.914782777418647
143.75503374073384,45.57578242259686,1.300041248473459,23.38492064694038
38.73263098965088,17.708973400966528,16.031127925913513,19.26707884185813
51.27654265178974,10.674154982030482,2.1836389411237693,47.61606503417189
10.525346983267148,7.308332782084562,6.493082559717653,55.80626026093354
130.43744141377005,11.61960514843752,25.834273546233774,13.359948668493907
16.140489672392516,22.45647709187061,2.5164979236922598,52.78229930825765
47.733317843953444,8.913905592208907,3.6705034259314733,48.026667885589
141.98709341305428,71.78303015658562,7.7005566990210585,18.302951529068235
7.495462662356983,21.924720774349638,5.624051862682496,50.26168774037114
14.619155520609656,13.875463105132276,6.424369012478988,46.36290171644383
89.14542707944712,14.095437014379275,4.782571028703214,35.4611930747505
12.912219414947918,76.89245763371599,3.80560017004394,37.86975268065011
55.490489091077436,48.40424046404858,7.362287557091342,20.083632962570093
28.46886805911414,12.512372376915346,4.023471496665991,52.32578973773382
18.54705040788826,49.13662953412502,7.080516407333341,29.380992495474395
55.35765596074079,0.645179204780777,7.616194217356584,43.61451038470092
46.329269160919054,23.347335953746583,4.7421657579441785,37.73464845725327
137.13335923402826,15.300023438921704,11.677231249848411,21.05473021253737
6.0512500242596525,0.34954282428411865,3.900128358677981,64.05537704233498
25.63338629782082,10.977894357065987,2.418923139120535,52.31632150237176
47.513961180570355,53.51849729353421,5.28393541056991,23.171339907326182
0.34911309401740587,10.32480150482219,23.84244461524706,39.65498937674711
10.06818910679872,6.355445726667205,4.193997850734993,62.12536756733592
40.254865602056746,40.504157382963285,25.47975245645474,16.66307669878688
44.30856470279965,15.641679515789827,9.945815232659932,33.328398008063544
144.2300937901207,9.332624753072185,6.422792855906251,32.288526505183796
26.379398663608285,38.216816223376654,28.502989063777342,15.405972232965155
49.74096469829755,16.9545646147267,11.233979037593784,23.701778788632694
9.978580794796937,17.53744751414459,20.01667498848915,34.38328578538476
83.28183610916719,11.798448213911467,17.69710835602064,14.153218863240888
40.74698642702696,6.816699756703601,28.007420377758145,25.07663086701811
42.69809834777111,22.217902365318658,28.585962064333568,15.910103123907465
34.98197848110608,6.864317391989916,20.375666546240403,34.42649258734465
8.043014674254895,10.505815820036501,22.70744106454208,35.44104948232714
47.284907350014116,46.33015987986819,7.4131357402675615,22.142970856842823
33.57395743336035,48.756338284991216,15.189472072371501,16.353196762354056
14.242024718873381,1.698155105570656,2.5266519612244567,59.44539678769815
69.9380819010627,5.5853136232406255,7.249285076255147,39.5243300932386
39.33615073667704,16.855914040704974,3.888762425560186,43.08749574629153
24.90978582265695,11.946932641326441,6.548402009555529,45.01241738195548
43.53345170627588,73.0760295244983,12.424972434883705,12.413850234672893
16.780522713492136,4.941773421856724,16.41150486640421,38.495287187226765
98.78766059980595,8.979098465848828,2.2815634102753632,40.33268617311191
39.895707980794704,8.228417638902009,3.206905435891044,47.44082612665851
62.897890792716524,8.71366629008444,6.610453018407023,40.02875957328065
6.5158994045645455,24.73912020594517,5.413485067429188,41.42184527059406
86.54514846532736,7.51477806952296,5.549416291615377,34.84412429646231
39.15807154618486,4.170955860520867,4.078266925932674,50.416529504491386
37.286689136561606,18.92916563531299,5.343212101878875,38.270506705895166
69.1773458293671,66.53427257624303,0.7915425764041872,28.33356436581701
46.991606180673756,8.424119696170745,7.414788345301409,39.56048720853841
18.49066279935883,7.180314278184039,3.3061854190309523,61.85422293086553
26.153271238455964,10.37994097854773,7.557841026608242,43.304483920946524
117.981812521997,77.39222897245804,11.883096999970867,9.181392559694821
41.82210962349349,47.06764997864305,6.093895217700144,28.393946178710642
29.531891699731887,23.626979945195796,3.0170007988500167,40.949248221649675
13.597301970922437,0.6342872010578898,0.7037262481044619,67.62998210053225
13.841389861752578,37.39493339261781,5.817725504149139,36.45983700370041
44.32977207511992,14.52765611744741,3.28353512271293,43.825734005101076
20.37039406773427,56.85188518621226,6.023848591809574,33.56567792331435
68.58320555653425,2.335796671062482,5.24495904355991,41.641211215410635
13.932323211830571,2.314401676302469,7.840792824863822,47.5094710985408
38.38823088571689,17.086318585526257,0.741090949502448,51.10777088516331
17.935776270850674,54.34292143840677,3.3598863876476015,33.99629050277234
43.26478794544562,15.491603790492716,2.7812235806663743,48.11671454043779
10.969469459812315,58.60101925334158,21.75972392973225,19.71587677347106
6.670816776160354,57.40020716991196,15.188552566324244,20.92861089890114
38.18028970798804,19.824841284812784,0.07618684491164895,54.29627732780338
49.000273159840845,8.599015339589188,5.579403665244442,43.69026097360542
27.625048370394456,23.419348738075048,4.2786246259209175,42.659045674999135
35.73766382219729,30.39519014325398,0.3551120096553433,45.97538679920215
45.92607652215606,3.422007992295692,17.084523766619174,32.545599301999836
135.788918524624,24.251434000951736,0.22552252397229022,38.63648612222052
41.012665947244486,10.418726515601328,2.2248899793948516,50.849129460814474
51.49499711042389,31.67786709215748,1.8461230838653728,36.10431037814707
63.47857849174381,14.874208933536757,0.8669976583453591,44.18481640854227
45.38806218250893,8.045687704226998,16.92934037035954,26.672390796899553
36.85662069783196,11.76353715114938,3.348919887798843,50.14183018596799
18.727644351006067,12.131331364830672,0.9225001774560635,57.200323871269234
15.7886575624748,5.101826460045173,6.299405914705466,47.77828060401043
43.083244234955046,63.98714122623511,1.7742040782471253,36.04366482829638
7.193398317166489,40.12922318258576,0.8284235370776765,44.1764444351353
72.149354885964,17.667359508562868,22.98150329925084,14.656141121356463
143.3615377835094,71.73912434412945,5.884864852016933,18.17662833559617
47.696428850129365,57.32726544333493,1.8916766084988454,28.408780831092184
116.3704478926256,77.86790871407038,3.408040635330754,25.44383184204096
40.65710022408627,7.882012827598064,5.101314276715655,45.359855982995235
72.58814129335758,56.8146265718983,0.9058063380097403,28.686854267691647
93.70337254497707,33.732695745799425,29.782158622753137,5.033403989613061
2.4106019430278014,21.91513195926496,18.280495249825897,30.725698173999934
83.96606204814427,0.3164457121040548,22.265721645635427,22.58559562215619
37.37603183732524,5.235495420007022,26.330695199757674,29.060022405022018
40.39229709706293,8.43323827758537,7.199732158369526,45.013883657695104
38.02000336437413,21.922973296771175,15.0962084808152,18.812548092983747
59.849464167940326,20.140923131872956,4.867063625198363,35.86277371553714
101.66642598438743,32.70141292084371,5.69960611769582,20.04441585023514
48.87190921020061,14.013054622377247,3.5278031075712697,44.59722969448015
92.64060564919728,14.111046041345332,0.18097245701680542,38.83761622480248
40.55522831526591,74.61736276458527,3.463576969563218,31.65227137488194
55.204583875613146,12.283727256719631,20.95135497951662,18.15832018112543
17.941524206175124,24.55100218977455,5.614206163900424,43.3881106005629
66.16376937845918,78.99944124948048,4.007841307463223,23.56693042138486
19.891831275107847,77.67972505143469,0.20203649352924735,43.47492870913704
133.0032683628075,9.19580560802391,26.640583135816414,17.68800434746815
31.833484108360366,43.16802291516049,20.927764925850767,11.683182888693697
30.84634591878711,19.252791305757135,21.907633626478333,22.207935265814942
11.953319203751484,19.657738817756996,6.761936830726656,50.03160991767601
33.55064902664549,12.202306506624398,3.198220381391094,52.29540572611694
147.6013925598794,69.5434872138141,4.254856874857315,21.37570375486939
2.8088038673719504,74.682660789809,4.213278608891327,46.17694509644278
41.957330403537625,2.374666124432803,22.247321232797724,30.536967572072857
4.868344689561055,43.25908669988086,0.3940858776858569,48.47518734021886
12.983541947520699,22.39497143772104,5.7998580736767735,44.647909750385615
135.5408162104288,1.9062891086563365,1.9070855372277453,42.98342541477665
125.65385834953067,24.540235683300356,6.488942981925561,26.098379718220944
76.21129720167966,12.50230839455583,5.331649996598667,36.53548121905864
21.590354755388862,52.92129980481771,3.861219346503014,36.31500172806574
18.021341357074306,33.00154572795931,24.36414494847291,22.03208826877513
25.59693153409639,10.912183732692677,28.816529463726454,31.367937520582238
2.980866267232951,78.8846353899596,4.9745926904461975,40.16988358403976
24.26453170308577,20.521332617366582,25.572579701967996,19.948688780043607
2.1579955975288057,41.19369278721999,16.248439129905236,21.76512746036684
28.56064588757586,47.294338749403686,25.032254274804774,13.636500212554903
90.26114383401627,21.699848333402763,6.6438162294929946,24.931165478003308
14.457516722707547,15.105987758303558,1.4366300848842641,59.16563129408008
28.856129301916038,3.9295617902093376,2.3027223446144154,59.93496697479587
7.142098240716593,37.65399416070369,5.90433444011365,35.40976680921711
46.23468091392814,64.58687771606327,7.952447654144908,25.18102224331295
31.676485538044734,1.108671548840029,28.035307521380332,34.98108669866694
32.296394651151964,7.223945478517929,3.5311927286428437,51.451493486467136
17.797888673532025,19.19843879045028,20.263056468231685,28.68956799949777
26.320133046805662,1.199188964486897,15.624809583431801,36.85209104390228
31.015477567673233,17.647666733166457,3.3028741649365827,51.33490947942774
34.78743444923086,76.23841223312135,7.78135032026861,23.934292900660505
5.267274224066659,66.08974151671538,9.111371570316532,28.151074082185517
4.891708032550074,20.849769052477413,2.85182532118266,55.50327225964574
63.63711050294584,23.587588390830977,3.038322091823642,32.03782919811888
30.478216698994842,8.972824774950766,7.914917140414903,39.75186428364177
7.365152213948517,78.0452597553732,3.982071512815211,38.87713123426486
32.516284317346845,78.98534558544713,18.436741016675455,13.953849170170052
71.47445024083574,5.928290059583075,2.0595359609794572,44.31597742100751
26.37898112126752,7.366222576562512,3.6438413791411346,58.91019772178788
0.9195338273733367,1.0129881359917492,4.03236146498769,62.72771318915797
13.534180215086556,18.22594059550471,4.626798627585441,51.38330962021599
12.174114828814965,24.181365563123798,0.9992312425936234,51.99945535900804
97.27933453015831,65.53387776466334,10.161423166142061,9.153481883385918
41.5101442172881,5.345972237381607,7.141328126583336,45.35961733668987
87.8196349528219,67.4402405457416,17.254072466436995,0.0
87.3207369105127,73.38873641214028,23.609105423677143,0.0
115.46211935154629,17.815117106368326,9.486551795343905,29.524967085762786
16.4089741398806,10.233574095723617,17.404772304062497,31.79150889549417
23.077873720989494,23.801460457430267,23.031039124599573,23.978923399917
8.314168437803971,11.376292620203465,5.653596712230104,56.79424313208422
2.4610457270380803,44.723607875464396,1.9958391570541467,45.374798649211016
148.8875712137543,33.374307156153215,23.523194788634605,4.434387744018194
21.383454291208455,6.145678315830408,2.667344011568132,56.58161466703456
43.79415417585285,7.4510424586728625,16.500492945172383,25.379252689469027
5.340035200118182,16.436784221403837,7.3364127363230365,47.92869017979644
72.01098300191634,17.029313760987623,10.954115270963634,21.316816180528
5.844902035418204,20.167869201118187,20.818913243770204,35.619888193372
102.98338889620703,18.612209748731658,6.4570626296933895,28.986143675591183
131.62278518628003,6.385707026152263,12.063263088331174,20.78861898034645
10.622363859773648,77.8103636505459,22.851113709219998,15.87765061400111
23.26028061418591,20.483343807471527,3.473822215943777,51.365768004904915
31.619812823275428,8.980778515543076,5.144748465751979,45.467461592736065
10.34359377111439,3.275363860840361,13.877054600856127,43.39320335030174
0.87491069936943,19.126079749262242,0.7283173536779044,58.63977682552397
17.13654627139536,8.568510339721147,18.90183104437044,34.39953685479617
35.119936054029935,9.76289244210985,1.9883964635823679,52.06913014672004
125.16797670314233,67.94542083760105,0.321923372884954,27.294960361481706
12.99017905320799,16.373193369303397,2.723936692228274,55.88472123837636
45.40092727108312,24.431039125011225,3.354064787404912,41.76274103312256
127.0089031254082,40.25369548664167,27.19650614754078,0.1987103538635076
17.053317552512926,3.4304307902516484,2.423336545048099,65.81855444822111
78.5626599683577,39.7968451826751,5.885509989361636,16.319542807332294
81.44341058114054,17.627828665974874,27.812948493135337,13.276147477182588
131.91073261776876,24.280469749019552,7.291258265105538,23.87084589064891
2.8292828073357814,29.955680384447557,7.312693389635214,40.61967760759474
44.52047586096642,10.496739771757671,26.580021224043563,24.41647599839358
87.8024949434402,29.71850985441201,14.825559097510796,1.322854522789
142.421843484266,36.425154521097795,5.206377133760636,22.025353304384094
51.803200982523,13.99910367864608,6.652290292074829,39.41250717268912
32.8364742360804,47.628993058466435,3.917384524132495,33.63041144410872
12.060072879977074,4.483833981613797,22.53336129984151,38.750900388978025
8.72492431989776,42.85169845961521,5.206441940214671,39.79475378158897
108.9331644947728,79.54824954083614,25.20364477868761,1.344832263238893
44.127993838617364,36.10428308730894,26.744805580198754,10.28252657057082
46.60140527550087,22.920582300585504,7.3476133754169775,30.11608142345616
14.695838025246688,52.85181875588525,4.6145583007300175,39.76397873675404
27.206300098155044,33.405549774924076,4.461961123543167,39.285139205880895
43.11818543733726,0.4293247665592387,22.74954456938032,35.25078450500926
24.60581465397691,65.2122109930433,4.694479781082649,38.11372993891216
30.91425105068599,4.561908277480733,8.296118964492369,45.65019970635379
1.2884799382175571,0.9445742016148784,27.441398341145792,41.92120647173058
17.890704205677444,6.663753011357174,0.8195095181286449,67.2453341469683
14.448426246052925,12.031903762790419,0.9822783849532062,58.97926812354274
27.100764923986304,30.00864957931099,28.22587744140515,19.00964141707667
6.865001635778512,7.80579599051838,1.7531597458606427,62.33443574311235
143.77046153793677,15.304155518078641,4.335164134135862,32.818929725824006
35.48925251119863,24.23325313379151,12.733453254436618,23.811788137218407
24.06720758176618,29.487539671280985,2.9324937589719218,47.17887090166273
1.0467058913366634,18.202612309193558,9.647184824314115,44.52686804665538
23.49941340789683,73.90747903717428,4.182447597378507,36.82816891840633
92.80193524396438,8.654632692840972,1.0513247611300969,43.15505303618602
22.64124026421634,37.933556350462936,2.6665425213219356,38.99499977231854
18.417360689717565,18.54022084858346,4.039014411484796,51.29718154071182
12.589952945347637,19.042033899507956,5.59677162254188,49.487848623994175
6.535518837009974,1.8087127474371383,0.5365250283310052,63.901154388588516
31.33766742711656,78.6684134989263,5.686853387730249,33.998916707176015
1.9464981662833725,22.7814037958572,4.043533253742438,55.99830514547358
116.7415530533831,11.447979179990522,8.354580698730814,29.57042682725329
8.486421428846159,6.837571645742677,2.0155216992729077,63.500895129860496
16.058107631797675,8.03424889352176,9.024506698022535,38.46997110221835
7.098599488049695,69.68028415805794,3.267902025451475,43.69578335748848
33.64358342990399,23.94158687022433,1.2118804368965987,46.52114709547531
39.72577722453743,50.750114281582185,19.618356771451214,8.040254724633801
33.61253436470973,35.25753208726422,18.36495500637129,14.15134625519457
71.45648200928498,14.06925177003829,4.703537907106116,37.7255372716598
0.6410824755302913,3.8897581096251965,3.0248664357246975,61.25702541707613
144.5122448744887,77.05519520248022,3.7853860641708303,17.85729549427222
36.54104824903649,20.563400472836793,14.957465719936033,22.353526064040516
20.80804732030789,11.098624008167974,1.7894047848516292,55.83937224919991
86.48180963078569,21.07997854059213,20.994195521728486,16.814796132430526
36.89754736987961,2.8440615620162952,10.32208100768491,45.06601759543538
37.81068069750884,6.410459239385516,1.2921913783940902,53.07280770570564
3.5348304092183094,11.283418128852432,3.4601037979723746,55.929345987792644
43.86865359639777,58.06033837548801,3.359470707771486,32.00082670428138
134.52255581607398,7.402928265297723,5.961747817569247,32.893443196808235
33.451116866455415,28.975742790267425,7.463648337136627,35.574709776627024
2.2609335053094703,16.160043416644992,7.36689252145235,44.92312175128131
35.66223936114975,36.208660941495694,3.5928835269220194,35.76820649110806
9.66696168060261,30.987324565566034,6.317556101895902,39.950205421486345
25.8141649598837,61.00170827957762,8.177608085992544,31.365266599940952
48.770518384237256,22.589574632541044,3.6457550405222943,38.56274857626715
85.48457234306582,7.291469262523425,7.987079040064868,32.596344442409375
13.280002129435303,0.03009034772544772,6.0484888960443,57.10914933163121
32.70663685139368,50.95500104530232,7.8338687506415665,24.409528581498964
18.47870997133866,63.993633026663645,7.613017806226485,32.65996709210688
101.59458785254233,60.51316276111549,27.86401424115503,3.8146945693533003
43.6680558920719,15.196991096838868,2.2017593875046844,50.14137810168317
25.555681924475028,19.109980064064356,21.13040766391072,23.40380703357489
19.47409474512102,24.995128603345037,2.7682102722139774,50.54768915909223
29.706535767606756,24.804292861210236,0.7248241280428642,51.25310655920505
101.67360449400644,8.07608961546506,4.81478104037784,38.83379877012142
5.988106590962561,13.956913110097895,2.57937732890763,56.49581174778483
20.20701608255165,3.2830812441079353,6.136093552147371,53.47434333215289
31.911220752030573,31.957002762613982,1.9531209495599926,40.30035147472221
10.46530379171043,7.867224346783164,27.832332548756092,38.74406632943005
41.37531599366106,2.788747683671433,20.801323653615935,30.328232514769837
24.625884690943195,76.27935438456842,4.163867315124387,32.75110159012681
24.944407672567802,57.80508584690058,20.789559282274347,15.452556102620758
149.31637389334784,78.65197740820807,23.37651779059579,0.0
62.2583156507183,4.76870659264507,2.36601357810824,48.237025094803585
15.468635893139105,47.07980541868046,26.649162276022203,16.372531899391266
6.323212270178558,17.575792499353287,3.8373374628806785,55.038870357431804
19.427905063517287,4.32306244068153,1.7901805526816528,60.25217153287624
43.218313322798664,9.78192138517364,4.506904380487871,51.12545703868724
6.7729768397345405,23.249619578353368,7.072832183585689,43.69218335784222
28.50305850446825,4.029092197404028,7.524245733455722,52.78855701593984
34.33393058620647,6.429428400610682,1.9187339878471166,54.86375287971413
17.960437349134516,28.37736207276169,7.141992036162812,33.772352518744626
111.34018465221712,5.348071762492943,3.7159413570265247,37.40121343285377
119.54884591776504,30.32996390727961,5.069059498128907,22.332495430845437
56.875095208867734,1.1371635368068649,6.105173681313087,44.83686059025028
146.14175778465733,8.245395221409026,3.0605896465248534,38.68569250315347
5.32991265668859,2.7357601208994833,2.2071905353747825,66.98707878064857
44.74083280302638,67.76662648714776,29.943380350891513,12.984891324148254
20.340240047586178,4.290875435384326,5.158201871582799,48.36050510314648
134.63180127808738,19.865669775669538,7.1211251296129685,23.735839977979246
19.681776013872103,9.098472085101072,1.6461641756349712,59.75800814548702
82.87459883496066,17.942584042733422,3.7200530576986894,31.66088511833055
48.872828159192125,21.40238330590959,2.5220099442112405,43.45964242880574
30.217965985738555,21.888916358740158,7.630165920608032,40.03522777871271
28.671894406164306,5.661617291934872,5.212687218142442,48.64690361125205
15.82343920307493,22.442630661814512,4.3135269657802535,46.36481133213395
25.704772127562986,20.37684976706525,14.256675302082437,29.416444442810924
46.5745193459463,7.006632504360708,4.0741943340994675,47.87027385800119
6.192301335290873,13.953353953205374,12.929475032134672,35.00486749305256
43.86752265664193,45.22292373949942,1.6757474544418844,33.28017423219537
132.82735648159883,18.385350637675078,5.249405047731336,29.86316423955193
111.85851490721154,6.041780649315026,4.7643942432468265,39.26087117512317
48.82448305739436,18.231299328210365,1.2426397385455044,47.655727346398734
15.22452121770152,16.88386567521648,7.652852043708576,45.07988591233535
11.403988597446624,8.077218682363807,14.174821625727366,35.47909411490869
11.645091932474083,8.11876522418005,21.554513188271525,31.517652325938172
35.802498662107226,2.4716584614003665,5.939011062981104,46.26023607385187
11.265846497561755,14.384251620642921,4.155780934874605,52.55626112469019
140.14858511007492,16.675038317021617,2.889100136845796,33.36193201470337
8.133040755274257,0.9176995701157098,3.8580299084849736,64.25596263423625
69.90823128279578,21.539107106248913,2.548148612682273,35.43582573575443
103.7379190443855,4.733693090746466,3.241171506864717,38.89796036051986
34.834449393659845,24.94460969550162,0.5808868207686411,48.351364594028446
77.96014326451318,69.71241410059633,5.313150057930938,18.569156624096745
81.61048879408956,10.18995834580453,3.092401477799508,44.75196751564702
4.69909699204345,18.652053914322327,5.413023542450399,52.10717635255552
48.738004066809765,22.87195951543426,0.9463911203257718,40.16718817399846
141.0797911048868,23.91245311942746,3.107080357173925,30.88379046771013
47.18079600837994,12.87449526620862,6.00843032970827,45.93122894124421
33.606777370293926,19.051791335993144,4.272720485790116,48.7186851655668
91.17476675902432,10.367253854144659,5.557376867832426,36.04170036409888
26.00340105889054,24.14478825267419,4.778327996489649,43.93979159075874
92.88874313502106,74.07269729718794,6.147849834298448,19.15326111822879
39.89068244293173,1.7131496899247034,18.502008536452472,27.59201033582585
60.69912611746233,67.12262928163445,1.5118016109663355,26.70896245209132
3.322192217788744,52.146759126970025,4.505866469948057,37.15084716278801
100.67700407177881,16.10720391319447,24.944117324306145,10.948152834685509
30.3544789359377,8.736191019590708,10.272109076183845,41.47358231301505
46.537866280178235,8.492863595902108,3.49890450281422,47.9041048842081
61.33870955525725,62.49506403803239,4.961638655526873,20.579715840427706
9.960763744702655,5.418942783049624,5.350404792267209,56.180874198820035
48.95524690075773,22.101752735393283,0.1415353849691865,46.10187190648528
43.23611881275266,48.50049394700302,12.293367332489858,12.755057206251529
22.99002118846601,24.719010147356542,6.756569181348538,35.70168144440441
121.02433419272592,40.026100742014016,6.535204757479067,18.071774729169036
3.559432423011449,47.23296657117136,5.123248935357393,40.13249671983365
29.870655108515415,63.86084478776489,6.162688973574579,27.6281389280456
48.830881865750456,23.22790881728314,7.741313585171366,32.578291747559106
37.943406720897485,50.413289104204665,21.74650736825757,11.637297467506071
24.823057617764988,14.84131448617026,13.973488961835445,27.102476661511744
21.617311320167364,13.606347733771573,13.27012968004874,28.354636944276542
21.507136604841314,22.87039939412452,7.941898435803895,41.288495418905114
4.210650558854917,19.3272535404278,6.608656557040185,43.53395536835657
50.040154402533986,12.725086137065455,3.3124955217067313,40.993643097780776
145.05920130759384,18.068181951115676,2.9958231860367004,32.82281244622027
6.1623729066275725,29.22067325598909,23.777297427843838,22.736147658150696
17.129554140556593,3.494291527337362,2.6090586161293263,55.5761191009864
38.050299147477766,48.609073102771035,1.747763448155709,34.875809690921976
56.77963958281126,1.2743508947915343,18.222086831007495,25.389954217439442
77.96738565464432,23.196056665154863,3.4925689864687284,29.43784671089802
121.11218170152858,66.05304168555364,7.927457303572433,11.68852132932994
6.259289610127522,32.09905159187562,2.085012106696605,47.38439984988697
28.563023496854868,2.370760971102534,17.77771155189391,35.937774398399725
44.82873292345051,23.83230990915725,17.619599015028026,13.721060789494775
7.810075396529964,2.503582193458778,7.4770138602206275,58.19466708948638
28.580382474147193,9.913480689112102,1.5931769321609313,60.77820543710507
138.77515246716882,30.437913527950805,5.789635407736245,23.211839101347465
17.15133562950122,54.31738083387207,1.6447172899779483,39.20237052887687
34.80103090268961,4.003206004616006,5.319883627909442,53.36211664697267
68.40410348214468,78.78158980304313,7.5856564945237155,12.877942629143536
83.41364118761734,12.070437358760277,7.5244740860547585,29.836173282382056
30.760971911550545,21.94581508939536,6.517614072533236,36.66273025924201
5.048905340888055,21.228306199712765,6.246517048682365,44.76671738392541
32.260928792233194,14.066352991782729,5.4419366761354455,42.795872693246636
143.39874185126172,3.361426019176611,28.84429974830194,19.490808523600833
35.36193171566993,23.250670947204057,1.1901486095232459,49.31349613673393
26.69837362738819,71.68053459262457,6.157315907989264,34.21027606469022
18.672897256635263,7.569339808917311,7.213307317414063,52.890400785980546
15.4234140744742,5.309266382562444,3.4849585021595955,58.587136245303924
48.14634376187899,5.2513230044826305,2.5235557286551824,49.16331742220542
5.012278186143831,67.51134471978656,16.42097642196864,18.792130256472618
58.852231521472845,19.74779250557013,7.362066000894194,31.38271564467154
47.89729299630688,13.485858887198402,6.921151851502425,37.474120645781426
24.55478646915826,44.754495780761516,2.250074324201038,42.53494802566445
8.29774476478925,79.09212631898762,0.01996362880663316,47.44763224638488
48.653908148616644,73.10187340130383,22.39359813684382,8.96639183445009
34.05589269824914,55.01774342737157,6.113948123261187,32.44680471757085
115.82837834261574,9.680446426980119,4.796078635375155,39.00873833075011
139.37741877619447,17.36354935093185,19.168274253054598,13.0705850224624
34.211651325607846,12.290333621008267,15.396976247865943,28.92424706825024
33.84100218150235,14.13829692310144,5.879319057276534,46.58670027116073
16.4332272684958,9.420490153699271,3.4908105917055137,57.782021976757584
106.48191628863961,20.855960741016,1.8639759044236204,34.09204125989854
33.33002395233096,27.913152308534055,0.644967617406266,47.489063116805006
26.918155105051138,17.43653168066817,25.53359083315885,25.087783905818974
27.828921425107666,1.0029144572128863,7.11021620402358,51.649699359049286
47.236812939153985,15.844710488625054,4.523187881175716,43.69507277570817
93.01759084443131,3.355960477343589,5.309646558366171,36.400340304361656
103.21179724587827,2.391589660471041,6.085717022957313,37.53594178014098
42.32261458672591,23.646110226567878,2.3466266656520816,41.36469561215717
5.876312338855244,21.309133731551093,1.9804965350941242,57.038951382072
19.659760051396113,7.666715757827911,4.85345236953033,55.51794199009687
110.95285097540636,7.287923203779808,3.898834967029086,44.18939327001566
6.504312006531599,10.480000181768363,1.7485422929001757,59.2412794613453
11.680387552495496,63.73448077511902,2.075726164487465,41.48259929282228
8.494353660952864,24.1569062974349,2.1284975225993987,52.942682946210994
125.54372725155811,33.128127341307476,5.803325046291611,25.628675956703326
101.84929749422405,21.611922590445705,5.155618913317919,32.84574796356754
100.83116942766945,22.163266767629196,6.688173267567783,25.21199593458861
1.1973132635241746,3.1843009008340224,4.52233927614318,60.57545375288851
78.78795033348446,6.222459629829799,0.03687948778534533,51.15798814722772
76.38060749463575,43.20523847907498,4.875320829264793,18.571459943224554
49.69241944498491,2.298448398020941,20.420389105904448,23.14597968441116
99.71538158828716,4.830899787121679,3.966021029282839,41.88717097579325
16.770340674817348,16.410328355741825,4.454315815350773,50.578303009094945
30.026738410320743,45.9820211283225,1.012520190511843,43.077060934719576
63.39412194000003,8.280345365578034,22.42432266488734,22.43377754876572
11.71625328252634,16.850654478153317,4.128042337390329,49.0607314442502
46.659645852450915,6.297706634185538,4.060883066201407,42.626814798363206
20.096545680462107,41.04870556980489,5.655745439301246,36.56433277272807
7.969744238570109,11.79417877874559,26.515094989608404,30.458569170819086
52.25043274286865,18.636675955176383,17.404299201437304,22.949509793866504
121.74035554052102,23.47993582064405,4.931164198214874,25.45077295702843
69.15213220501482,21.025690943935295,7.076569651310138,28.67411487975992
127.73021481439183,15.513979885474965,5.537870997163366,30.72489572363893
24.324138286621142,39.1332869644599,10.494075457158637,22.656635626495817
43.10213254946567,45.32132979985533,1.7629575245319318,33.48233659421139
56.709373262987874,6.474961363202492,2.2766459123811913,50.61959235642633
10.29940920942366,38.25663527847591,3.7157860956773803,42.92958096428848
45.96959866072087,72.05071410138581,2.250685926451319,34.991257549506194
74.99017216368898,11.516593617767596,6.89182515707685,26.05903985949636
77.13813950795846,14.179077197834806,6.7161764457776965,29.63446158045529
93.18436923120296,24.455591714534364,4.029496285557871,35.76570597730926
103.48727557587553,12.391533600877208,9.551485183349364,20.889773059744034
18.809523438481108,10.84242332767399,7.77473673181432,46.98381413478276
8.134987190428294,47.54888492376118,3.120931818354145,41.488094297827296
27.89368378300366,7.5625990087852895,4.82105920283762,49.775708334725635
99.77565636068964,26.198392236924054,18.449274844585155,10.51758142264902
41.09300296451781,21.65472288163952,0.4616037559283548,52.547786608140086
87.30070998785607,28.258664881985013,3.1558195278569494,31.053083056192396
23.490216072434077,77.72047043722404,14.277446893842768,18.88240143098897
116.31478293998225,48.9214745199875,20.30367628686555,3.801541618515752
38.01449115610675,3.822221141119908,7.9241209236017,45.84799926852686
0.541882574014918,8.904174132861076,6.778800225144709,53.295947687117014
36.64007723831253,6.846795492634275,3.016665391079905,51.706028895946815
44.90152744749935,7.040015255881285,5.401299432781335,47.534712390803705
45.68942219366296,23.96858242271093,4.381345876098771,39.86236626956971
4.234417093765341,3.522128014259968,18.8887605795478,42.715487463779596
33.3423695652829,8.170507656293303,6.130305100718603,45.11942162917291
18.154114819931756,16.136045829587413,0.626378135895238,56.66323044562344
40.93701147420254,28.903054830704452,27.961401496232597,15.669522357326292
34.361717173034144,46.34887963781743,2.7753065629671783,41.72731503231681
2.194997132150256,18.738165220197743,16.306784803577784,34.65721812706318
38.24049004514977,63.182346905049904,6.436893608202727,30.708972581360204
39.728913935009516,3.6411449006624435,2.9189408745632903,55.211047683372655
149.66832779346797,9.783320911654817,11.676591525010815,19.026373791436097
20.547127617505495,38.016045871384264,7.047270119928805,36.86505383262514
34.350963325162134,10.37076679722385,3.4638301284599757,51.975180907300995
29.563771787246463,0.48261041794666615,1.1927831557551594,61.56839947920324
73.09416645987444,6.358988470159546,27.780142715118338,17.182175729014677
48.82282647177051,58.03067108333461,3.9861159943601434,33.377488326579936
6.3856741817617415,0.98108940101366,7.827473791912315,52.211104783623604
30.912738576514798,13.962903829020625,8.937492344158262,40.694931489422316
4.419247349225936,11.233782918238655,21.937395052984144,34.96973126743607
21.67913963163072,8.878330382894767,7.901646477729583,46.29344986234195
31.87012406046108,35.41004250923315,7.036172740688699,29.523434359292953
114.52777553235629,21.200697566432034,10.71290827005758,14.570349706504876
127.9531681823933,5.618750954433938,1.088211399020822,41.51741835761996
45.460106810324355,8.177287650040965,4.570562012448279,48.7792719326898
148.26882395913256,21.17530088472709,3.391596058193201,37.73401109084241
102.54319983096423,0.8296907556250371,0.6511364641436659,49.28137101716355
85.95431445200035,17.207116759200197,3.96241322951688,36.12260064165633
136.24341301411567,20.51568483547592,7.136186445688712,26.5341980302909
5.222725905007569,18.152651709235464,0.0814000207141401,61.44377175247577
16.705232604328163,18.91556970224863,28.41715552951346,27.397231657137354
138.91193557274428,21.864411917955017,22.629582555236677,10.345131422566247
27.323818051268823,3.9559815668553377,15.120017855285262,34.23262397315785
105.88408709546664,1.3424296984843571,5.239845552311105,41.20974154893576
50.04102894391749,68.78204351749594,7.768829951913274,24.040206795971145
48.301072956510424,31.86858222823554,0.7241591835937058,38.057049203110004
40.24834169408427,5.67815913979664,2.1780145207837585,52.321603352955215
1.7971136898371043,6.5612016740960035,26.381218413348375,40.18261268014511
32.45769824154364,0.1413026210296181,15.815759889047623,35.152335262335605
16.476520688699836,4.314644851231803,0.5652703413950899,67.2877460058085
136.1232227260386,29.41233604905665,8.923418502077217,14.420063988890703
29.15954021385488,23.97983716146304,17.35176697712096,23.982141734520514
30.147143823973078,14.515494012058843,19.173298748823697,23.80698410377755
12.180739599109714,12.599144495634837,5.215961125308579,48.461149454704376
39.46464241598428,14.766380665216024,5.490409005948988,46.184509311750894
114.72222833978554,4.330090768997802,3.6181021001888674,39.7541548601466
23.722658992226165,5.612012530818208,25.730688865765813,38.78121807079095
19.363720571242066,54.539081874682935,5.80160317276603,37.29104081268119
149.42879857610592,4.232155256819736,11.406289000255828,31.042535900071123
82.23384580809437,77.42504283009869,1.5713126945176086,24.584693947900853
10.587293102620976,18.115783422484842,12.945874597374612,32.65165767301785
68.55259752577192,33.24840827049235,5.0779561497859556,28.491701485203084
33.249245173799764,40.14566248112195,12.644732272746396,12.79980859076365
0.49553477455768213,18.773209837918056,22.846753123825682,33.20620904909881
31.72912087751519,19.89933108880753,11.37674825685467,27.39760472947225
112.25493962131138,79.48825612445492,27.459021191833493,0.0
44.77814240659194,0.21936887654794568,1.817984729471636,55.73901725152847
108.57782709310476,21.45034143920817,8.610328988998049,18.288557625711775
16.768580310873123,23.105942520353324,5.831723416783048,42.05847283037755
29.511533343454353,21.214691425771953,10.284195892244625,31.467240868097782
21.218601302681734,13.203501431843842,1.5511673150670306,54.634207216749076
47.53035734687781,13.433370621076943,1.1608705370023857,49.18914592655897
78.25408636624437,6.8328089663429905,3.5659889845445774,41.75671998592994
9.328502944301793,60.35103190484871,24.702569349686993,22.375872367226652
6.673998620797189,77.3668132971979,4.250438415729551,41.69241971659711
46.72165193767207,8.447535644376577,4.758161338217257,47.76848335010107
6.483948911211767,2.285413727862942,26.102968055226107,40.262991029181045
23.315487807008505,50.58816233489648,11.190267682718277,25.515354360092115
32.4382693079693,64.82420319847218,5.013519217802862,30.83225438519158
16.872713948211448,61.430439341793694,22.032416904222067,17.541485567665717
124.16030197372086,4.917160853171534,29.531777015227902,17.38610761923562
6.34120112752094,0.27998263139260293,17.43421621355149,39.361394703339855
36.620052452918955,0.18049867509294382,6.774137596213309,49.99512380805548
108.58630505279216,72.24711032504646,2.6346992955752055,26.52854003779819
114.70701662588739,20.78541554825778,2.867595577068509,35.80910065144915
22.486992122527,4.89246348257599,3.8668053071110657,54.24855090130707
67.35721441514397,24.20745786650423,4.333672198991352,34.76052399767162
19.693220282707923,15.798324071286112,3.9561244041777455,48.7020970832974
107.05614046246065,10.812084396816497,7.955820621660982,24.69485990851811
40.787269031306046,7.358704162884452,17.309846731527237,27.874153194673738
90.41098477429571,14.898170302918345,0.2667495828716673,40.911063192051735
23.81678666505494,13.215745938415482,1.7702140429778659,53.673585890579886
31.53176474915402,10.294550687144365,4.8749096921940325,47.122072583778056
16.951489552435035,65.76807334254565,0.905717412879163,47.58764427684204
36.75355219019429,38.36003195019074,1.7178680190738271,40.31934181188953
112.4943770407832,22.932578636601264,9.298587638049305,20.664863860543075
5.969050566909839,47.38347072011003,4.984568267220153,39.81820067332525
21.76981616998757,73.24372895485291,5.66043533583006,32.74425185717924
18.713539787806017,12.324810727613295,17.960059859660518,33.68452370184855
41.13287342402137,77.32730336405871,14.218409213004211,11.74133543895763
9.977122546457256,21.087062320357145,4.924920875110309,45.63917732621553
33.924998414631894,21.790919263001378,28.53262306117428,19.481398725931165
0.5853305365452033,1.576879358574168,2.9152376490898986,63.254081900676155
67.21942674257542,19.13580541861929,6.739633634980116,31.76307163747316
24.250899376202064,3.2548614967591676,2.4317622077680436,56.94424265670268
97.34349335940487,58.891102220651305,0.6987233129115547,25.00346020969882
28.615759281503827,53.072257879546726,0.5815360473503715,35.914860750284774
20.266268032347668,20.68614339949033,3.606555291669407,48.319956199495756
102.00826832165839,27.46720849019622,0.20547900243768158,35.20312153910419
10.495279654779289,7.402052228386258,3.166030801788761,55.579169730915645
54.97810015230438,70.59274594658703,5.820277251923286,28.56558072947108
5.7384435934608735,38.73075510170665,7.912591810942778,32.01075262621846
74.56315740488145,10.376953225194976,12.557892404701029,26.233284084519042
39.565535715633345,7.30725431773133,4.600685647138983,54.95966193133505
6.343641403154665,4.023887186418229,10.245344277427307,48.81466773634824
29.109937329705694,19.421508172457035,0.12470067820291142,54.604728777955174
43.85452905090945,23.338107817915766,4.872529354035986,40.095315312855895
121.95584132654349,15.963126154791615,7.901593542088661,24.29601678341947
23.03363958274966,5.161067303226724,0.5870271179502078,58.38288015373707
33.69971040728652,10.42638090581764,0.42764411186558693,51.74489371008263
120.44936364116847,0.42805214492904753,5.794356057530631,38.774049445763076
3.4220354621313067,22.690773833367675,2.8333574281620573,52.34290845599911
12.94521373965698,20.77818041794364,6.000272783575231,45.15458532655408
7.6052141611136435,18.607023482354105,2.875867614617701,56.69392957071516
128.73488484097072,12.042495950308524,5.916451000794435,30.86010388510121
80.88608992364632,11.606660507148492,5.545057401548809,29.379234553918522
114.02509149522763,2.4018993909589033,28.39225523094958,17.165194006027946
48.440734528890225,69.15765048186503,2.553631486604246,30.09569153752829
142.9020885716801,6.060470347180272,5.604973841277555,35.04199129185088
53.78201365520353,18.34702433184355,25.420209860495866,19.77608123759576
124.97257467835433,17.76668114857088,27.20334489322333,14.801980530264183
109.60301609498012,49.473166120429866,4.840045758268339,20.73668016953808
44.22934441148069,35.53772223264327,1.8362630733772844,38.607138419631085
36.297783943511966,14.373837330741035,9.24111619852201,36.18075089028912
99.0613575898199,74.34392071551882,4.228467699469453,19.520736539789617
53.11749091119212,22.634329706560685,3.5866907316654446,40.62212997129846
119.56407534454081,12.134309280113762,0.763227473641269,41.06105171422776
94.81708470213185,14.433543129909257,7.057598228939758,32.68700934208057
42.3257169345139,62.60198869567287,5.265398076110323,26.682380162131928
28.158219422697744,33.53014834490513,0.776554625239493,39.37635312072979
19.966629009961128,35.36161403219656,6.942623309850956,30.868593696635156
2.4502322485636774,62.60541828017847,3.9301060486496944,42.31816397169904
15.389791584037283,23.913193726950226,4.23035689442999,46.23653443168996
119.80743384786489,42.66485924321052,10.17888730052735,9.037579954405476
57.85362427927987,23.44568017480958,27.598730521902024,16.383360509031306
3.2854319714176183,0.7605578598321061,2.886403146073354,63.78462204446714
45.08809960677117,56.36364687210697,3.7716507270463815,29.959022878476766
20.9635830583011,61.947499949922644,19.152506274711662,15.451302942263473
13.740301777406804,6.0942373270681856,23.012752015642242,36.214414283185064
23.548012621736675,4.875755794728859,3.696676836999174,60.403482578229315
36.783155711959495,17.620604134767905,0.8431477916069063,51.66464025024644
84.61072407823951,18.267672109072155,2.611595534010955,35.021281405511225
44.30467176566041,14.548430349850832,7.126491310393968,38.121559114921716
6.65910628337617,4.3602635804103755,2.3279161204193617,64.33283101779875
111.4903014566936,78.45481254584189,0.4216167566993354,28.59102164441985
48.28194876334002,6.497911846443091,7.789447635185652,42.91289400834997
3.1453738009011967,23.190355878701414,24.46115881153028,26.709459213327975
96.05660075622558,12.212958848270656,12.702568360588629,20.651301596503274
5.64202722584422,8.15462653194773,4.841158283562349,54.82540606064437
94.91234139302509,19.724429696307343,6.898732895711009,25.74992367115634
11.830489135375366,39.83443522453963,7.623100903078877,34.649276589277704
8.664716003542289,17.95900547285954,3.122375059017682,52.18274870651963
111.37079695437473,11.76262697480818,4.420558015215656,28.8946731951335
112.20294792520093,26.22213517359661,5.593466999922363,25.63809690988802
36.14196019501061,22.722186009661698,2.8419428880828415,48.564235544045225
6.535866179487865,53.037332042447694,11.76894658432156,25.912263962017956
117.73039592981411,50.49258613919518,4.674701088648975,20.147302123027085
37.078305423341476,33.62231905342512,3.2674934151364523,35.759806728923486
43.40283450537252,65.36065656818008,2.1204338559110987,36.927969366316546
144.3020709645736,11.59329339828302,5.647806200999225,35.739001078832835
36.574823202156956,5.405822359774781,5.9840291917509525,47.4329472297265
43.52634831346921,5.541596077184707,0.9434655591613961,55.60570426131146
18.81297927654579,3.708479517992827,6.6567065414466455,49.69495661190649
7.945408383467678,2.0347579158245725,5.293474849893319,59.44065987444168
91.4846850301595,21.92146457565429,0.49158332835407137,39.52992937648212
6.018178810499303,21.89834813613312,6.681997632129869,44.862885564157224
46.97494707820945,20.953729134408924,6.5162956869007385,33.81559533293897
16.96526336547837,16.079465421747393,1.238879980172654,53.80277983279176
17.84429875855551,20.845232721821542,1.9526400836998867,55.17616203611484
108.51947853928539,54.006643274831596,3.703789321165698,23.184113075507014
40.86526561066184,24.117138911171043,7.260050794123172,33.92896057644227
49.89104278409891,17.466424502031003,9.364459149874454,29.888945435787914
76.82760204535566,14.328198081814117,5.801273210398637,33.81861147879004
12.014956172518337,24.021389419619492,4.551705087402344,46.86385032757303
29.64754257174637,2.4062645809431404,5.844001343132818,54.193679450910246
118.40248616920718,18.534874306993743,4.8776146572123515,35.06731524162566
30.29484075897415,40.44135729104877,4.065479066294962,34.92197574184406
27.908559194522038,16.389848781120982,2.740890963691787,47.3606679921431
137.6313969915509,20.75347255691634,4.175326965458549,30.30927836254511
19.254886430096263,0.10063197134926871,4.0977844595803115,60.2972312409573
12.663619176135754,2.2078180304644452,5.979540202564473,57.18968247417084
111.5214896596914,52.47592711271295,3.542034286004946,21.966244843730937
75.22231342306188,11.495560772729474,25.409491070697754,19.503129867063194
117.2262939932566,5.061554590970784,11.195744516246277,24.60054949118148
22.415952768471108,59.118857372446875,2.0105193436700413,37.934346153046384
52.46972976861113,76.10869033837247,2.93448075804375,33.77488577914089
124.93153551424344,19.2296697498982,5.548688658113336,27.0563853181238
8.584695385272479,8.136724716915566,27.072812316093366,33.84544863692878
42.0811003771387,22.98574001396019,29.38637001381715,18.645619030634982
24.14844360426776,30.860958605757844,1.8429413073985286,44.66201446983889
30.17465480216893,0.6692646425781962,0.787438951914722,62.49722778171153
10.014100893381295,32.99825725024919,18.89835598029157,23.960099629000624
88.14088099031234,30.77447063188243,26.18877680364035,7.241492972500733
88.7050011934887,12.099768758313498,3.987203405296153,37.54059040323857
8.982560897767094,7.927060434823765,0.9819275716718625,63.868679727088015
12.971171671564624,64.3961881767761,5.400415346335903,33.185133114501134
30.592644736118974,32.28744259464576,19.703680900506008,19.240488483888303
59.473891477934416,3.438802786878492,3.513835817353507,50.61533345110904
44.72761134470457,44.7355733802911,12.477763794249404,16.812662812536782
30.771445751646333,21.338755698957918,23.296659634995148,24.368255844969372
90.68092913568495,16.002259914654253,3.9290631185638727,32.880871242110665
83.56092442409013,5.091216028081935,1.7503099664606676,47.38847093696626
43.39898133654515,8.355382334268995,5.216866724127493,44.2555355145169
5.960522142028668,8.070362442846083,5.128690271677267,60.62920421080086
111.78131945892864,18.877349182453663,5.95264355284048,30.035035017252163
15.048315981581084,63.15493338043432,6.379415443065461,34.22610828179978
37.37354690668783,76.66884925929031,26.184482457868388,10.546530660358357
22.51751928903964,27.481104753621665,7.565690919869269,39.54779533508599
39.93278901783183,16.340073813380663,10.255769588329311,29.96494318420861
19.666033519259436,19.806267504100454,2.5273222596450875,56.53578727417966
132.05764393338495,66.31345370050681,17.037533967975637,1.765607673838776
69.12891566965143,24.508051818195646,26.53003025792855,13.663512344131124
0.901450447945612,67.89536785079754,6.611548114198158,36.93234590787206
15.204731798564191,5.873714070834818,3.2169390851836583,57.99563078044489
38.5460922322026,4.065707407892926,2.6214381916993457,53.68764189582352
110.10826653932156,20.073246034356906,7.779253557682539,20.8759247564068
48.348425730915764,11.97601814186534,16.907043732787187,26.490638693210343
42.61319371955907,69.7825030440189,12.76581792681897,11.350610790742252
20.559874444127292,6.011139091897732,5.630988264759598,54.17212436860924
50.07895110932188,10.608453494906891,4.000058874527058,41.96871993293061
47.543178112520515,7.990453137701781,2.5738921305036984,48.3289808597136
99.32474930259858,19.262233962532406,6.182451259269249,29.169100303740695
6.830045182558631,8.811569609980996,2.9780691351580177,62.055983570323875
70.03398210964423,1.2930220638663363,21.455399381489855,28.81373125131028
22.803499210851797,22.330164713771048,4.890690775623624,38.62532826435512
42.93724842647901,42.581820917902434,1.8664183004663313,33.775689041399474
108.30186474441363,71.70922445748056,5.1854364661229875,18.21703932971296
9.286653600259282,5.289320162232558,5.907400809943066,54.9829950301647
41.322873305387084,41.080492138164004,2.572397664101697,33.19064573688332
39.86476828897768,21.26132294459476,9.868541878973291,32.63457153625271
43.57070170954272,42.1700769251831,27.42058378141075,9.22417036343514
70.68371106166084,41.07910833183333,6.521935528556488,21.352977197014965
100.1350993633746,29.139168071951318,15.530956421369737,4.1446562658382335
33.95333022478187,74.83107006770685,9.284632369334531,22.834778542075433
14.665430539028234,1.5192317099060215,2.3438377640354613,63.915453912907005
18.10908013970758,0.9951420805521832,1.2872422717080028,61.505199696328546
46.71520570837451,10.276064135523264,7.67514889955056,40.11619691510864
21.000550214783143,2.175839127288856,27.051045242787104,36.77049687289834
27.83814465069649,0.4608552425185486,15.774357512508427,36.20608809998827
138.1105148356566,18.794973612967713,5.1453903627147355,27.52180295247954
135.1484449313994,21.557630914416766,3.47142151570006,34.22425495823498
38.32575247662923,7.361602471029006,2.408208696333591,50.166530628849564
13.67372576874899,12.58070863465294,7.873413143159056,46.386883947479404
113.17748436527555,10.06137945697424,4.122236992896683,37.05812050226486
19.009780939292853,19.341983661981267,4.544373134300122,47.41012174259942
110.60138319360813,16.666186642481936,12.011243055964593,19.220739750114813
110.77627687434244,2.0804425685017613,6.289998625989822,37.16937876046394
35.11293830158321,34.083179166048595,5.129225030881252,35.758637419590656
44.55700458967547,27.390761962804316,5.309191916032308,36.50174510313412
13.554812688203288,7.437837627844446,5.945898022232675,51.02152204463888
3.59533586582228,18.561439105338913,7.74458624690994,49.89811905228377
61.56752236481165,14.774998977148845,2.6354779067060807,40.90628580419696
78.81521357774031,74.30668999533731,9.287698264058287,15.682837935305594
2.564692449060779,66.02750398471997,0.836194172514495,48.97010685075988
0.4549090640387998,13.573748448702819,9.269250872754967,44.99852672104923
15.25498434097633,7.44625028215257,5.60794315191319,53.57294893530804
52.95419686114933,24.81967545658966,2.883675096854013,41.322617554640395
31.718184443584356,7.248958045094669,5.554354225143569,51.82103277575661
36.893475928076505,7.846984337094123,3.8036507692961923,48.7532958257581
15.197125612751366,42.65608958029948,1.7551736845086081,46.87797321706122
113.3849818735324,70.26226760122188,20.36446601069212,0.5964631210691719
63.5418849817828,7.802297897677052,18.972308150392706,18.431655601876738
16.867953917863982,38.873157049232375,3.8616803699131346,38.67353879727506
75.90351441033471,27.020050389825357,2.4121162819162683,31.58434651341511
40.285726283410895,22.988265722820813,14.781874065697485,17.9444022284651
132.3801749920538,16.81621848580928,15.76509200410546,10.582807447571092
3.3642306460757276,59.50354107339259,0.2327009487117948,52.01022950822813
107.64055514536334,67.2449447870527,26.544416275952333,4.071007019037507
70.01542112493668,4.52657247789911,3.81791899847145,41.38585620468422
107.0689661576848,7.285056657206121,5.619976934591294,39.204046537989896
37.06543541753811,5.851562314301873,8.604693018329483,39.26756171087563
31.16051865340035,2.134219483164132,5.603880080398505,48.902110405376995
18.422445995828944,11.99079890498817,3.2167419952879746,55.743396713817944
37.83232746761994,22.610633557928754,6.56447784790562,37.391396673361086
15.940866143650235,9.285848766168309,6.206046324961637,51.10457405953311
94.08551127025159,22.934049626631914,5.024436249203402,30.88051907268957
34.81443879390699,68.32398019875303,8.327993355426408,24.38208159377325
63.59327473673206,71.95697061010877,7.622602519571816,12.795933149115562
47.14548519562596,1.6033813059345814,5.974612049192753,42.577698552232555
47.04400847796021,19.913713851162463,1.997731309080021,45.53107802005814
22.541968570206606,17.987541376194148,3.284232911573728,49.09412292415652
37.11356961261434,36.97694402019598,5.961823046648582,31.102621752029027
126.99736182066009,21.81301292115455,0.840684761379543,43.22230673986492
2.0166926069225988,44.47718499912324,4.195402493936204,43.40391609994901
35.93590566311012,41.75829870474592,3.0988679176636857,34.44123127932634
37.04520280760357,75.59457515403068,10.231756934919261,20.535607368905087
118.30695751901241,75.93730613252785,14.372024532540445,0.0
30.51668916554592,14.57987904707615,2.016374877376564,47.44483627593419
13.47197231518275,2.7786956866777235,7.874090355326277,54.07300019432118
3.0071171300392607,8.452773018403303,15.576245960917568,41.37222140303622
82.81471805150687,54.17258783864719,6.105518965755958,14.374226826071506
40.3417369633632,9.206569746797829,0.7478313674130153,59.29841845344422
23.603347255499962,1.7233175531022271,11.21428799066465,45.027473075413205
5.331180946829894,76.30466082336412,6.227814632929895,43.8677669126474
14.36106046025754,71.52790739827756,7.104909241443017,34.21438047187321
44.084530592175405,25.669258996011823,3.1056887971448157,41.97359335478827
144.26097101586555,17.320209846227513,4.457385332439524,29.960939468792116
45.461010293078004,20.962563133090924,3.1372532419298302,40.08220729454759
37.195259365107596,21.56685175829723,6.335171613294465,40.718776322455184
109.50463449237611,11.74505189244199,0.6802596280154978,43.910504462911426
62.3463573730736,22.974483137509964,0.5973834415845003,43.573678283364906
85.02723706693276,12.731131262571878,0.6301561113192102,40.40788607186639
44.26194393537826,20.687023993925152,2.5734723733362754,43.48132877105048
42.748700978073714,21.4376434989314,17.45685903838483,16.581516143739186
29.31177493903808,17.703792193515028,27.785358048128973,25.81712341037091
38.9910442005034,11.279100092189898,4.997881616983702,40.424267438062984
48.3279219690272,38.8940703330976,0.135446002061264,37.36954692697521
2.6412946954301244,78.20622932150313,0.4909834385078309,50.89117183790727
12.641870034514463,22.822399507655852,17.21972766099845,25.88029136584109
74.17645074796816,23.079400711408248,13.038570065614298,11.45802398477197
107.31492479812457,2.5393636058845344,5.675023442479113,40.741928102130395
38.83992186043154,0.9783063620964844,0.654915231958765,61.40202675724047
86.37255211356842,48.333048491240035,1.4572652886322368,23.451643534007204
117.51298858444197,72.93784330233586,11.720067052935416,6.9067569800264526
42.85896284993765,13.485454818836676,2.7843115473723117,47.72164225908906
11.942258020180347,31.828810260129593,2.6116061633400243,46.44563661400053
36.6807190280701,1.9786167069552358,4.294472682219649,50.017236080723244
1.972976644544966,22.160901383884763,26.17133328638031,31.63538930164923
53.29769436825934,9.574175276607832,1.3405032884789483,46.021654601490795
27.333863244865586,79.44642233046497,2.324075302225512,41.77483561951698
23.842173415890855,19.732511227703753,0.4888566277514643,51.637808427433235
95.42707243604252,8.473405498425656,6.178557546990021,32.62534777230568
1.0518451230234316,64.28449045520168,1.0515681331856994,48.419140466646084
30.09617155075658,30.67598965482098,5.7685208584230985,33.892486704224844
121.6476262642167,20.118426619173512,7.5111279957224575,24.02387706637199
39.71053312747027,11.447735174117884,6.420338057258733,42.680462688868715
12.724066580913012,15.28585591848685,4.908474438492111,47.73653535236578
34.73482354272134,10.183373012581518,5.868646311087505,45.58789573540897
40.44292695167827,42.23758224207937,0.8222846284583714,38.695660601644875
80.26403406368146,76.04967664864293,12.231312132068492,8.353639406640436
35.19285458171656,19.082701929503244,2.548835450771942,48.45945828901842
86.90177324111727,19.612753391938828,0.15159324275847563,35.25122663611572
7.1640729351320545,54.78100550771979,2.0261671653397615,42.439560516868006
16.867277338454635,15.451070302043894,3.4171514008798267,51.96030857898182
18.662589581467003,14.933732524446327,6.896246994348078,43.766327458621795
51.496119825630075,48.59109824593046,20.049048137837552,6.416341468795201
19.340362102594,12.943516427611556,3.014074746609202,53.34511310961896
44.085448481929234,2.750531074786916,0.8276662696396242,59.61603159156392
136.10629364797194,19.31316057906486,18.880832557004737,10.036865698097294
10.535248193360157,12.278524228366553,15.7744514254479,39.87776220515112
28.447774164092536,72.8632912035851,6.204545182475454,33.53354769902798
16.580842455391696,19.353366467685678,22.70623561371575,20.106228877270084
18.6344258506157,20.52696443617125,22.2371389452624,23.7094258046919
42.91708383995604,12.2332707906059,2.174350020989399,48.91238135020168
43.22014935971988,4.6604213802546175,5.083196459832898,46.97449359172661
49.33150614794234,20.227580420576153,4.050892477044067,39.94381038505019
27.852025663751757,65.49306781933149,0.4792974070470466,45.182236361566616
103.89808744501205,32.587305575759636,4.236838832527689,22.13158779965098
115.61460918474422,2.0790433283116223,4.774305840115521,40.78790650913894
36.871304288533864,66.14664400610096,0.34690640134581585,37.95018883820269
48.79326279095657,12.874560092395146,6.11641171416392,41.61415376181964
24.4088837655407,1.193344741968902,1.6849323079428942,62.101255157443546
54.006908634826665,33.968622704803494,4.831991431963532,31.692862382197244
16.720058949437433,9.82019292381347,7.510172888115118,49.47377878209262
49.280036697640014,20.45530003426158,6.017621727603266,35.00326661164037
67.11847438351253,26.05194928430517,6.918647461637061,27.90832735868715
25.01797231077803,44.592478811915655,26.62764469131542,9.01881932290097
8.34301008493764,11.375275807673932,2.3316131811632594,55.72382804892894
71.97227501103968,2.76857800477964,5.637118555525758,40.879231753396624
123.44870403224036,21.228415904028054,18.562706387618277,12.044150886141235
22.844403586863343,79.40061079966257,20.277061307406882,17.45931024776317
10.4529686853423,17.167916490121215,7.810172803496319,46.91858687314217
83.7237750835842,23.150185440081266,6.348215613395869,23.694209968067767
46.26241587078329,59.241816962171434,14.393071530991364,9.713972587330217
3.252579649263976,16.394432544604502,18.02428066175755,34.916852308467455
33.77933867837194,22.182275044433236,6.527236691051655,41.64033924453478
51.852457674595584,1.7751695055647136,29.989193504603037,27.838399408648527
27.063505547083906,20.954398017143465,10.13751435605818,37.478701911386665
40.413410560813915,14.717224358400403,3.171249229805249,43.675356633251056
